article_batch_name,article_number,article_filename,article_sha256,article_text_length,tua_group_uuid,tua_group_name,tua_batch_uuid,tua_batch_name,tua_batch_final,source_task_uuid,tua_uuid,namespace,topic_name,case_number,answer_uuid,extra,highlight_count,start_pos,end_pos,target_text
CovidArticles/Covid_article_for_PE_S&S&S.txt,100059,Covid_article_for_PE_S&S&S.txt,4b537e0ed21179a29ed28da28057d338e67330ae12123ccceba6724f35bd68a4,6794,3113cf9a-d876-49a7-845d-36472205d2a9,Covid_Semantics1.0.adjudicated,1acf032f-f07a-47ab-b1fc-670abb5ee7e6,Adjudicator Nick Adams HLTR source task 867 article number 100059 project 185,True,d6c2b15c-991a-4599-a3b5-f51c6b30bee0,a723537a-f11a-41dd-bf5b-668cef67a5de,Semantics2020_03,Evidence,1,,{},5,1023,1106,Research on the psychological toll of social distancing during epidemics is limited
CovidArticles/Covid_article_for_PE_S&S&S.txt,100059,Covid_article_for_PE_S&S&S.txt,4b537e0ed21179a29ed28da28057d338e67330ae12123ccceba6724f35bd68a4,6794,3113cf9a-d876-49a7-845d-36472205d2a9,Covid_Semantics1.0.adjudicated,1acf032f-f07a-47ab-b1fc-670abb5ee7e6,Adjudicator Nick Adams HLTR source task 867 article number 100059 project 185,True,d6c2b15c-991a-4599-a3b5-f51c6b30bee0,a723537a-f11a-41dd-bf5b-668cef67a5de,Semantics2020_03,Evidence,1,,{},5,1165,1399,"Researchers evaluated 24 studies looking at the psychological outcomes of people who were quarantined, an extreme form of social distancing, during outbreaks of SARS, H1N1 flu, Ebola and other infectious diseases since the early 2000s"
CovidArticles/Covid_article_for_PE_S&S&S.txt,100059,Covid_article_for_PE_S&S&S.txt,4b537e0ed21179a29ed28da28057d338e67330ae12123ccceba6724f35bd68a4,6794,3113cf9a-d876-49a7-845d-36472205d2a9,Covid_Semantics1.0.adjudicated,1acf032f-f07a-47ab-b1fc-670abb5ee7e6,Adjudicator Nick Adams HLTR source task 867 article number 100059 project 185,True,d6c2b15c-991a-4599-a3b5-f51c6b30bee0,a723537a-f11a-41dd-bf5b-668cef67a5de,Semantics2020_03,Evidence,1,,{},5,1401,1937,"Many\xa0quarantined individuals experienced both short- and long-term mental health problems, including stress, insomnia, emotional exhaustion and substance abuse. For instance, one study compared quarantined versus non-quarantined individuals during an equine influenza outbreak. Of 2,760 quarantined people, 34 percent, or 938 individuals, reported high levels of psychological distress, which can indicate mental health problems such as anxiety and depression, during the outbreak compared with 12 percent of non-quarantined individuals"
CovidArticles/Covid_article_for_PE_S&S&S.txt,100059,Covid_article_for_PE_S&S&S.txt,4b537e0ed21179a29ed28da28057d338e67330ae12123ccceba6724f35bd68a4,6794,3113cf9a-d876-49a7-845d-36472205d2a9,Covid_Semantics1.0.adjudicated,1acf032f-f07a-47ab-b1fc-670abb5ee7e6,Adjudicator Nick Adams HLTR source task 867 article number 100059 project 185,True,d6c2b15c-991a-4599-a3b5-f51c6b30bee0,a723537a-f11a-41dd-bf5b-668cef67a5de,Semantics2020_03,Evidence,1,,{},5,7,57,Social distancing comes with psychological fallout
CovidArticles/Covid_article_for_PE_S&S&S.txt,100059,Covid_article_for_PE_S&S&S.txt,4b537e0ed21179a29ed28da28057d338e67330ae12123ccceba6724f35bd68a4,6794,3113cf9a-d876-49a7-845d-36472205d2a9,Covid_Semantics1.0.adjudicated,1acf032f-f07a-47ab-b1fc-670abb5ee7e6,Adjudicator Nick Adams HLTR source task 867 article number 100059 project 185,True,d6c2b15c-991a-4599-a3b5-f51c6b30bee0,a723537a-f11a-41dd-bf5b-668cef67a5de,Semantics2020_03,Evidence,1,,{},5,7,57,Social distancing comes with psychological fallout
