article_batch_name,article_number,article_filename,article_sha256,article_text_length,tua_group_uuid,tua_group_name,tua_batch_uuid,tua_batch_name,tua_batch_final,source_task_uuid,tua_uuid,namespace,topic_name,case_number,answer_uuid,extra,highlight_count,start_pos,end_pos,target_text
CovidArticles/Covid_article_for_PE_S&S&S.txt,100059,Covid_article_for_PE_S&S&S.txt,4b537e0ed21179a29ed28da28057d338e67330ae12123ccceba6724f35bd68a4,6794,3113cf9a-d876-49a7-845d-36472205d2a9,Covid_Semantics1.0.adjudicated,1acf032f-f07a-47ab-b1fc-670abb5ee7e6,Adjudicator Nick Adams HLTR source task 867 article number 100059 project 185,True,d6c2b15c-991a-4599-a3b5-f51c6b30bee0,eca1ef3c-6ae6-4332-8abf-5c2ef1ced91a,Semantics2020_03,Probability,5,,{},5,5401,5406,could
CovidArticles/Covid_article_for_PE_S&S&S.txt,100059,Covid_article_for_PE_S&S&S.txt,4b537e0ed21179a29ed28da28057d338e67330ae12123ccceba6724f35bd68a4,6794,3113cf9a-d876-49a7-845d-36472205d2a9,Covid_Semantics1.0.adjudicated,1acf032f-f07a-47ab-b1fc-670abb5ee7e6,Adjudicator Nick Adams HLTR source task 867 article number 100059 project 185,True,d6c2b15c-991a-4599-a3b5-f51c6b30bee0,eca1ef3c-6ae6-4332-8abf-5c2ef1ced91a,Semantics2020_03,Probability,5,,{},5,5467,5492,Limited research suggests
CovidArticles/Covid_article_for_PE_S&S&S.txt,100059,Covid_article_for_PE_S&S&S.txt,4b537e0ed21179a29ed28da28057d338e67330ae12123ccceba6724f35bd68a4,6794,3113cf9a-d876-49a7-845d-36472205d2a9,Covid_Semantics1.0.adjudicated,1acf032f-f07a-47ab-b1fc-670abb5ee7e6,Adjudicator Nick Adams HLTR source task 867 article number 100059 project 185,True,d6c2b15c-991a-4599-a3b5-f51c6b30bee0,eca1ef3c-6ae6-4332-8abf-5c2ef1ced91a,Semantics2020_03,Probability,5,,{},5,5633,5639,doubts
CovidArticles/Covid_article_for_PE_S&S&S.txt,100059,Covid_article_for_PE_S&S&S.txt,4b537e0ed21179a29ed28da28057d338e67330ae12123ccceba6724f35bd68a4,6794,3113cf9a-d876-49a7-845d-36472205d2a9,Covid_Semantics1.0.adjudicated,1acf032f-f07a-47ab-b1fc-670abb5ee7e6,Adjudicator Nick Adams HLTR source task 867 article number 100059 project 185,True,d6c2b15c-991a-4599-a3b5-f51c6b30bee0,eca1ef3c-6ae6-4332-8abf-5c2ef1ced91a,Semantics2020_03,Probability,5,,{},5,5645,5659,can substitute
CovidArticles/Covid_article_for_PE_S&S&S.txt,100059,Covid_article_for_PE_S&S&S.txt,4b537e0ed21179a29ed28da28057d338e67330ae12123ccceba6724f35bd68a4,6794,3113cf9a-d876-49a7-845d-36472205d2a9,Covid_Semantics1.0.adjudicated,1acf032f-f07a-47ab-b1fc-670abb5ee7e6,Adjudicator Nick Adams HLTR source task 867 article number 100059 project 185,True,d6c2b15c-991a-4599-a3b5-f51c6b30bee0,eca1ef3c-6ae6-4332-8abf-5c2ef1ced91a,Semantics2020_03,Probability,5,,{},5,5755,5768,"I don\u2019t think"
