,article_batch_name,article_number,article_filename,article_sha256,article_text_length,tua_group_uuid,tua_group_name,tua_batch_uuid,tua_batch_name,tua_batch_final,source_task_uuid,tua_uuid,namespace,topic_name,case_number,answer_uuid,extra,highlight_count,start_pos,end_pos,target_text,question_Number,agreed_Answer,schema_sha256,agreement_score,highlighted_indices,alpha_unitizing_score
0,CovidArticles/Covid_article_for_PE_S&S&S.txt,100059,Covid_article_for_PE_S&S&S.txt,4b537e0ed21179a29ed28da28057d338e67330ae12123ccceba6724f35bd68a4,6794,496f1cfe-cc73-45fe-bc74-d23a8668713f,Covid_Probabilityv1.IAA,6a27d520-5beb-4dc7-8500-0f68ff73d8fd,tua_csv/2020/06/Adj_S_IAA_Covid_Probabilityv1-Task-2231-DataHunt.csv.gz,True,615235b3-4ead-45c6-9666-2d9b5df2ae79,24d551a3-8e6d-48dc-8c19-6dee8ec94cb1,Covid_Probability,3adf818c,0,3adf818c-86cd-457b-8a4e-3d737aa3a659,"{""answer_text_list"": [""Yes, explicitly"", ""Yes, explicitly"", ""Yes, explicitly""]}",3,2238,2272,Certain factors increased the risk,5,1,d5f24573a7077ee3ebb203ca64f955a8c5d5a6c6b25aa65e1bfa6fa71d1311f2,0.8,"[2238, 2239, 2240, 2241, 2242, 2243, 2244, 2245, 2246, 2247, 2248, 2249, 2250, 2251, 2252, 2253, 2254, 2255, 2256, 2257, 2258, 2259, 2260, 2261, 2262, 2263, 2264, 2265, 2266, 2267, 2268, 2269, 2270, 2271, 2272]",N/A
1,CovidArticles/Covid_article_for_PE_S&S&S.txt,100059,Covid_article_for_PE_S&S&S.txt,4b537e0ed21179a29ed28da28057d338e67330ae12123ccceba6724f35bd68a4,6794,496f1cfe-cc73-45fe-bc74-d23a8668713f,Covid_Probabilityv1.IAA,6a27d520-5beb-4dc7-8500-0f68ff73d8fd,tua_csv/2020/06/Adj_S_IAA_Covid_Probabilityv1-Task-2231-DataHunt.csv.gz,True,615235b3-4ead-45c6-9666-2d9b5df2ae79,24d551a3-8e6d-48dc-8c19-6dee8ec94cb1,Covid_Probability,3adf818c,0,3adf818c-86cd-457b-8a4e-3d737aa3a659,"{""answer_text_list"": [""Yes, explicitly"", ""Yes, explicitly"", ""Yes, explicitly""]}",3,2536,2584,Mitigating those risks can reduce the likelihood,5,1,d5f24573a7077ee3ebb203ca64f955a8c5d5a6c6b25aa65e1bfa6fa71d1311f2,0.8,"[2536, 2537, 2538, 2539, 2540, 2541, 2542, 2543, 2544, 2545, 2546, 2547, 2548, 2549, 2550, 2551, 2552, 2553, 2554, 2555, 2556, 2557, 2558, 2559, 2560, 2561, 2562, 2563, 2564, 2565, 2566, 2567, 2568, 2569, 2570, 2571, 2572, 2573, 2574, 2575, 2576, 2577, 2578, 2579, 2580, 2581, 2582, 2583, 2584]",N/A
2,CovidArticles/Covid_article_for_PE_S&S&S.txt,100059,Covid_article_for_PE_S&S&S.txt,4b537e0ed21179a29ed28da28057d338e67330ae12123ccceba6724f35bd68a4,6794,496f1cfe-cc73-45fe-bc74-d23a8668713f,Covid_Probabilityv1.IAA,6a27d520-5beb-4dc7-8500-0f68ff73d8fd,tua_csv/2020/06/Adj_S_IAA_Covid_Probabilityv1-Task-2231-DataHunt.csv.gz,True,615235b3-4ead-45c6-9666-2d9b5df2ae79,24d551a3-8e6d-48dc-8c19-6dee8ec94cb1,Covid_Probability,3adf818c,0,3adf818c-86cd-457b-8a4e-3d737aa3a659,"{""answer_text_list"": [""Yes, explicitly"", ""Yes, explicitly"", ""Yes, explicitly""]}",3,2740,2792,it need not cause serious mental health difficulties,5,1,d5f24573a7077ee3ebb203ca64f955a8c5d5a6c6b25aa65e1bfa6fa71d1311f2,0.8,"[2740, 2741, 2742, 2743, 2744, 2745, 2746, 2747, 2748, 2749, 2750, 2751, 2752, 2753, 2754, 2755, 2756, 2757, 2758, 2759, 2760, 2761, 2762, 2763, 2764, 2765, 2766, 2767, 2768, 2769, 2770, 2771, 2772, 2773, 2774, 2775, 2776, 2777, 2778, 2779, 2780, 2781, 2782, 2783, 2784, 2785, 2786, 2787, 2788, 2789, 2790, 2791, 2792]",N/A
3,CovidArticles/Covid_article_for_PE_S&S&S.txt,100059,Covid_article_for_PE_S&S&S.txt,4b537e0ed21179a29ed28da28057d338e67330ae12123ccceba6724f35bd68a4,6794,496f1cfe-cc73-45fe-bc74-d23a8668713f,Covid_Probabilityv1.IAA,6a27d520-5beb-4dc7-8500-0f68ff73d8fd,tua_csv/2020/06/Adj_S_IAA_Covid_Probabilityv1-Task-2231-DataHunt.csv.gz,True,615235b3-4ead-45c6-9666-2d9b5df2ae79,24d551a3-8e6d-48dc-8c19-6dee8ec94cb1,Covid_Probability,4b1bcfd1,0,4b1bcfd1-d43c-4de7-af2c-3840c55330f3,"{""answer_text_list"": [""3""]}",0,0,0,,13,3,d5f24573a7077ee3ebb203ca64f955a8c5d5a6c6b25aa65e1bfa6fa71d1311f2,0.8,[0],N/A
4,CovidArticles/Covid_article_for_PE_S&S&S.txt,100059,Covid_article_for_PE_S&S&S.txt,4b537e0ed21179a29ed28da28057d338e67330ae12123ccceba6724f35bd68a4,6794,496f1cfe-cc73-45fe-bc74-d23a8668713f,Covid_Probabilityv1.IAA,6a27d520-5beb-4dc7-8500-0f68ff73d8fd,tua_csv/2020/06/Adj_S_IAA_Covid_Probabilityv1-Task-2231-DataHunt.csv.gz,True,615235b3-4ead-45c6-9666-2d9b5df2ae79,24d551a3-8e6d-48dc-8c19-6dee8ec94cb1,Covid_Probability,5606d8e9,0,5606d8e9-7ace-405f-a87e-5ef9f7c2e8eb,"{""answer_text_list"": [""No, not at all""]}",0,0,0,,11,4,d5f24573a7077ee3ebb203ca64f955a8c5d5a6c6b25aa65e1bfa6fa71d1311f2,1.0,[0],N/A
5,CovidArticles/Covid_article_for_PE_S&S&S.txt,100059,Covid_article_for_PE_S&S&S.txt,4b537e0ed21179a29ed28da28057d338e67330ae12123ccceba6724f35bd68a4,6794,496f1cfe-cc73-45fe-bc74-d23a8668713f,Covid_Probabilityv1.IAA,6a27d520-5beb-4dc7-8500-0f68ff73d8fd,tua_csv/2020/06/Adj_S_IAA_Covid_Probabilityv1-Task-2231-DataHunt.csv.gz,True,615235b3-4ead-45c6-9666-2d9b5df2ae79,24d551a3-8e6d-48dc-8c19-6dee8ec94cb1,Covid_Probability,5b37eb4e,0,5b37eb4e-9b10-42c0-8954-84682bf69794,"{""answer_text_list"": [""6""]}",0,0,0,,14,6,d5f24573a7077ee3ebb203ca64f955a8c5d5a6c6b25aa65e1bfa6fa71d1311f2,0.8,[0],N/A
6,CovidArticles/Covid_article_for_PE_S&S&S.txt,100059,Covid_article_for_PE_S&S&S.txt,4b537e0ed21179a29ed28da28057d338e67330ae12123ccceba6724f35bd68a4,6794,496f1cfe-cc73-45fe-bc74-d23a8668713f,Covid_Probabilityv1.IAA,6a27d520-5beb-4dc7-8500-0f68ff73d8fd,tua_csv/2020/06/Adj_S_IAA_Covid_Probabilityv1-Task-2231-DataHunt.csv.gz,True,615235b3-4ead-45c6-9666-2d9b5df2ae79,24d551a3-8e6d-48dc-8c19-6dee8ec94cb1,Covid_Probability,93f9e87c,0,93f9e87c-fc74-48b2-9f74-523a705c0f2d,"{""answer_text_list"": [""No""]}",0,0,0,,1,3,d5f24573a7077ee3ebb203ca64f955a8c5d5a6c6b25aa65e1bfa6fa71d1311f2,1.0,[0],N/A
7,CovidArticles/Covid_article_for_PE_S&S&S.txt,100059,Covid_article_for_PE_S&S&S.txt,4b537e0ed21179a29ed28da28057d338e67330ae12123ccceba6724f35bd68a4,6794,496f1cfe-cc73-45fe-bc74-d23a8668713f,Covid_Probabilityv1.IAA,6a27d520-5beb-4dc7-8500-0f68ff73d8fd,tua_csv/2020/06/Adj_S_IAA_Covid_Probabilityv1-Task-2231-DataHunt.csv.gz,True,615235b3-4ead-45c6-9666-2d9b5df2ae79,24d551a3-8e6d-48dc-8c19-6dee8ec94cb1,Covid_Probability,9641a3b1,0,9641a3b1-9b19-46f9-b1f7-80b79bf5d6a1,"{""answer_text_list"": [""No""]}",0,0,0,,6,1,d5f24573a7077ee3ebb203ca64f955a8c5d5a6c6b25aa65e1bfa6fa71d1311f2,0.75,[0],N/A
