,article_batch_name,article_number,article_filename,article_sha256,article_text_length,tua_group_uuid,tua_group_name,tua_batch_uuid,tua_batch_name,tua_batch_final,source_task_uuid,tua_uuid,namespace,topic_name,case_number,answer_uuid,extra,highlight_count,start_pos,end_pos,target_text,question_Number,agreed_Answer,schema_sha256,agreement_score,highlighted_indices,alpha_unitizing_score
0,CovidArticles/Covid_article_for_PE_S&S&S.txt,100059,Covid_article_for_PE_S&S&S.txt,4b537e0ed21179a29ed28da28057d338e67330ae12123ccceba6724f35bd68a4,6794,777e3dd4-5d42-45ad-9529-86a7020cd924,Covid_Languagev1.1.IAA,fa81a5ae-1a67-477f-8a1f-505281164cff,tua_csv/2020/06/Adj_S_IAA_Covid_Languagev1.1-Task-2229-DataHunt.csv.gz,True,8986cc06-74a4-4160-ad7e-b4296a9b293b,45154389-98f0-477b-b636-9541de8d11e2,Covid_Languagev1.1,00667895,0,00667895-f589-4f70-a558-54ba2f1570cd,"{""answer_text_list"": [""No""]}",0,0,0,,10,4,a6eca3a8c143a31e7b37337f744912e6d33c5b2f49cd29570daee3cfdb9a017c,1.0,[0],N/A
1,CovidArticles/Covid_article_for_PE_S&S&S.txt,100059,Covid_article_for_PE_S&S&S.txt,4b537e0ed21179a29ed28da28057d338e67330ae12123ccceba6724f35bd68a4,6794,777e3dd4-5d42-45ad-9529-86a7020cd924,Covid_Languagev1.1.IAA,fa81a5ae-1a67-477f-8a1f-505281164cff,tua_csv/2020/06/Adj_S_IAA_Covid_Languagev1.1-Task-2229-DataHunt.csv.gz,True,8986cc06-74a4-4160-ad7e-b4296a9b293b,45154389-98f0-477b-b636-9541de8d11e2,Covid_Languagev1.1,0f6965ff,0,0f6965ff-df09-42c7-85d5-91a729e37e1f,"{""answer_text_list"": [""Slang"", ""Slang""]}",2,380,387,drag on,1,6,a6eca3a8c143a31e7b37337f744912e6d33c5b2f49cd29570daee3cfdb9a017c,0.75,"[380, 381, 382, 383, 384, 385, 386, 387]",N/A
2,CovidArticles/Covid_article_for_PE_S&S&S.txt,100059,Covid_article_for_PE_S&S&S.txt,4b537e0ed21179a29ed28da28057d338e67330ae12123ccceba6724f35bd68a4,6794,777e3dd4-5d42-45ad-9529-86a7020cd924,Covid_Languagev1.1.IAA,fa81a5ae-1a67-477f-8a1f-505281164cff,tua_csv/2020/06/Adj_S_IAA_Covid_Languagev1.1-Task-2229-DataHunt.csv.gz,True,8986cc06-74a4-4160-ad7e-b4296a9b293b,45154389-98f0-477b-b636-9541de8d11e2,Covid_Languagev1.1,0f6965ff,0,0f6965ff-df09-42c7-85d5-91a729e37e1f,"{""answer_text_list"": [""Slang"", ""Slang""]}",2,6678,6698,banging on this drum,1,6,a6eca3a8c143a31e7b37337f744912e6d33c5b2f49cd29570daee3cfdb9a017c,0.75,"[6678, 6679, 6680, 6681, 6682, 6683, 6684, 6685, 6686, 6687, 6688, 6689, 6690, 6691, 6692, 6693, 6694, 6695, 6696, 6697, 6698]",N/A
3,CovidArticles/Covid_article_for_PE_S&S&S.txt,100059,Covid_article_for_PE_S&S&S.txt,4b537e0ed21179a29ed28da28057d338e67330ae12123ccceba6724f35bd68a4,6794,777e3dd4-5d42-45ad-9529-86a7020cd924,Covid_Languagev1.1.IAA,fa81a5ae-1a67-477f-8a1f-505281164cff,tua_csv/2020/06/Adj_S_IAA_Covid_Languagev1.1-Task-2229-DataHunt.csv.gz,True,8986cc06-74a4-4160-ad7e-b4296a9b293b,45154389-98f0-477b-b636-9541de8d11e2,Covid_Languagev1.1,1199a2a4,0,1199a2a4-c9c4-4e74-a4c6-a43535f5b7aa,"{""answer_text_list"": [""Nope""]}",0,0,0,,12,1,a6eca3a8c143a31e7b37337f744912e6d33c5b2f49cd29570daee3cfdb9a017c,0.8,[0],N/A
4,CovidArticles/Covid_article_for_PE_S&S&S.txt,100059,Covid_article_for_PE_S&S&S.txt,4b537e0ed21179a29ed28da28057d338e67330ae12123ccceba6724f35bd68a4,6794,777e3dd4-5d42-45ad-9529-86a7020cd924,Covid_Languagev1.1.IAA,fa81a5ae-1a67-477f-8a1f-505281164cff,tua_csv/2020/06/Adj_S_IAA_Covid_Languagev1.1-Task-2229-DataHunt.csv.gz,True,8986cc06-74a4-4160-ad7e-b4296a9b293b,45154389-98f0-477b-b636-9541de8d11e2,Covid_Languagev1.1,19849a7b,0,19849a7b-506f-44ff-bec2-66a59a497fd1,"{""answer_text_list"": [""NOT AT ALL excessive/inappropriate""]}",0,0,0,,2,5,a6eca3a8c143a31e7b37337f744912e6d33c5b2f49cd29570daee3cfdb9a017c,0.8,[0],N/A
5,CovidArticles/Covid_article_for_PE_S&S&S.txt,100059,Covid_article_for_PE_S&S&S.txt,4b537e0ed21179a29ed28da28057d338e67330ae12123ccceba6724f35bd68a4,6794,777e3dd4-5d42-45ad-9529-86a7020cd924,Covid_Languagev1.1.IAA,fa81a5ae-1a67-477f-8a1f-505281164cff,tua_csv/2020/06/Adj_S_IAA_Covid_Languagev1.1-Task-2229-DataHunt.csv.gz,True,8986cc06-74a4-4160-ad7e-b4296a9b293b,45154389-98f0-477b-b636-9541de8d11e2,Covid_Languagev1.1,215e5ea4,0,215e5ea4-8b76-412c-ac43-db118a714be9,"{""answer_text_list"": [""5: 50-50""]}",0,0,0,,15,5,a6eca3a8c143a31e7b37337f744912e6d33c5b2f49cd29570daee3cfdb9a017c,0.8,[0],N/A
6,CovidArticles/Covid_article_for_PE_S&S&S.txt,100059,Covid_article_for_PE_S&S&S.txt,4b537e0ed21179a29ed28da28057d338e67330ae12123ccceba6724f35bd68a4,6794,777e3dd4-5d42-45ad-9529-86a7020cd924,Covid_Languagev1.1.IAA,fa81a5ae-1a67-477f-8a1f-505281164cff,tua_csv/2020/06/Adj_S_IAA_Covid_Languagev1.1-Task-2229-DataHunt.csv.gz,True,8986cc06-74a4-4160-ad7e-b4296a9b293b,45154389-98f0-477b-b636-9541de8d11e2,Covid_Languagev1.1,492f4aa4,0,492f4aa4-d54c-46b2-8bc7-1e9676b607e9,"{""answer_text_list"": [""Metaphorical Language""]}",1,6668,6714,I\u2019ve been banging on this drum for a long time,1,1,a6eca3a8c143a31e7b37337f744912e6d33c5b2f49cd29570daee3cfdb9a017c,0.75,"[6668, 6669, 6670, 6671, 6672, 6673, 6674, 6675, 6676, 6677, 6678, 6679, 6680, 6681, 6682, 6683, 6684, 6685, 6686, 6687, 6688, 6689, 6690, 6691, 6692, 6693, 6694, 6695, 6696, 6697, 6698, 6699, 6700, 6701, 6702, 6703, 6704, 6705, 6706, 6707, 6708, 6709, 6710, 6711, 6712, 6713, 6714]",N/A
7,CovidArticles/Covid_article_for_PE_S&S&S.txt,100059,Covid_article_for_PE_S&S&S.txt,4b537e0ed21179a29ed28da28057d338e67330ae12123ccceba6724f35bd68a4,6794,777e3dd4-5d42-45ad-9529-86a7020cd924,Covid_Languagev1.1.IAA,fa81a5ae-1a67-477f-8a1f-505281164cff,tua_csv/2020/06/Adj_S_IAA_Covid_Languagev1.1-Task-2229-DataHunt.csv.gz,True,8986cc06-74a4-4160-ad7e-b4296a9b293b,45154389-98f0-477b-b636-9541de8d11e2,Covid_Languagev1.1,a2139417,0,a2139417-0ef9-439c-8242-c280b487ad94,"{""answer_text_list"": [""5: Middling difficulty""]}",0,0,0,,14,5,a6eca3a8c143a31e7b37337f744912e6d33c5b2f49cd29570daee3cfdb9a017c,0.5920034960290277,[0],N/A
8,CovidArticles/Covid_article_for_PE_S&S&S.txt,100059,Covid_article_for_PE_S&S&S.txt,4b537e0ed21179a29ed28da28057d338e67330ae12123ccceba6724f35bd68a4,6794,777e3dd4-5d42-45ad-9529-86a7020cd924,Covid_Languagev1.1.IAA,fa81a5ae-1a67-477f-8a1f-505281164cff,tua_csv/2020/06/Adj_S_IAA_Covid_Languagev1.1-Task-2229-DataHunt.csv.gz,True,8986cc06-74a4-4160-ad7e-b4296a9b293b,45154389-98f0-477b-b636-9541de8d11e2,Covid_Languagev1.1,dc0eb26e,0,dc0eb26e-7eb9-4ac0-b806-74a346deb6cc,"{""answer_text_list"": [""Completely appropriate""]}",0,0,0,,9,5,a6eca3a8c143a31e7b37337f744912e6d33c5b2f49cd29570daee3cfdb9a017c,1.0,[0],N/A
