﻿article_batch_name,article_number,article_filename,article_sha256,article_text_length,tua_group_uuid,tua_group_name,tua_batch_uuid,tua_batch_name,tua_batch_final,source_task_uuid,tua_uuid,namespace,topic_name,case_number,answer_uuid,extra,highlight_count,start_pos,end_pos,target_text
CovidArticles/Covid_article_for_PE_S&S&S.txt,100059,Covid_article_for_PE_S&S&S.txt,4b537e0ed21179a29ed28da28057d338e67330ae12123ccceba6724f35bd68a4,6794,51009265-25fd-4828-8ad8-b7c373bd4c58,Covid_Evidencev1.adjudicated,fb85fd41-224b-4359-a24e-f4f30b5923fb,Adjudicator Nick Adams QUIZ source task 2224 article number 100059 project 196,TRUE,edb1510f-1923-4d6f-a678-95f53d752bea,ce68d2a7-d8ea-4d68-9d46-a998cf01f15e,Covid_Evidence2020_03_21,01.01.01,0,73d7a14a-9ec6-404c-b2b7-a55508af3b76,"{""answer_text"": ""General Causation (In general, X causes Y.)""}",1,1401,1560,"Many\xa0quarantined individuals experienced both short- and long-term mental health problems, including stress, insomnia, emotional exhaustion and substance abuse"
CovidArticles/Covid_article_for_PE_S&S&S.txt,100059,Covid_article_for_PE_S&S&S.txt,4b537e0ed21179a29ed28da28057d338e67330ae12123ccceba6724f35bd68a4,6794,51009265-25fd-4828-8ad8-b7c373bd4c58,Covid_Evidencev1.adjudicated,fb85fd41-224b-4359-a24e-f4f30b5923fb,Adjudicator Nick Adams QUIZ source task 2224 article number 100059 project 196,TRUE,edb1510f-1923-4d6f-a678-95f53d752bea,96320f6f-453b-4771-8179-730460498de1,Covid_Evidence2020_03_21,01.02.01,0,5a1fb1f4-d8b7-45c0-bce5-7d4c3b91c55f,"{""answer_text"": ""Correlation""}",2,1401,1560,"Many\xa0quarantined individuals experienced both short- and long-term mental health problems, including stress, insomnia, emotional exhaustion and substance abuse"
CovidArticles/Covid_article_for_PE_S&S&S.txt,100059,Covid_article_for_PE_S&S&S.txt,4b537e0ed21179a29ed28da28057d338e67330ae12123ccceba6724f35bd68a4,6794,51009265-25fd-4828-8ad8-b7c373bd4c58,Covid_Evidencev1.adjudicated,fb85fd41-224b-4359-a24e-f4f30b5923fb,Adjudicator Nick Adams QUIZ source task 2224 article number 100059 project 196,TRUE,edb1510f-1923-4d6f-a678-95f53d752bea,96320f6f-453b-4771-8179-730460498de1,Covid_Evidence2020_03_21,01.02.01,0,5a1fb1f4-d8b7-45c0-bce5-7d4c3b91c55f,"{""answer_text"": ""Correlation""}",2,1679,1937,"Of 2,760 quarantined people, 34 percent, or 938 individuals, reported high levels of psychological distress, which can indicate mental health problems such as anxiety and depression, during the outbreak compared with 12 percent of non-quarantined individuals"
CovidArticles/Covid_article_for_PE_S&S&S.txt,100059,Covid_article_for_PE_S&S&S.txt,4b537e0ed21179a29ed28da28057d338e67330ae12123ccceba6724f35bd68a4,6794,51009265-25fd-4828-8ad8-b7c373bd4c58,Covid_Evidencev1.adjudicated,fb85fd41-224b-4359-a24e-f4f30b5923fb,Adjudicator Nick Adams QUIZ source task 2224 article number 100059 project 196,TRUE,edb1510f-1923-4d6f-a678-95f53d752bea,eeb234da-6032-482f-bab3-12c135cfe6db,Covid_Evidence2020_03_21,01.02.02,0,ba2d1638-2509-4ce8-9130-39ea26d1d424,"{""answer_text"": ""Cause precedes effect""}",2,1227,1266,outcomes of people who were quarantined
CovidArticles/Covid_article_for_PE_S&S&S.txt,100059,Covid_article_for_PE_S&S&S.txt,4b537e0ed21179a29ed28da28057d338e67330ae12123ccceba6724f35bd68a4,6794,51009265-25fd-4828-8ad8-b7c373bd4c58,Covid_Evidencev1.adjudicated,fb85fd41-224b-4359-a24e-f4f30b5923fb,Adjudicator Nick Adams QUIZ source task 2224 article number 100059 project 196,TRUE,edb1510f-1923-4d6f-a678-95f53d752bea,eeb234da-6032-482f-bab3-12c135cfe6db,Covid_Evidence2020_03_21,01.02.02,0,ba2d1638-2509-4ce8-9130-39ea26d1d424,"{""answer_text"": ""Cause precedes effect""}",2,1679,1937,"Of 2,760 quarantined people, 34 percent, or 938 individuals, reported high levels of psychological distress, which can indicate mental health problems such as anxiety and depression, during the outbreak compared with 12 percent of non-quarantined individuals"
CovidArticles/Covid_article_for_PE_S&S&S.txt,100059,Covid_article_for_PE_S&S&S.txt,4b537e0ed21179a29ed28da28057d338e67330ae12123ccceba6724f35bd68a4,6794,51009265-25fd-4828-8ad8-b7c373bd4c58,Covid_Evidencev1.adjudicated,fb85fd41-224b-4359-a24e-f4f30b5923fb,Adjudicator Nick Adams QUIZ source task 2224 article number 100059 project 196,TRUE,edb1510f-1923-4d6f-a678-95f53d752bea,700bf653-b723-4911-b51f-58912c7cc596,Covid_Evidence2020_03_21,01.02.03,0,fee5e5ec-ce13-43e7-aca6-5babee4eb8a5,"{""answer_text"": ""The correlation appears across multiple independent contexts""}",2,1177,1197,evaluated 24 studies
CovidArticles/Covid_article_for_PE_S&S&S.txt,100059,Covid_article_for_PE_S&S&S.txt,4b537e0ed21179a29ed28da28057d338e67330ae12123ccceba6724f35bd68a4,6794,51009265-25fd-4828-8ad8-b7c373bd4c58,Covid_Evidencev1.adjudicated,fb85fd41-224b-4359-a24e-f4f30b5923fb,Adjudicator Nick Adams QUIZ source task 2224 article number 100059 project 196,TRUE,edb1510f-1923-4d6f-a678-95f53d752bea,700bf653-b723-4911-b51f-58912c7cc596,Covid_Evidence2020_03_21,01.02.03,0,fee5e5ec-ce13-43e7-aca6-5babee4eb8a5,"{""answer_text"": ""The correlation appears across multiple independent contexts""}",2,1306,1399,"during outbreaks of SARS, H1N1 flu, Ebola and other infectious diseases since the early 2000s"
CovidArticles/Covid_article_for_PE_S&S&S.txt,100059,Covid_article_for_PE_S&S&S.txt,4b537e0ed21179a29ed28da28057d338e67330ae12123ccceba6724f35bd68a4,6794,51009265-25fd-4828-8ad8-b7c373bd4c58,Covid_Evidencev1.adjudicated,fb85fd41-224b-4359-a24e-f4f30b5923fb,Adjudicator Nick Adams QUIZ source task 2224 article number 100059 project 196,TRUE,edb1510f-1923-4d6f-a678-95f53d752bea,b7d8e271-b090-4121-a521-fe150dc78034,Covid_Evidence2020_03_21,01.02.05,0,780989ca-2765-4989-9cc3-08f3874489e0,"{""answer_text"": ""An experimental study was conducted (natural experiments OK)""}",4,1187,1197,24 studies
CovidArticles/Covid_article_for_PE_S&S&S.txt,100059,Covid_article_for_PE_S&S&S.txt,4b537e0ed21179a29ed28da28057d338e67330ae12123ccceba6724f35bd68a4,6794,51009265-25fd-4828-8ad8-b7c373bd4c58,Covid_Evidencev1.adjudicated,fb85fd41-224b-4359-a24e-f4f30b5923fb,Adjudicator Nick Adams QUIZ source task 2224 article number 100059 project 196,TRUE,edb1510f-1923-4d6f-a678-95f53d752bea,b7d8e271-b090-4121-a521-fe150dc78034,Covid_Evidence2020_03_21,01.02.05,0,780989ca-2765-4989-9cc3-08f3874489e0,"{""answer_text"": ""An experimental study was conducted (natural experiments OK)""}",4,1213,1245,psychological outcomes of people
CovidArticles/Covid_article_for_PE_S&S&S.txt,100059,Covid_article_for_PE_S&S&S.txt,4b537e0ed21179a29ed28da28057d338e67330ae12123ccceba6724f35bd68a4,6794,51009265-25fd-4828-8ad8-b7c373bd4c58,Covid_Evidencev1.adjudicated,fb85fd41-224b-4359-a24e-f4f30b5923fb,Adjudicator Nick Adams QUIZ source task 2224 article number 100059 project 196,TRUE,edb1510f-1923-4d6f-a678-95f53d752bea,b7d8e271-b090-4121-a521-fe150dc78034,Covid_Evidence2020_03_21,01.02.05,0,780989ca-2765-4989-9cc3-08f3874489e0,"{""answer_text"": ""An experimental study was conducted (natural experiments OK)""}",4,1562,1677,"For instance, one study compared quarantined versus non-quarantined individuals during an equine influenza outbreak"
CovidArticles/Covid_article_for_PE_S&S&S.txt,100059,Covid_article_for_PE_S&S&S.txt,4b537e0ed21179a29ed28da28057d338e67330ae12123ccceba6724f35bd68a4,6794,51009265-25fd-4828-8ad8-b7c373bd4c58,Covid_Evidencev1.adjudicated,fb85fd41-224b-4359-a24e-f4f30b5923fb,Adjudicator Nick Adams QUIZ source task 2224 article number 100059 project 196,TRUE,edb1510f-1923-4d6f-a678-95f53d752bea,b7d8e271-b090-4121-a521-fe150dc78034,Covid_Evidence2020_03_21,01.02.05,0,780989ca-2765-4989-9cc3-08f3874489e0,"{""answer_text"": ""An experimental study was conducted (natural experiments OK)""}",4,1679,1937,"Of 2,760 quarantined people, 34 percent, or 938 individuals, reported high levels of psychological distress, which can indicate mental health problems such as anxiety and depression, during the outbreak compared with 12 percent of non-quarantined individuals"
CovidArticles/Covid_article_for_PE_S&S&S.txt,100059,Covid_article_for_PE_S&S&S.txt,4b537e0ed21179a29ed28da28057d338e67330ae12123ccceba6724f35bd68a4,6794,51009265-25fd-4828-8ad8-b7c373bd4c58,Covid_Evidencev1.adjudicated,fb85fd41-224b-4359-a24e-f4f30b5923fb,Adjudicator Nick Adams QUIZ source task 2224 article number 100059 project 196,TRUE,edb1510f-1923-4d6f-a678-95f53d752bea,90709c82-3f18-4500-b8b5-38429569c947,Covid_Evidence2020_03_21,01.04.02,0,e07bdb8b-fbcc-45c7-8bc2-4dd925f035ca,"{""answer_text"": ""Fairly representative""}",0,0,0,
CovidArticles/Covid_article_for_PE_S&S&S.txt,100059,Covid_article_for_PE_S&S&S.txt,4b537e0ed21179a29ed28da28057d338e67330ae12123ccceba6724f35bd68a4,6794,51009265-25fd-4828-8ad8-b7c373bd4c58,Covid_Evidencev1.adjudicated,fb85fd41-224b-4359-a24e-f4f30b5923fb,Adjudicator Nick Adams QUIZ source task 2224 article number 100059 project 196,TRUE,edb1510f-1923-4d6f-a678-95f53d752bea,4cc3062c-054f-4d27-a162-81fc7e700f5a,Covid_Evidence2020_03_21,01.05.05,0,ddb82ce8-8e29-4dfe-9aef-30e54ef42fef,"{""answer_text"": ""Can't tell; not enough info""}",0,0,0,
CovidArticles/Covid_article_for_PE_S&S&S.txt,100059,Covid_article_for_PE_S&S&S.txt,4b537e0ed21179a29ed28da28057d338e67330ae12123ccceba6724f35bd68a4,6794,51009265-25fd-4828-8ad8-b7c373bd4c58,Covid_Evidencev1.adjudicated,fb85fd41-224b-4359-a24e-f4f30b5923fb,Adjudicator Nick Adams QUIZ source task 2224 article number 100059 project 196,TRUE,edb1510f-1923-4d6f-a678-95f53d752bea,a0d38362-1660-4eb5-ae69-6dc19507d902,Covid_Evidence2020_03_21,01.07.01,0,682be4e9-7e39-45b2-82e6-9f6300bb173c,"{""answer_text"": ""k""}",0,0,0,
CovidArticles/Covid_article_for_PE_S&S&S.txt,100059,Covid_article_for_PE_S&S&S.txt,4b537e0ed21179a29ed28da28057d338e67330ae12123ccceba6724f35bd68a4,6794,51009265-25fd-4828-8ad8-b7c373bd4c58,Covid_Evidencev1.adjudicated,fb85fd41-224b-4359-a24e-f4f30b5923fb,Adjudicator Nick Adams QUIZ source task 2224 article number 100059 project 196,TRUE,edb1510f-1923-4d6f-a678-95f53d752bea,d025ca35-b74d-451f-bed3-c88dcf4c15e1,Covid_Evidence2020_03_21,01.08.04,0,5f82927d-95d4-4506-9d68-259aa66fcc69,"{""answer_text"": ""Somewhat less likely""}",0,0,0,
CovidArticles/Covid_article_for_PE_S&S&S.txt,100059,Covid_article_for_PE_S&S&S.txt,4b537e0ed21179a29ed28da28057d338e67330ae12123ccceba6724f35bd68a4,6794,51009265-25fd-4828-8ad8-b7c373bd4c58,Covid_Evidencev1.adjudicated,fb85fd41-224b-4359-a24e-f4f30b5923fb,Adjudicator Nick Adams QUIZ source task 2224 article number 100059 project 196,TRUE,edb1510f-1923-4d6f-a678-95f53d752bea,9f0b83f7-44c8-40c9-958a-9ef965dce1eb,Covid_Evidence2020_03_21,01.09.01,0,2226abe4-b7a9-4ea8-acfd-13387300f3fb,"{""answer_text"": ""Yes""}",1,1679,1937,"Of 2,760 quarantined people, 34 percent, or 938 individuals, reported high levels of psychological distress, which can indicate mental health problems such as anxiety and depression, during the outbreak compared with 12 percent of non-quarantined individuals"
CovidArticles/Covid_article_for_PE_S&S&S.txt,100059,Covid_article_for_PE_S&S&S.txt,4b537e0ed21179a29ed28da28057d338e67330ae12123ccceba6724f35bd68a4,6794,51009265-25fd-4828-8ad8-b7c373bd4c58,Covid_Evidencev1.adjudicated,fb85fd41-224b-4359-a24e-f4f30b5923fb,Adjudicator Nick Adams QUIZ source task 2224 article number 100059 project 196,TRUE,edb1510f-1923-4d6f-a678-95f53d752bea,6e013031-992b-45ea-9589-fb2812ce4dd0,Covid_Evidence2020_03_21,01.10.04,0,62751dbf-ff76-49e6-9070-66215389acde,"{""answer_text"": ""Somewhat Unlikely""}",0,0,0,
CovidArticles/Covid_article_for_PE_S&S&S.txt,100059,Covid_article_for_PE_S&S&S.txt,4b537e0ed21179a29ed28da28057d338e67330ae12123ccceba6724f35bd68a4,6794,51009265-25fd-4828-8ad8-b7c373bd4c58,Covid_Evidencev1.adjudicated,fb85fd41-224b-4359-a24e-f4f30b5923fb,Adjudicator Nick Adams QUIZ source task 2224 article number 100059 project 196,TRUE,edb1510f-1923-4d6f-a678-95f53d752bea,ce06d5a3-5ea5-46ee-a873-aeec6110db4b,Covid_Evidence2020_03_21,01.11.04,0,6a8b58aa-2748-4697-995b-c1a34149f70d,"{""answer_text"": ""Somewhat Unlikely""}",0,0,0,
CovidArticles/Covid_article_for_PE_S&S&S.txt,100059,Covid_article_for_PE_S&S&S.txt,4b537e0ed21179a29ed28da28057d338e67330ae12123ccceba6724f35bd68a4,6794,51009265-25fd-4828-8ad8-b7c373bd4c58,Covid_Evidencev1.adjudicated,fb85fd41-224b-4359-a24e-f4f30b5923fb,Adjudicator Nick Adams QUIZ source task 2224 article number 100059 project 196,TRUE,edb1510f-1923-4d6f-a678-95f53d752bea,63672601-2649-4223-a353-8adccf6527a0,Covid_Evidence2020_03_21,01.12.02,0,a0972088-cb65-4764-a4ee-3be2b2bd100a,"{""answer_text"": ""Yes, implicitly""}",1,1023,1106,Research on the psychological toll of social distancing during epidemics is limited
CovidArticles/Covid_article_for_PE_S&S&S.txt,100059,Covid_article_for_PE_S&S&S.txt,4b537e0ed21179a29ed28da28057d338e67330ae12123ccceba6724f35bd68a4,6794,51009265-25fd-4828-8ad8-b7c373bd4c58,Covid_Evidencev1.adjudicated,fb85fd41-224b-4359-a24e-f4f30b5923fb,Adjudicator Nick Adams QUIZ source task 2224 article number 100059 project 196,TRUE,edb1510f-1923-4d6f-a678-95f53d752bea,786dad45-303a-4cfc-b007-e948d080a5b3,Covid_Evidence2020_03_21,01.13.05,0,73d8f381-e2b9-41fd-ac96-e17752b6c26a,"{""answer_text"": ""5: Middling difficulty""}",0,0,0,
CovidArticles/Covid_article_for_PE_S&S&S.txt,100059,Covid_article_for_PE_S&S&S.txt,4b537e0ed21179a29ed28da28057d338e67330ae12123ccceba6724f35bd68a4,6794,51009265-25fd-4828-8ad8-b7c373bd4c58,Covid_Evidencev1.adjudicated,fb85fd41-224b-4359-a24e-f4f30b5923fb,Adjudicator Nick Adams QUIZ source task 2224 article number 100059 project 196,TRUE,edb1510f-1923-4d6f-a678-95f53d752bea,105e022c-1a2f-4411-aec5-0e6cc2fc89f4,Covid_Evidence2020_03_21,01.14.07,0,d5cfa621-a240-4ac2-b702-13d7117a947a,"{""answer_text"": ""7""}",0,0,0,
CovidArticles/Covid_article_for_PE_S&S&S.txt,100059,Covid_article_for_PE_S&S&S.txt,4b537e0ed21179a29ed28da28057d338e67330ae12123ccceba6724f35bd68a4,6794,51009265-25fd-4828-8ad8-b7c373bd4c58,Covid_Evidencev1.adjudicated,f903010c-a61d-4425-aefe-2a3117fc7e18,Adjudicator Nick Adams QUIZ source task 2226 article number 100059 project 196,TRUE,f7562d2d-e884-41f7-8d1c-5163848cb3bf,206916db-53cb-4e09-9d11-ca146193c16c,Covid_Evidence2020_03_21,01.01.01,0,73d7a14a-9ec6-404c-b2b7-a55508af3b76,"{""answer_text"": ""General Causation (In general, X causes Y.)""}",1,3197,3528,"Health problems associated with social isolation tend to crop up when the situation goes on beyond a few weeks, he says. Walling people off from one another for months means the secondary effects of the pandemic, such as recession, social unrest and unemployment, could trigger unpredictable and widespread mental health challenges"
CovidArticles/Covid_article_for_PE_S&S&S.txt,100059,Covid_article_for_PE_S&S&S.txt,4b537e0ed21179a29ed28da28057d338e67330ae12123ccceba6724f35bd68a4,6794,51009265-25fd-4828-8ad8-b7c373bd4c58,Covid_Evidencev1.adjudicated,f903010c-a61d-4425-aefe-2a3117fc7e18,Adjudicator Nick Adams QUIZ source task 2226 article number 100059 project 196,TRUE,f7562d2d-e884-41f7-8d1c-5163848cb3bf,a570ea41-9fe3-4228-885b-fd46e089499d,Covid_Evidence2020_03_21,01.02.07,0,c51b597d-2d96-4337-affe-b92836a08869,"{""answer_text"": ""Experts are cited""}",2,3129,3316,"psychiatrist Damir Huremovic of Northwell Health in Manhasset, N.Y. Health problems associated with social isolation tend to crop up when the situation goes on beyond a few weeks, he says"
CovidArticles/Covid_article_for_PE_S&S&S.txt,100059,Covid_article_for_PE_S&S&S.txt,4b537e0ed21179a29ed28da28057d338e67330ae12123ccceba6724f35bd68a4,6794,51009265-25fd-4828-8ad8-b7c373bd4c58,Covid_Evidencev1.adjudicated,f903010c-a61d-4425-aefe-2a3117fc7e18,Adjudicator Nick Adams QUIZ source task 2226 article number 100059 project 196,TRUE,f7562d2d-e884-41f7-8d1c-5163848cb3bf,a570ea41-9fe3-4228-885b-fd46e089499d,Covid_Evidence2020_03_21,01.02.07,0,c51b597d-2d96-4337-affe-b92836a08869,"{""answer_text"": ""Experts are cited""}",2,3583,3702,"Huremovic, who cowrote and edited the 2019 book\xa0Psychiatry of Pandemics: A Mental Health Response to Infection Outbreak"
CovidArticles/Covid_article_for_PE_S&S&S.txt,100059,Covid_article_for_PE_S&S&S.txt,4b537e0ed21179a29ed28da28057d338e67330ae12123ccceba6724f35bd68a4,6794,51009265-25fd-4828-8ad8-b7c373bd4c58,Covid_Evidencev1.adjudicated,f903010c-a61d-4425-aefe-2a3117fc7e18,Adjudicator Nick Adams QUIZ source task 2226 article number 100059 project 196,TRUE,f7562d2d-e884-41f7-8d1c-5163848cb3bf,380d3fc2-8a88-42de-bab4-7afefdf83878,Covid_Evidence2020_03_21,01.07.01,0,682be4e9-7e39-45b2-82e6-9f6300bb173c,"{""answer_text"": ""indoor air could be bad""}",0,0,0,
CovidArticles/Covid_article_for_PE_S&S&S.txt,100059,Covid_article_for_PE_S&S&S.txt,4b537e0ed21179a29ed28da28057d338e67330ae12123ccceba6724f35bd68a4,6794,51009265-25fd-4828-8ad8-b7c373bd4c58,Covid_Evidencev1.adjudicated,f903010c-a61d-4425-aefe-2a3117fc7e18,Adjudicator Nick Adams QUIZ source task 2226 article number 100059 project 196,TRUE,f7562d2d-e884-41f7-8d1c-5163848cb3bf,6417e159-53e0-4b97-a4f9-ca1fc67bdd63,Covid_Evidence2020_03_21,01.08.04,0,5f82927d-95d4-4506-9d68-259aa66fcc69,"{""answer_text"": ""Somewhat less likely""}",0,0,0,
CovidArticles/Covid_article_for_PE_S&S&S.txt,100059,Covid_article_for_PE_S&S&S.txt,4b537e0ed21179a29ed28da28057d338e67330ae12123ccceba6724f35bd68a4,6794,51009265-25fd-4828-8ad8-b7c373bd4c58,Covid_Evidencev1.adjudicated,f903010c-a61d-4425-aefe-2a3117fc7e18,Adjudicator Nick Adams QUIZ source task 2226 article number 100059 project 196,TRUE,f7562d2d-e884-41f7-8d1c-5163848cb3bf,c796b24c-762e-4a30-a7eb-89fb16d42000,Covid_Evidence2020_03_21,01.09.01,1,2226abe4-b7a9-4ea8-acfd-13387300f3fb,"{""answer_text"": ""Yes""}",1,1401,1937,"Many\xa0quarantined individuals experienced both short- and long-term mental health problems, including stress, insomnia, emotional exhaustion and substance abuse. For instance, one study compared quarantined versus non-quarantined individuals during an equine influenza outbreak. Of 2,760 quarantined people, 34 percent, or 938 individuals, reported high levels of psychological distress, which can indicate mental health problems such as anxiety and depression, during the outbreak compared with 12 percent of non-quarantined individuals"
CovidArticles/Covid_article_for_PE_S&S&S.txt,100059,Covid_article_for_PE_S&S&S.txt,4b537e0ed21179a29ed28da28057d338e67330ae12123ccceba6724f35bd68a4,6794,51009265-25fd-4828-8ad8-b7c373bd4c58,Covid_Evidencev1.adjudicated,f903010c-a61d-4425-aefe-2a3117fc7e18,Adjudicator Nick Adams QUIZ source task 2226 article number 100059 project 196,TRUE,f7562d2d-e884-41f7-8d1c-5163848cb3bf,f53e32e6-f1da-46ac-b489-08578db85338,Covid_Evidence2020_03_21,01.10.04,0,62751dbf-ff76-49e6-9070-66215389acde,"{""answer_text"": ""Somewhat Unlikely""}",0,0,0,
CovidArticles/Covid_article_for_PE_S&S&S.txt,100059,Covid_article_for_PE_S&S&S.txt,4b537e0ed21179a29ed28da28057d338e67330ae12123ccceba6724f35bd68a4,6794,51009265-25fd-4828-8ad8-b7c373bd4c58,Covid_Evidencev1.adjudicated,f903010c-a61d-4425-aefe-2a3117fc7e18,Adjudicator Nick Adams QUIZ source task 2226 article number 100059 project 196,TRUE,f7562d2d-e884-41f7-8d1c-5163848cb3bf,d253ad07-39ae-4387-9e8e-4bf6b1b20840,Covid_Evidence2020_03_21,01.11.04,0,6a8b58aa-2748-4697-995b-c1a34149f70d,"{""answer_text"": ""Somewhat Unlikely""}",0,0,0,
CovidArticles/Covid_article_for_PE_S&S&S.txt,100059,Covid_article_for_PE_S&S&S.txt,4b537e0ed21179a29ed28da28057d338e67330ae12123ccceba6724f35bd68a4,6794,51009265-25fd-4828-8ad8-b7c373bd4c58,Covid_Evidencev1.adjudicated,f903010c-a61d-4425-aefe-2a3117fc7e18,Adjudicator Nick Adams QUIZ source task 2226 article number 100059 project 196,TRUE,f7562d2d-e884-41f7-8d1c-5163848cb3bf,8023900c-4629-4d7c-adf1-9be040874784,Covid_Evidence2020_03_21,01.12.03,0,3ab5de46-c20d-468f-bc74-4738378bdc11,"{""answer_text"": ""I can't tell""}",0,0,0,
CovidArticles/Covid_article_for_PE_S&S&S.txt,100059,Covid_article_for_PE_S&S&S.txt,4b537e0ed21179a29ed28da28057d338e67330ae12123ccceba6724f35bd68a4,6794,51009265-25fd-4828-8ad8-b7c373bd4c58,Covid_Evidencev1.adjudicated,f903010c-a61d-4425-aefe-2a3117fc7e18,Adjudicator Nick Adams QUIZ source task 2226 article number 100059 project 196,TRUE,f7562d2d-e884-41f7-8d1c-5163848cb3bf,beffd0bc-58f9-464d-89ec-cbd8451921c7,Covid_Evidence2020_03_21,01.13.04,0,1d96c31d-db29-44c0-b9c3-24209075714d,"{""answer_text"": ""4""}",0,0,0,
CovidArticles/Covid_article_for_PE_S&S&S.txt,100059,Covid_article_for_PE_S&S&S.txt,4b537e0ed21179a29ed28da28057d338e67330ae12123ccceba6724f35bd68a4,6794,51009265-25fd-4828-8ad8-b7c373bd4c58,Covid_Evidencev1.adjudicated,f903010c-a61d-4425-aefe-2a3117fc7e18,Adjudicator Nick Adams QUIZ source task 2226 article number 100059 project 196,TRUE,f7562d2d-e884-41f7-8d1c-5163848cb3bf,75682f31-c457-477f-a92f-e786a21a9998,Covid_Evidence2020_03_21,01.14.07,0,d5cfa621-a240-4ac2-b702-13d7117a947a,"{""answer_text"": ""7""}",0,0,0,
CovidArticles/Covid_article_for_PE_S&S&S.txt,100059,Covid_article_for_PE_S&S&S.txt,4b537e0ed21179a29ed28da28057d338e67330ae12123ccceba6724f35bd68a4,6794,51009265-25fd-4828-8ad8-b7c373bd4c58,Covid_Evidencev1.adjudicated,3e8fc666-262f-4ca6-85ea-b32b801ceb1d,Adjudicator Nick Adams QUIZ source task 2225 article number 100059 project 196,TRUE,24657063-8eb5-4cf4-83d1-f39945922c3f,b5af558c-f7b7-4a70-9681-a05aaecc55b2,Covid_Evidence2020_03_21,01.01.01,0,73d7a14a-9ec6-404c-b2b7-a55508af3b76,"{""answer_text"": ""General Causation (In general, X causes Y.)""}",1,1939,2534,"Another study looked at the effects of the 2003 SARS outbreak on 549 hospital workers in Beijing. Those who were quarantined or worked in high-risk settings \u2014 almost half the sample \u2014 reported higher levels of alcohol abuse three years later than workers with less-intense exposure to the outbreak.\nCertain factors increased the risk of psychological problems, such as quarantines lasting longer than 10 days (which was associated mostly with post-traumatic stress), poor information about the rationale for the quarantine, and lack of access to necessary supplies and telecommunication services"
CovidArticles/Covid_article_for_PE_S&S&S.txt,100059,Covid_article_for_PE_S&S&S.txt,4b537e0ed21179a29ed28da28057d338e67330ae12123ccceba6724f35bd68a4,6794,51009265-25fd-4828-8ad8-b7c373bd4c58,Covid_Evidencev1.adjudicated,3e8fc666-262f-4ca6-85ea-b32b801ceb1d,Adjudicator Nick Adams QUIZ source task 2225 article number 100059 project 196,TRUE,24657063-8eb5-4cf4-83d1-f39945922c3f,05800630-d1cd-4324-97fa-5fc2320b8e15,Covid_Evidence2020_03_21,01.02.01,0,5a1fb1f4-d8b7-45c0-bce5-7d4c3b91c55f,"{""answer_text"": ""Correlation""}",1,1939,2236,Another study looked at the effects of the 2003 SARS outbreak on 549 hospital workers in Beijing. Those who were quarantined or worked in high-risk settings \u2014 almost half the sample \u2014 reported higher levels of alcohol abuse three years later than workers with less-intense exposure to the outbreak
CovidArticles/Covid_article_for_PE_S&S&S.txt,100059,Covid_article_for_PE_S&S&S.txt,4b537e0ed21179a29ed28da28057d338e67330ae12123ccceba6724f35bd68a4,6794,51009265-25fd-4828-8ad8-b7c373bd4c58,Covid_Evidencev1.adjudicated,3e8fc666-262f-4ca6-85ea-b32b801ceb1d,Adjudicator Nick Adams QUIZ source task 2225 article number 100059 project 196,TRUE,24657063-8eb5-4cf4-83d1-f39945922c3f,fc07d6ee-cbbf-4b40-9b11-f5dd1e4ed86d,Covid_Evidence2020_03_21,01.02.02,1,ba2d1638-2509-4ce8-9130-39ea26d1d424,"{""answer_text"": ""Cause precedes effect""}",1,2163,2180,three years later
CovidArticles/Covid_article_for_PE_S&S&S.txt,100059,Covid_article_for_PE_S&S&S.txt,4b537e0ed21179a29ed28da28057d338e67330ae12123ccceba6724f35bd68a4,6794,51009265-25fd-4828-8ad8-b7c373bd4c58,Covid_Evidencev1.adjudicated,3e8fc666-262f-4ca6-85ea-b32b801ceb1d,Adjudicator Nick Adams QUIZ source task 2225 article number 100059 project 196,TRUE,24657063-8eb5-4cf4-83d1-f39945922c3f,d144104e-4249-4256-984e-8e144473365b,Covid_Evidence2020_03_21,01.02.04,0,0546a258-029e-46ed-a84f-9ea36d69a770,"{""answer_text"": ""A plausible mechanism is proposed""}",1,2238,2534,"Certain factors increased the risk of psychological problems, such as quarantines lasting longer than 10 days (which was associated mostly with post-traumatic stress), poor information about the rationale for the quarantine, and lack of access to necessary supplies and telecommunication services"
CovidArticles/Covid_article_for_PE_S&S&S.txt,100059,Covid_article_for_PE_S&S&S.txt,4b537e0ed21179a29ed28da28057d338e67330ae12123ccceba6724f35bd68a4,6794,51009265-25fd-4828-8ad8-b7c373bd4c58,Covid_Evidencev1.adjudicated,3e8fc666-262f-4ca6-85ea-b32b801ceb1d,Adjudicator Nick Adams QUIZ source task 2225 article number 100059 project 196,TRUE,24657063-8eb5-4cf4-83d1-f39945922c3f,babb7f12-6368-4322-9ad1-6ed0efa5bfd7,Covid_Evidence2020_03_21,01.04.04,0,96fde299-cf70-4ac8-b179-7bf7936edad1,"{""answer_text"": ""Slightly representative""}",0,0,0,
CovidArticles/Covid_article_for_PE_S&S&S.txt,100059,Covid_article_for_PE_S&S&S.txt,4b537e0ed21179a29ed28da28057d338e67330ae12123ccceba6724f35bd68a4,6794,51009265-25fd-4828-8ad8-b7c373bd4c58,Covid_Evidencev1.adjudicated,3e8fc666-262f-4ca6-85ea-b32b801ceb1d,Adjudicator Nick Adams QUIZ source task 2225 article number 100059 project 196,TRUE,24657063-8eb5-4cf4-83d1-f39945922c3f,723a50cb-7c2f-48dd-8aae-374ab2dcbced,Covid_Evidence2020_03_21,01.07.01,0,682be4e9-7e39-45b2-82e6-9f6300bb173c,"{""answer_text"": ""doctors have other issues""}",0,0,0,
CovidArticles/Covid_article_for_PE_S&S&S.txt,100059,Covid_article_for_PE_S&S&S.txt,4b537e0ed21179a29ed28da28057d338e67330ae12123ccceba6724f35bd68a4,6794,51009265-25fd-4828-8ad8-b7c373bd4c58,Covid_Evidencev1.adjudicated,3e8fc666-262f-4ca6-85ea-b32b801ceb1d,Adjudicator Nick Adams QUIZ source task 2225 article number 100059 project 196,TRUE,24657063-8eb5-4cf4-83d1-f39945922c3f,e266eae9-ec93-4891-ac02-df5018da0cec,Covid_Evidence2020_03_21,01.08.04,0,5f82927d-95d4-4506-9d68-259aa66fcc69,"{""answer_text"": ""Somewhat less likely""}",0,0,0,
CovidArticles/Covid_article_for_PE_S&S&S.txt,100059,Covid_article_for_PE_S&S&S.txt,4b537e0ed21179a29ed28da28057d338e67330ae12123ccceba6724f35bd68a4,6794,51009265-25fd-4828-8ad8-b7c373bd4c58,Covid_Evidencev1.adjudicated,3e8fc666-262f-4ca6-85ea-b32b801ceb1d,Adjudicator Nick Adams QUIZ source task 2225 article number 100059 project 196,TRUE,24657063-8eb5-4cf4-83d1-f39945922c3f,dda3f1a4-b101-4801-8007-bb75ea1b1273,Covid_Evidence2020_03_21,01.09.01,0,2226abe4-b7a9-4ea8-acfd-13387300f3fb,"{""answer_text"": ""Yes""}",1,1953,2403,"looked at the effects of the 2003 SARS outbreak on 549 hospital workers in Beijing. Those who were quarantined or worked in high-risk settings \u2014 almost half the sample \u2014 reported higher levels of alcohol abuse three years later than workers with less-intense exposure to the outbreak.\nCertain factors increased the risk of psychological problems, such as quarantines lasting longer than 10 days (which was associated mostly with post-traumatic stress"
CovidArticles/Covid_article_for_PE_S&S&S.txt,100059,Covid_article_for_PE_S&S&S.txt,4b537e0ed21179a29ed28da28057d338e67330ae12123ccceba6724f35bd68a4,6794,51009265-25fd-4828-8ad8-b7c373bd4c58,Covid_Evidencev1.adjudicated,3e8fc666-262f-4ca6-85ea-b32b801ceb1d,Adjudicator Nick Adams QUIZ source task 2225 article number 100059 project 196,TRUE,24657063-8eb5-4cf4-83d1-f39945922c3f,32d6cab9-8984-4e5d-a788-7bc5610f401e,Covid_Evidence2020_03_21,01.10.04,0,62751dbf-ff76-49e6-9070-66215389acde,"{""answer_text"": ""Somewhat Unlikely""}",0,0,0,
CovidArticles/Covid_article_for_PE_S&S&S.txt,100059,Covid_article_for_PE_S&S&S.txt,4b537e0ed21179a29ed28da28057d338e67330ae12123ccceba6724f35bd68a4,6794,51009265-25fd-4828-8ad8-b7c373bd4c58,Covid_Evidencev1.adjudicated,3e8fc666-262f-4ca6-85ea-b32b801ceb1d,Adjudicator Nick Adams QUIZ source task 2225 article number 100059 project 196,TRUE,24657063-8eb5-4cf4-83d1-f39945922c3f,1016e6f1-b546-4942-9fd9-fc0a32a915b1,Covid_Evidence2020_03_21,01.11.03,0,e7da0f8e-592a-4176-9a96-1352acd29b49,"{""answer_text"": ""Not Sure""}",0,0,0,
CovidArticles/Covid_article_for_PE_S&S&S.txt,100059,Covid_article_for_PE_S&S&S.txt,4b537e0ed21179a29ed28da28057d338e67330ae12123ccceba6724f35bd68a4,6794,51009265-25fd-4828-8ad8-b7c373bd4c58,Covid_Evidencev1.adjudicated,3e8fc666-262f-4ca6-85ea-b32b801ceb1d,Adjudicator Nick Adams QUIZ source task 2225 article number 100059 project 196,TRUE,24657063-8eb5-4cf4-83d1-f39945922c3f,32c2c4e1-8a0b-4ae4-81c8-e1bcb00c0597,Covid_Evidence2020_03_21,01.12.02,1,a0972088-cb65-4764-a4ee-3be2b2bd100a,"{""answer_text"": ""Yes, implicitly""}",3,2559,2584,can reduce the likelihood
CovidArticles/Covid_article_for_PE_S&S&S.txt,100059,Covid_article_for_PE_S&S&S.txt,4b537e0ed21179a29ed28da28057d338e67330ae12123ccceba6724f35bd68a4,6794,51009265-25fd-4828-8ad8-b7c373bd4c58,Covid_Evidencev1.adjudicated,3e8fc666-262f-4ca6-85ea-b32b801ceb1d,Adjudicator Nick Adams QUIZ source task 2225 article number 100059 project 196,TRUE,24657063-8eb5-4cf4-83d1-f39945922c3f,32c2c4e1-8a0b-4ae4-81c8-e1bcb00c0597,Covid_Evidence2020_03_21,01.12.02,1,a0972088-cb65-4764-a4ee-3be2b2bd100a,"{""answer_text"": ""Yes, implicitly""}",3,2894,2902,suggests
CovidArticles/Covid_article_for_PE_S&S&S.txt,100059,Covid_article_for_PE_S&S&S.txt,4b537e0ed21179a29ed28da28057d338e67330ae12123ccceba6724f35bd68a4,6794,51009265-25fd-4828-8ad8-b7c373bd4c58,Covid_Evidencev1.adjudicated,3e8fc666-262f-4ca6-85ea-b32b801ceb1d,Adjudicator Nick Adams QUIZ source task 2225 article number 100059 project 196,TRUE,24657063-8eb5-4cf4-83d1-f39945922c3f,32c2c4e1-8a0b-4ae4-81c8-e1bcb00c0597,Covid_Evidence2020_03_21,01.12.02,1,a0972088-cb65-4764-a4ee-3be2b2bd100a,"{""answer_text"": ""Yes, implicitly""}",3,3030,3035,might
CovidArticles/Covid_article_for_PE_S&S&S.txt,100059,Covid_article_for_PE_S&S&S.txt,4b537e0ed21179a29ed28da28057d338e67330ae12123ccceba6724f35bd68a4,6794,51009265-25fd-4828-8ad8-b7c373bd4c58,Covid_Evidencev1.adjudicated,3e8fc666-262f-4ca6-85ea-b32b801ceb1d,Adjudicator Nick Adams QUIZ source task 2225 article number 100059 project 196,TRUE,24657063-8eb5-4cf4-83d1-f39945922c3f,200edefd-20c0-42f2-9f9b-d29308de81f3,Covid_Evidence2020_03_21,01.13.05,0,73d8f381-e2b9-41fd-ac96-e17752b6c26a,"{""answer_text"": ""5: Middling difficulty""}",0,0,0,
CovidArticles/Covid_article_for_PE_S&S&S.txt,100059,Covid_article_for_PE_S&S&S.txt,4b537e0ed21179a29ed28da28057d338e67330ae12123ccceba6724f35bd68a4,6794,51009265-25fd-4828-8ad8-b7c373bd4c58,Covid_Evidencev1.adjudicated,3e8fc666-262f-4ca6-85ea-b32b801ceb1d,Adjudicator Nick Adams QUIZ source task 2225 article number 100059 project 196,TRUE,24657063-8eb5-4cf4-83d1-f39945922c3f,32aa4bea-17c7-4763-b016-de9556d157fb,Covid_Evidence2020_03_21,01.14.05,0,d4696215-f81b-46da-b965-b9377f68e6bb,"{""answer_text"": ""5: 50-50""}",0,0,0,
