article_batch_name,article_number,article_filename,article_sha256,article_text_length,tua_group_uuid,tua_group_name,tua_batch_uuid,tua_batch_name,tua_batch_final,source_task_uuid,tua_uuid,namespace,topic_name,case_number,answer_uuid,extra,highlight_count,start_pos,end_pos,target_text
CovidArticles/Covid_article_for_PE_S&S&S.txt,100059,Covid_article_for_PE_S&S&S.txt,4b537e0ed21179a29ed28da28057d338e67330ae12123ccceba6724f35bd68a4,6794,f4a5e855-ed17-4346-aef1-95838c1b2a62,Covid_Reasoningv1.adjudicated,b1b8fb28-cbeb-416b-9dc1-9ba6e9c1710d,Adjudicator Nick Adams QUIZ source task 2236 article number 100059 project 197,True,ba47fc7f-dfe6-40b6-9e6a-ac578e7a666c,6f4ed2dd-8225-451c-96d0-971ca9c1aac2,Covid_Reasoning,01.01.02,0,ec3f18f7-f1a6-42a1-860d-d6522781716a,"{""answer_text"": ""An evaluative judgment (claims about something being good or bad)""}",0,0,0,
CovidArticles/Covid_article_for_PE_S&S&S.txt,100059,Covid_article_for_PE_S&S&S.txt,4b537e0ed21179a29ed28da28057d338e67330ae12123ccceba6724f35bd68a4,6794,f4a5e855-ed17-4346-aef1-95838c1b2a62,Covid_Reasoningv1.adjudicated,b1b8fb28-cbeb-416b-9dc1-9ba6e9c1710d,Adjudicator Nick Adams QUIZ source task 2236 article number 100059 project 197,True,ba47fc7f-dfe6-40b6-9e6a-ac578e7a666c,2087288f-27f7-4786-a9c4-7ded0262f6f8,Covid_Reasoning,01.03.07,0,199c3384-db59-496d-a5a8-7f70bf8157d3,"{""answer_text"": ""No appeals to biases""}",0,0,0,
CovidArticles/Covid_article_for_PE_S&S&S.txt,100059,Covid_article_for_PE_S&S&S.txt,4b537e0ed21179a29ed28da28057d338e67330ae12123ccceba6724f35bd68a4,6794,f4a5e855-ed17-4346-aef1-95838c1b2a62,Covid_Reasoningv1.adjudicated,b1b8fb28-cbeb-416b-9dc1-9ba6e9c1710d,Adjudicator Nick Adams QUIZ source task 2236 article number 100059 project 197,True,ba47fc7f-dfe6-40b6-9e6a-ac578e7a666c,f9f73ba5-1f7d-4965-9d69-0abb061efde5,Covid_Reasoning,01.09.05,0,8384e5bf-d0a7-4d3d-a5e6-ceb51a63faab,"{""answer_text"": ""5: Middling difficulty""}",0,0,0,
CovidArticles/Covid_article_for_PE_S&S&S.txt,100059,Covid_article_for_PE_S&S&S.txt,4b537e0ed21179a29ed28da28057d338e67330ae12123ccceba6724f35bd68a4,6794,f4a5e855-ed17-4346-aef1-95838c1b2a62,Covid_Reasoningv1.adjudicated,b1b8fb28-cbeb-416b-9dc1-9ba6e9c1710d,Adjudicator Nick Adams QUIZ source task 2236 article number 100059 project 197,True,ba47fc7f-dfe6-40b6-9e6a-ac578e7a666c,f2809f9b-190d-4562-9a7f-6e7fa603a325,Covid_Reasoning,01.10.04,0,bb440bc5-82c2-4212-b1af-18aa1be0a71e,"{""answer_text"": ""4""}",0,0,0,
