article_batch_name,article_number,article_filename,article_sha256,article_text_length,tua_group_uuid,tua_group_name,tua_batch_uuid,tua_batch_name,tua_batch_final,source_task_uuid,tua_uuid,namespace,topic_name,case_number,answer_uuid,extra,highlight_count,start_pos,end_pos,target_text
CovidArticles/Covid_article_for_PE_S&S&S.txt,100059,Covid_article_for_PE_S&S&S.txt,4b537e0ed21179a29ed28da28057d338e67330ae12123ccceba6724f35bd68a4,6794,496f1cfe-cc73-45fe-bc74-d23a8668713f,Covid_Probabilityv1.IAA,6a27d520-5beb-4dc7-8500-0f68ff73d8fd,tua_csv/2020/06/Adj_S_IAA_Covid_Probabilityv1-Task-2231-DataHunt.csv.gz,True,615235b3-4ead-45c6-9666-2d9b5df2ae79,353d55e2-b82f-416b-8345-6c08e615b86a,Covid_Probability,3adf818c,0,3adf818c-86cd-457b-8a4e-3d737aa3a659,"{""answer_text_list"": [""Yes, explicitly"", ""Yes, explicitly"", ""Yes, explicitly""]}",3,2238,2272,Certain factors increased the risk
CovidArticles/Covid_article_for_PE_S&S&S.txt,100059,Covid_article_for_PE_S&S&S.txt,4b537e0ed21179a29ed28da28057d338e67330ae12123ccceba6724f35bd68a4,6794,496f1cfe-cc73-45fe-bc74-d23a8668713f,Covid_Probabilityv1.IAA,6a27d520-5beb-4dc7-8500-0f68ff73d8fd,tua_csv/2020/06/Adj_S_IAA_Covid_Probabilityv1-Task-2231-DataHunt.csv.gz,True,615235b3-4ead-45c6-9666-2d9b5df2ae79,353d55e2-b82f-416b-8345-6c08e615b86a,Covid_Probability,3adf818c,0,3adf818c-86cd-457b-8a4e-3d737aa3a659,"{""answer_text_list"": [""Yes, explicitly"", ""Yes, explicitly"", ""Yes, explicitly""]}",3,2536,2584,Mitigating those risks can reduce the likelihood
CovidArticles/Covid_article_for_PE_S&S&S.txt,100059,Covid_article_for_PE_S&S&S.txt,4b537e0ed21179a29ed28da28057d338e67330ae12123ccceba6724f35bd68a4,6794,496f1cfe-cc73-45fe-bc74-d23a8668713f,Covid_Probabilityv1.IAA,6a27d520-5beb-4dc7-8500-0f68ff73d8fd,tua_csv/2020/06/Adj_S_IAA_Covid_Probabilityv1-Task-2231-DataHunt.csv.gz,True,615235b3-4ead-45c6-9666-2d9b5df2ae79,353d55e2-b82f-416b-8345-6c08e615b86a,Covid_Probability,3adf818c,0,3adf818c-86cd-457b-8a4e-3d737aa3a659,"{""answer_text_list"": [""Yes, explicitly"", ""Yes, explicitly"", ""Yes, explicitly""]}",3,2740,2792,it need not cause serious mental health difficulties
CovidArticles/Covid_article_for_PE_S&S&S.txt,100059,Covid_article_for_PE_S&S&S.txt,4b537e0ed21179a29ed28da28057d338e67330ae12123ccceba6724f35bd68a4,6794,496f1cfe-cc73-45fe-bc74-d23a8668713f,Covid_Probabilityv1.IAA,6a27d520-5beb-4dc7-8500-0f68ff73d8fd,tua_csv/2020/06/Adj_S_IAA_Covid_Probabilityv1-Task-2231-DataHunt.csv.gz,True,615235b3-4ead-45c6-9666-2d9b5df2ae79,1bfb80ea-3883-4d17-b797-8728ce86368f,Covid_Probability,4b1bcfd1,0,4b1bcfd1-d43c-4de7-af2c-3840c55330f3,"{""answer_text_list"": [""3""]}",0,0,0,
CovidArticles/Covid_article_for_PE_S&S&S.txt,100059,Covid_article_for_PE_S&S&S.txt,4b537e0ed21179a29ed28da28057d338e67330ae12123ccceba6724f35bd68a4,6794,496f1cfe-cc73-45fe-bc74-d23a8668713f,Covid_Probabilityv1.IAA,6a27d520-5beb-4dc7-8500-0f68ff73d8fd,tua_csv/2020/06/Adj_S_IAA_Covid_Probabilityv1-Task-2231-DataHunt.csv.gz,True,615235b3-4ead-45c6-9666-2d9b5df2ae79,7cb78bec-1428-434b-8c49-75e8c5a6505b,Covid_Probability,5606d8e9,0,5606d8e9-7ace-405f-a87e-5ef9f7c2e8eb,"{""answer_text_list"": [""No, not at all""]}",0,0,0,
CovidArticles/Covid_article_for_PE_S&S&S.txt,100059,Covid_article_for_PE_S&S&S.txt,4b537e0ed21179a29ed28da28057d338e67330ae12123ccceba6724f35bd68a4,6794,496f1cfe-cc73-45fe-bc74-d23a8668713f,Covid_Probabilityv1.IAA,6a27d520-5beb-4dc7-8500-0f68ff73d8fd,tua_csv/2020/06/Adj_S_IAA_Covid_Probabilityv1-Task-2231-DataHunt.csv.gz,True,615235b3-4ead-45c6-9666-2d9b5df2ae79,e4bf4dae-2ca8-45a4-a8f9-c1f924eb9512,Covid_Probability,5b37eb4e,0,5b37eb4e-9b10-42c0-8954-84682bf69794,"{""answer_text_list"": [""6""]}",0,0,0,
CovidArticles/Covid_article_for_PE_S&S&S.txt,100059,Covid_article_for_PE_S&S&S.txt,4b537e0ed21179a29ed28da28057d338e67330ae12123ccceba6724f35bd68a4,6794,496f1cfe-cc73-45fe-bc74-d23a8668713f,Covid_Probabilityv1.IAA,6a27d520-5beb-4dc7-8500-0f68ff73d8fd,tua_csv/2020/06/Adj_S_IAA_Covid_Probabilityv1-Task-2231-DataHunt.csv.gz,True,615235b3-4ead-45c6-9666-2d9b5df2ae79,547e2d86-031a-428f-a28d-e68a1ff489a4,Covid_Probability,93f9e87c,0,93f9e87c-fc74-48b2-9f74-523a705c0f2d,"{""answer_text_list"": [""No""]}",0,0,0,
CovidArticles/Covid_article_for_PE_S&S&S.txt,100059,Covid_article_for_PE_S&S&S.txt,4b537e0ed21179a29ed28da28057d338e67330ae12123ccceba6724f35bd68a4,6794,496f1cfe-cc73-45fe-bc74-d23a8668713f,Covid_Probabilityv1.IAA,6a27d520-5beb-4dc7-8500-0f68ff73d8fd,tua_csv/2020/06/Adj_S_IAA_Covid_Probabilityv1-Task-2231-DataHunt.csv.gz,True,615235b3-4ead-45c6-9666-2d9b5df2ae79,9490fa98-2ad2-4142-b7e9-37469dc29261,Covid_Probability,9641a3b1,0,9641a3b1-9b19-46f9-b1f7-80b79bf5d6a1,"{""answer_text_list"": [""No""]}",0,0,0,
