article_batch_name,article_number,article_filename,article_sha256,article_text_length,tua_group_uuid,tua_group_name,tua_batch_uuid,tua_batch_name,tua_batch_final,source_task_uuid,tua_uuid,namespace,topic_name,case_number,answer_uuid,extra,highlight_count,start_pos,end_pos,target_text
CovidArticles/Over1000PeopleCuredOf.txt,100057,Over1000PeopleCuredOf.txt,7d1747829a65cd4dad0faf30a704875a125e9decce3b3bcc82f151193923aad8,1630,51009265-25fd-4828-8ad8-b7c373bd4c58,Covid_Evidencev1.adjudicated,9f4a4239-b586-4672-81db-7a2bc6d90073,Adjudicator Nick Adams QUIZ source task 2188 article number 100057 project 196,True,b70500ce-f185-42bf-bced-76b4f968def0,72eb53b0-7be8-4846-b6a9-82b23e8d9807,Covid_Evidence2020_03_21,01.01.01,1,73d7a14a-9ec6-404c-b2b7-a55508af3b76,"{""answer_text"": ""General Causation (In general, X causes Y.)""}",1,333,551,"8,514 people are currently infected with coronavirus in Italy, while 631 have died from the disease and 1,004 who were infected have since recovered. Some 10,149 are reported to have been infected in the country in all"
CovidArticles/Over1000PeopleCuredOf.txt,100057,Over1000PeopleCuredOf.txt,7d1747829a65cd4dad0faf30a704875a125e9decce3b3bcc82f151193923aad8,1630,51009265-25fd-4828-8ad8-b7c373bd4c58,Covid_Evidencev1.adjudicated,9f4a4239-b586-4672-81db-7a2bc6d90073,Adjudicator Nick Adams QUIZ source task 2188 article number 100057 project 196,True,b70500ce-f185-42bf-bced-76b4f968def0,b24fb268-19ef-4252-9e37-1dc47a398a31,Covid_Evidence2020_03_21,01.02.01,0,5a1fb1f4-d8b7-45c0-bce5-7d4c3b91c55f,"{""answer_text"": ""Correlation""}",2,333,385,"8,514 people are currently infected with coronavirus"
CovidArticles/Over1000PeopleCuredOf.txt,100057,Over1000PeopleCuredOf.txt,7d1747829a65cd4dad0faf30a704875a125e9decce3b3bcc82f151193923aad8,1630,51009265-25fd-4828-8ad8-b7c373bd4c58,Covid_Evidencev1.adjudicated,9f4a4239-b586-4672-81db-7a2bc6d90073,Adjudicator Nick Adams QUIZ source task 2188 article number 100057 project 196,True,b70500ce-f185-42bf-bced-76b4f968def0,b24fb268-19ef-4252-9e37-1dc47a398a31,Covid_Evidence2020_03_21,01.02.01,0,5a1fb1f4-d8b7-45c0-bce5-7d4c3b91c55f,"{""answer_text"": ""Correlation""}",2,402,432,631 have died from the disease
CovidArticles/Over1000PeopleCuredOf.txt,100057,Over1000PeopleCuredOf.txt,7d1747829a65cd4dad0faf30a704875a125e9decce3b3bcc82f151193923aad8,1630,51009265-25fd-4828-8ad8-b7c373bd4c58,Covid_Evidencev1.adjudicated,9f4a4239-b586-4672-81db-7a2bc6d90073,Adjudicator Nick Adams QUIZ source task 2188 article number 100057 project 196,True,b70500ce-f185-42bf-bced-76b4f968def0,56ee4ef8-1cce-4b02-83ea-b4c74389b42d,Covid_Evidence2020_03_21,01.02.02,0,ba2d1638-2509-4ce8-9130-39ea26d1d424,"{""answer_text"": ""Cause precedes effect""}",1,402,432,631 have died from the disease
CovidArticles/Over1000PeopleCuredOf.txt,100057,Over1000PeopleCuredOf.txt,7d1747829a65cd4dad0faf30a704875a125e9decce3b3bcc82f151193923aad8,1630,51009265-25fd-4828-8ad8-b7c373bd4c58,Covid_Evidencev1.adjudicated,9f4a4239-b586-4672-81db-7a2bc6d90073,Adjudicator Nick Adams QUIZ source task 2188 article number 100057 project 196,True,b70500ce-f185-42bf-bced-76b4f968def0,6633ab96-2d44-4baf-b3cf-60d896638d6b,Covid_Evidence2020_03_21,01.04.01,0,1b8f27c0-91ce-4230-89db-72f6f08af2d8,"{""answer_text"": ""Very representative (Also choose this if entire population is examined)""}",0,0,0,
CovidArticles/Over1000PeopleCuredOf.txt,100057,Over1000PeopleCuredOf.txt,7d1747829a65cd4dad0faf30a704875a125e9decce3b3bcc82f151193923aad8,1630,51009265-25fd-4828-8ad8-b7c373bd4c58,Covid_Evidencev1.adjudicated,9f4a4239-b586-4672-81db-7a2bc6d90073,Adjudicator Nick Adams QUIZ source task 2188 article number 100057 project 196,True,b70500ce-f185-42bf-bced-76b4f968def0,6eb06869-5f1a-4989-836f-47f3390ed600,Covid_Evidence2020_03_21,01.07.01,0,682be4e9-7e39-45b2-82e6-9f6300bb173c,"{""answer_text"": ""k""}",0,0,0,
CovidArticles/Over1000PeopleCuredOf.txt,100057,Over1000PeopleCuredOf.txt,7d1747829a65cd4dad0faf30a704875a125e9decce3b3bcc82f151193923aad8,1630,51009265-25fd-4828-8ad8-b7c373bd4c58,Covid_Evidencev1.adjudicated,9f4a4239-b586-4672-81db-7a2bc6d90073,Adjudicator Nick Adams QUIZ source task 2188 article number 100057 project 196,True,b70500ce-f185-42bf-bced-76b4f968def0,7e7485a9-88b0-4e6b-956b-d5dd28f07a38,Covid_Evidence2020_03_21,01.08.05,0,8eab0dab-e8d4-41ea-af54-5dea4d1e6964,"{""answer_text"": ""Much less likely""}",0,0,0,
CovidArticles/Over1000PeopleCuredOf.txt,100057,Over1000PeopleCuredOf.txt,7d1747829a65cd4dad0faf30a704875a125e9decce3b3bcc82f151193923aad8,1630,51009265-25fd-4828-8ad8-b7c373bd4c58,Covid_Evidencev1.adjudicated,9f4a4239-b586-4672-81db-7a2bc6d90073,Adjudicator Nick Adams QUIZ source task 2188 article number 100057 project 196,True,b70500ce-f185-42bf-bced-76b4f968def0,382e7df9-7827-4842-8f64-e02394b021f9,Covid_Evidence2020_03_21,01.09.02,1,ce339f45-14dc-415e-a131-0080183cec70,"{""answer_text"": ""Maybe""}",1,333,481,"8,514 people are currently infected with coronavirus in Italy, while 631 have died from the disease and 1,004 who were infected have since recovered"
CovidArticles/Over1000PeopleCuredOf.txt,100057,Over1000PeopleCuredOf.txt,7d1747829a65cd4dad0faf30a704875a125e9decce3b3bcc82f151193923aad8,1630,51009265-25fd-4828-8ad8-b7c373bd4c58,Covid_Evidencev1.adjudicated,9f4a4239-b586-4672-81db-7a2bc6d90073,Adjudicator Nick Adams QUIZ source task 2188 article number 100057 project 196,True,b70500ce-f185-42bf-bced-76b4f968def0,1dec6c2e-4f32-42a0-8982-d34840292a14,Covid_Evidence2020_03_21,01.10.04,0,62751dbf-ff76-49e6-9070-66215389acde,"{""answer_text"": ""Somewhat Unlikely""}",0,0,0,
CovidArticles/Over1000PeopleCuredOf.txt,100057,Over1000PeopleCuredOf.txt,7d1747829a65cd4dad0faf30a704875a125e9decce3b3bcc82f151193923aad8,1630,51009265-25fd-4828-8ad8-b7c373bd4c58,Covid_Evidencev1.adjudicated,9f4a4239-b586-4672-81db-7a2bc6d90073,Adjudicator Nick Adams QUIZ source task 2188 article number 100057 project 196,True,b70500ce-f185-42bf-bced-76b4f968def0,db26ba2e-a76f-4287-8463-fc9d0c672623,Covid_Evidence2020_03_21,01.11.04,0,6a8b58aa-2748-4697-995b-c1a34149f70d,"{""answer_text"": ""Somewhat Unlikely""}",0,0,0,
CovidArticles/Over1000PeopleCuredOf.txt,100057,Over1000PeopleCuredOf.txt,7d1747829a65cd4dad0faf30a704875a125e9decce3b3bcc82f151193923aad8,1630,51009265-25fd-4828-8ad8-b7c373bd4c58,Covid_Evidencev1.adjudicated,9f4a4239-b586-4672-81db-7a2bc6d90073,Adjudicator Nick Adams QUIZ source task 2188 article number 100057 project 196,True,b70500ce-f185-42bf-bced-76b4f968def0,25bb43e9-c6a5-4f3c-af1f-44851d10c816,Covid_Evidence2020_03_21,01.12.04,0,e2e6a7d3-ad12-4ba6-ab81-f7f73bc68a83,"{""answer_text"": ""No, not at all""}",0,0,0,
CovidArticles/Over1000PeopleCuredOf.txt,100057,Over1000PeopleCuredOf.txt,7d1747829a65cd4dad0faf30a704875a125e9decce3b3bcc82f151193923aad8,1630,51009265-25fd-4828-8ad8-b7c373bd4c58,Covid_Evidencev1.adjudicated,9f4a4239-b586-4672-81db-7a2bc6d90073,Adjudicator Nick Adams QUIZ source task 2188 article number 100057 project 196,True,b70500ce-f185-42bf-bced-76b4f968def0,19afc321-02d0-47e0-8e00-7f610acdb336,Covid_Evidence2020_03_21,01.13.04,0,1d96c31d-db29-44c0-b9c3-24209075714d,"{""answer_text"": ""4""}",0,0,0,
CovidArticles/Over1000PeopleCuredOf.txt,100057,Over1000PeopleCuredOf.txt,7d1747829a65cd4dad0faf30a704875a125e9decce3b3bcc82f151193923aad8,1630,51009265-25fd-4828-8ad8-b7c373bd4c58,Covid_Evidencev1.adjudicated,9f4a4239-b586-4672-81db-7a2bc6d90073,Adjudicator Nick Adams QUIZ source task 2188 article number 100057 project 196,True,b70500ce-f185-42bf-bced-76b4f968def0,a9480930-4fdf-4282-8d2d-4efeb60acd12,Covid_Evidence2020_03_21,01.14.05,0,d4696215-f81b-46da-b965-b9377f68e6bb,"{""answer_text"": ""5: 50-50""}",0,0,0,
CovidArticles/Over1000PeopleCuredOf.txt,100057,Over1000PeopleCuredOf.txt,7d1747829a65cd4dad0faf30a704875a125e9decce3b3bcc82f151193923aad8,1630,51009265-25fd-4828-8ad8-b7c373bd4c58,Covid_Evidencev1.adjudicated,d8b41fb6-5637-4816-b7dd-5fa323e56a57,Adjudicator Nick Adams QUIZ source task 2189 article number 100057 project 196,True,d380d897-8b52-4a5b-a319-b27ea916b674,a2128600-9162-4b3b-b1f6-678316c3e8c1,Covid_Evidence2020_03_21,01.01.03,0,b5c3c5d0-4c59-4e26-8996-97cd64e29b93,"{""answer_text"": ""No causal claim made""}",0,0,0,
CovidArticles/Over1000PeopleCuredOf.txt,100057,Over1000PeopleCuredOf.txt,7d1747829a65cd4dad0faf30a704875a125e9decce3b3bcc82f151193923aad8,1630,51009265-25fd-4828-8ad8-b7c373bd4c58,Covid_Evidencev1.adjudicated,d8b41fb6-5637-4816-b7dd-5fa323e56a57,Adjudicator Nick Adams QUIZ source task 2189 article number 100057 project 196,True,d380d897-8b52-4a5b-a319-b27ea916b674,7751169c-9a8b-499f-b1ec-3c0a0b56bd7d,Covid_Evidence2020_03_21,01.09.01,1,2226abe4-b7a9-4ea8-acfd-13387300f3fb,"{""answer_text"": ""Yes""}",1,914,1061,"The average age of people affected by coronavirus in Italy is 69 years, with only 10 percent of cases affecting those between the ages of 20 and 50"
CovidArticles/Over1000PeopleCuredOf.txt,100057,Over1000PeopleCuredOf.txt,7d1747829a65cd4dad0faf30a704875a125e9decce3b3bcc82f151193923aad8,1630,51009265-25fd-4828-8ad8-b7c373bd4c58,Covid_Evidencev1.adjudicated,d8b41fb6-5637-4816-b7dd-5fa323e56a57,Adjudicator Nick Adams QUIZ source task 2189 article number 100057 project 196,True,d380d897-8b52-4a5b-a319-b27ea916b674,2b2926eb-1d2f-4ab6-b661-7395a64a6c70,Covid_Evidence2020_03_21,01.10.05,0,443d94fe-c0a2-4a8b-819f-9253a570f788,"{""answer_text"": ""Very Unlikely""}",0,0,0,
CovidArticles/Over1000PeopleCuredOf.txt,100057,Over1000PeopleCuredOf.txt,7d1747829a65cd4dad0faf30a704875a125e9decce3b3bcc82f151193923aad8,1630,51009265-25fd-4828-8ad8-b7c373bd4c58,Covid_Evidencev1.adjudicated,d8b41fb6-5637-4816-b7dd-5fa323e56a57,Adjudicator Nick Adams QUIZ source task 2189 article number 100057 project 196,True,d380d897-8b52-4a5b-a319-b27ea916b674,f012ea32-9955-464c-b7a2-234455d2ca2a,Covid_Evidence2020_03_21,01.11.01,0,33f9bec1-c2d4-4ce3-ba06-a6a50acc5ed6,"{""answer_text"": ""Extremely Likely""}",0,0,0,
CovidArticles/Over1000PeopleCuredOf.txt,100057,Over1000PeopleCuredOf.txt,7d1747829a65cd4dad0faf30a704875a125e9decce3b3bcc82f151193923aad8,1630,51009265-25fd-4828-8ad8-b7c373bd4c58,Covid_Evidencev1.adjudicated,d8b41fb6-5637-4816-b7dd-5fa323e56a57,Adjudicator Nick Adams QUIZ source task 2189 article number 100057 project 196,True,d380d897-8b52-4a5b-a319-b27ea916b674,2d9fef4f-5c43-4627-be11-c8ad04474441,Covid_Evidence2020_03_21,01.12.04,0,e2e6a7d3-ad12-4ba6-ab81-f7f73bc68a83,"{""answer_text"": ""No, not at all""}",0,0,0,
CovidArticles/Over1000PeopleCuredOf.txt,100057,Over1000PeopleCuredOf.txt,7d1747829a65cd4dad0faf30a704875a125e9decce3b3bcc82f151193923aad8,1630,51009265-25fd-4828-8ad8-b7c373bd4c58,Covid_Evidencev1.adjudicated,d8b41fb6-5637-4816-b7dd-5fa323e56a57,Adjudicator Nick Adams QUIZ source task 2189 article number 100057 project 196,True,d380d897-8b52-4a5b-a319-b27ea916b674,7841379c-a906-474b-961d-b2efbe2cc8f7,Covid_Evidence2020_03_21,01.13.02,0,10a1ef0b-5c49-4826-9f7b-70b435d65710,"{""answer_text"": ""2""}",0,0,0,
CovidArticles/Over1000PeopleCuredOf.txt,100057,Over1000PeopleCuredOf.txt,7d1747829a65cd4dad0faf30a704875a125e9decce3b3bcc82f151193923aad8,1630,51009265-25fd-4828-8ad8-b7c373bd4c58,Covid_Evidencev1.adjudicated,d8b41fb6-5637-4816-b7dd-5fa323e56a57,Adjudicator Nick Adams QUIZ source task 2189 article number 100057 project 196,True,d380d897-8b52-4a5b-a319-b27ea916b674,b7adb2c0-8cd7-49db-96c4-dce05dc2261b,Covid_Evidence2020_03_21,01.14.09,0,8193d6e2-9ccb-4993-a130-bfcc7c99dd85,"{""answer_text"": ""9""}",0,0,0,
CovidArticles/Covid_article_for_PE_S&S&S.txt,100059,Covid_article_for_PE_S&S&S.txt,4b537e0ed21179a29ed28da28057d338e67330ae12123ccceba6724f35bd68a4,6794,51009265-25fd-4828-8ad8-b7c373bd4c58,Covid_Evidencev1.adjudicated,fb85fd41-224b-4359-a24e-f4f30b5923fb,Adjudicator Nick Adams QUIZ source task 2224 article number 100059 project 196,True,edb1510f-1923-4d6f-a678-95f53d752bea,ce68d2a7-d8ea-4d68-9d46-a998cf01f15e,Covid_Evidence2020_03_21,01.01.01,0,73d7a14a-9ec6-404c-b2b7-a55508af3b76,"{""answer_text"": ""General Causation (In general, X causes Y.)""}",1,1401,1560,"Many\xa0quarantined individuals experienced both short- and long-term mental health problems, including stress, insomnia, emotional exhaustion and substance abuse"
CovidArticles/Covid_article_for_PE_S&S&S.txt,100059,Covid_article_for_PE_S&S&S.txt,4b537e0ed21179a29ed28da28057d338e67330ae12123ccceba6724f35bd68a4,6794,51009265-25fd-4828-8ad8-b7c373bd4c58,Covid_Evidencev1.adjudicated,fb85fd41-224b-4359-a24e-f4f30b5923fb,Adjudicator Nick Adams QUIZ source task 2224 article number 100059 project 196,True,edb1510f-1923-4d6f-a678-95f53d752bea,96320f6f-453b-4771-8179-730460498de1,Covid_Evidence2020_03_21,01.02.01,0,5a1fb1f4-d8b7-45c0-bce5-7d4c3b91c55f,"{""answer_text"": ""Correlation""}",2,1401,1560,"Many\xa0quarantined individuals experienced both short- and long-term mental health problems, including stress, insomnia, emotional exhaustion and substance abuse"
CovidArticles/Covid_article_for_PE_S&S&S.txt,100059,Covid_article_for_PE_S&S&S.txt,4b537e0ed21179a29ed28da28057d338e67330ae12123ccceba6724f35bd68a4,6794,51009265-25fd-4828-8ad8-b7c373bd4c58,Covid_Evidencev1.adjudicated,fb85fd41-224b-4359-a24e-f4f30b5923fb,Adjudicator Nick Adams QUIZ source task 2224 article number 100059 project 196,True,edb1510f-1923-4d6f-a678-95f53d752bea,96320f6f-453b-4771-8179-730460498de1,Covid_Evidence2020_03_21,01.02.01,0,5a1fb1f4-d8b7-45c0-bce5-7d4c3b91c55f,"{""answer_text"": ""Correlation""}",2,1679,1937,"Of 2,760 quarantined people, 34 percent, or 938 individuals, reported high levels of psychological distress, which can indicate mental health problems such as anxiety and depression, during the outbreak compared with 12 percent of non-quarantined individuals"
CovidArticles/Covid_article_for_PE_S&S&S.txt,100059,Covid_article_for_PE_S&S&S.txt,4b537e0ed21179a29ed28da28057d338e67330ae12123ccceba6724f35bd68a4,6794,51009265-25fd-4828-8ad8-b7c373bd4c58,Covid_Evidencev1.adjudicated,fb85fd41-224b-4359-a24e-f4f30b5923fb,Adjudicator Nick Adams QUIZ source task 2224 article number 100059 project 196,True,edb1510f-1923-4d6f-a678-95f53d752bea,eeb234da-6032-482f-bab3-12c135cfe6db,Covid_Evidence2020_03_21,01.02.02,0,ba2d1638-2509-4ce8-9130-39ea26d1d424,"{""answer_text"": ""Cause precedes effect""}",2,1227,1266,outcomes of people who were quarantined
CovidArticles/Covid_article_for_PE_S&S&S.txt,100059,Covid_article_for_PE_S&S&S.txt,4b537e0ed21179a29ed28da28057d338e67330ae12123ccceba6724f35bd68a4,6794,51009265-25fd-4828-8ad8-b7c373bd4c58,Covid_Evidencev1.adjudicated,fb85fd41-224b-4359-a24e-f4f30b5923fb,Adjudicator Nick Adams QUIZ source task 2224 article number 100059 project 196,True,edb1510f-1923-4d6f-a678-95f53d752bea,eeb234da-6032-482f-bab3-12c135cfe6db,Covid_Evidence2020_03_21,01.02.02,0,ba2d1638-2509-4ce8-9130-39ea26d1d424,"{""answer_text"": ""Cause precedes effect""}",2,1679,1937,"Of 2,760 quarantined people, 34 percent, or 938 individuals, reported high levels of psychological distress, which can indicate mental health problems such as anxiety and depression, during the outbreak compared with 12 percent of non-quarantined individuals"
CovidArticles/Covid_article_for_PE_S&S&S.txt,100059,Covid_article_for_PE_S&S&S.txt,4b537e0ed21179a29ed28da28057d338e67330ae12123ccceba6724f35bd68a4,6794,51009265-25fd-4828-8ad8-b7c373bd4c58,Covid_Evidencev1.adjudicated,fb85fd41-224b-4359-a24e-f4f30b5923fb,Adjudicator Nick Adams QUIZ source task 2224 article number 100059 project 196,True,edb1510f-1923-4d6f-a678-95f53d752bea,700bf653-b723-4911-b51f-58912c7cc596,Covid_Evidence2020_03_21,01.02.03,0,fee5e5ec-ce13-43e7-aca6-5babee4eb8a5,"{""answer_text"": ""The correlation appears across multiple independent contexts""}",2,1177,1197,evaluated 24 studies
CovidArticles/Covid_article_for_PE_S&S&S.txt,100059,Covid_article_for_PE_S&S&S.txt,4b537e0ed21179a29ed28da28057d338e67330ae12123ccceba6724f35bd68a4,6794,51009265-25fd-4828-8ad8-b7c373bd4c58,Covid_Evidencev1.adjudicated,fb85fd41-224b-4359-a24e-f4f30b5923fb,Adjudicator Nick Adams QUIZ source task 2224 article number 100059 project 196,True,edb1510f-1923-4d6f-a678-95f53d752bea,700bf653-b723-4911-b51f-58912c7cc596,Covid_Evidence2020_03_21,01.02.03,0,fee5e5ec-ce13-43e7-aca6-5babee4eb8a5,"{""answer_text"": ""The correlation appears across multiple independent contexts""}",2,1306,1399,"during outbreaks of SARS, H1N1 flu, Ebola and other infectious diseases since the early 2000s"
CovidArticles/Covid_article_for_PE_S&S&S.txt,100059,Covid_article_for_PE_S&S&S.txt,4b537e0ed21179a29ed28da28057d338e67330ae12123ccceba6724f35bd68a4,6794,51009265-25fd-4828-8ad8-b7c373bd4c58,Covid_Evidencev1.adjudicated,fb85fd41-224b-4359-a24e-f4f30b5923fb,Adjudicator Nick Adams QUIZ source task 2224 article number 100059 project 196,True,edb1510f-1923-4d6f-a678-95f53d752bea,b7d8e271-b090-4121-a521-fe150dc78034,Covid_Evidence2020_03_21,01.02.05,0,780989ca-2765-4989-9cc3-08f3874489e0,"{""answer_text"": ""An experimental study was conducted (natural experiments OK)""}",4,1187,1197,24 studies
CovidArticles/Covid_article_for_PE_S&S&S.txt,100059,Covid_article_for_PE_S&S&S.txt,4b537e0ed21179a29ed28da28057d338e67330ae12123ccceba6724f35bd68a4,6794,51009265-25fd-4828-8ad8-b7c373bd4c58,Covid_Evidencev1.adjudicated,fb85fd41-224b-4359-a24e-f4f30b5923fb,Adjudicator Nick Adams QUIZ source task 2224 article number 100059 project 196,True,edb1510f-1923-4d6f-a678-95f53d752bea,b7d8e271-b090-4121-a521-fe150dc78034,Covid_Evidence2020_03_21,01.02.05,0,780989ca-2765-4989-9cc3-08f3874489e0,"{""answer_text"": ""An experimental study was conducted (natural experiments OK)""}",4,1213,1245,psychological outcomes of people
CovidArticles/Covid_article_for_PE_S&S&S.txt,100059,Covid_article_for_PE_S&S&S.txt,4b537e0ed21179a29ed28da28057d338e67330ae12123ccceba6724f35bd68a4,6794,51009265-25fd-4828-8ad8-b7c373bd4c58,Covid_Evidencev1.adjudicated,fb85fd41-224b-4359-a24e-f4f30b5923fb,Adjudicator Nick Adams QUIZ source task 2224 article number 100059 project 196,True,edb1510f-1923-4d6f-a678-95f53d752bea,b7d8e271-b090-4121-a521-fe150dc78034,Covid_Evidence2020_03_21,01.02.05,0,780989ca-2765-4989-9cc3-08f3874489e0,"{""answer_text"": ""An experimental study was conducted (natural experiments OK)""}",4,1562,1677,"For instance, one study compared quarantined versus non-quarantined individuals during an equine influenza outbreak"
CovidArticles/Covid_article_for_PE_S&S&S.txt,100059,Covid_article_for_PE_S&S&S.txt,4b537e0ed21179a29ed28da28057d338e67330ae12123ccceba6724f35bd68a4,6794,51009265-25fd-4828-8ad8-b7c373bd4c58,Covid_Evidencev1.adjudicated,fb85fd41-224b-4359-a24e-f4f30b5923fb,Adjudicator Nick Adams QUIZ source task 2224 article number 100059 project 196,True,edb1510f-1923-4d6f-a678-95f53d752bea,b7d8e271-b090-4121-a521-fe150dc78034,Covid_Evidence2020_03_21,01.02.05,0,780989ca-2765-4989-9cc3-08f3874489e0,"{""answer_text"": ""An experimental study was conducted (natural experiments OK)""}",4,1679,1937,"Of 2,760 quarantined people, 34 percent, or 938 individuals, reported high levels of psychological distress, which can indicate mental health problems such as anxiety and depression, during the outbreak compared with 12 percent of non-quarantined individuals"
CovidArticles/Covid_article_for_PE_S&S&S.txt,100059,Covid_article_for_PE_S&S&S.txt,4b537e0ed21179a29ed28da28057d338e67330ae12123ccceba6724f35bd68a4,6794,51009265-25fd-4828-8ad8-b7c373bd4c58,Covid_Evidencev1.adjudicated,fb85fd41-224b-4359-a24e-f4f30b5923fb,Adjudicator Nick Adams QUIZ source task 2224 article number 100059 project 196,True,edb1510f-1923-4d6f-a678-95f53d752bea,90709c82-3f18-4500-b8b5-38429569c947,Covid_Evidence2020_03_21,01.04.02,0,e07bdb8b-fbcc-45c7-8bc2-4dd925f035ca,"{""answer_text"": ""Fairly representative""}",0,0,0,
CovidArticles/Covid_article_for_PE_S&S&S.txt,100059,Covid_article_for_PE_S&S&S.txt,4b537e0ed21179a29ed28da28057d338e67330ae12123ccceba6724f35bd68a4,6794,51009265-25fd-4828-8ad8-b7c373bd4c58,Covid_Evidencev1.adjudicated,fb85fd41-224b-4359-a24e-f4f30b5923fb,Adjudicator Nick Adams QUIZ source task 2224 article number 100059 project 196,True,edb1510f-1923-4d6f-a678-95f53d752bea,4cc3062c-054f-4d27-a162-81fc7e700f5a,Covid_Evidence2020_03_21,01.05.05,0,ddb82ce8-8e29-4dfe-9aef-30e54ef42fef,"{""answer_text"": ""Can't tell; not enough info""}",0,0,0,
CovidArticles/Covid_article_for_PE_S&S&S.txt,100059,Covid_article_for_PE_S&S&S.txt,4b537e0ed21179a29ed28da28057d338e67330ae12123ccceba6724f35bd68a4,6794,51009265-25fd-4828-8ad8-b7c373bd4c58,Covid_Evidencev1.adjudicated,fb85fd41-224b-4359-a24e-f4f30b5923fb,Adjudicator Nick Adams QUIZ source task 2224 article number 100059 project 196,True,edb1510f-1923-4d6f-a678-95f53d752bea,a0d38362-1660-4eb5-ae69-6dc19507d902,Covid_Evidence2020_03_21,01.07.01,0,682be4e9-7e39-45b2-82e6-9f6300bb173c,"{""answer_text"": ""k""}",0,0,0,
CovidArticles/Covid_article_for_PE_S&S&S.txt,100059,Covid_article_for_PE_S&S&S.txt,4b537e0ed21179a29ed28da28057d338e67330ae12123ccceba6724f35bd68a4,6794,51009265-25fd-4828-8ad8-b7c373bd4c58,Covid_Evidencev1.adjudicated,fb85fd41-224b-4359-a24e-f4f30b5923fb,Adjudicator Nick Adams QUIZ source task 2224 article number 100059 project 196,True,edb1510f-1923-4d6f-a678-95f53d752bea,d025ca35-b74d-451f-bed3-c88dcf4c15e1,Covid_Evidence2020_03_21,01.08.04,0,5f82927d-95d4-4506-9d68-259aa66fcc69,"{""answer_text"": ""Somewhat less likely""}",0,0,0,
CovidArticles/Covid_article_for_PE_S&S&S.txt,100059,Covid_article_for_PE_S&S&S.txt,4b537e0ed21179a29ed28da28057d338e67330ae12123ccceba6724f35bd68a4,6794,51009265-25fd-4828-8ad8-b7c373bd4c58,Covid_Evidencev1.adjudicated,fb85fd41-224b-4359-a24e-f4f30b5923fb,Adjudicator Nick Adams QUIZ source task 2224 article number 100059 project 196,True,edb1510f-1923-4d6f-a678-95f53d752bea,9f0b83f7-44c8-40c9-958a-9ef965dce1eb,Covid_Evidence2020_03_21,01.09.01,0,2226abe4-b7a9-4ea8-acfd-13387300f3fb,"{""answer_text"": ""Yes""}",1,1679,1937,"Of 2,760 quarantined people, 34 percent, or 938 individuals, reported high levels of psychological distress, which can indicate mental health problems such as anxiety and depression, during the outbreak compared with 12 percent of non-quarantined individuals"
CovidArticles/Covid_article_for_PE_S&S&S.txt,100059,Covid_article_for_PE_S&S&S.txt,4b537e0ed21179a29ed28da28057d338e67330ae12123ccceba6724f35bd68a4,6794,51009265-25fd-4828-8ad8-b7c373bd4c58,Covid_Evidencev1.adjudicated,fb85fd41-224b-4359-a24e-f4f30b5923fb,Adjudicator Nick Adams QUIZ source task 2224 article number 100059 project 196,True,edb1510f-1923-4d6f-a678-95f53d752bea,6e013031-992b-45ea-9589-fb2812ce4dd0,Covid_Evidence2020_03_21,01.10.04,0,62751dbf-ff76-49e6-9070-66215389acde,"{""answer_text"": ""Somewhat Unlikely""}",0,0,0,
CovidArticles/Covid_article_for_PE_S&S&S.txt,100059,Covid_article_for_PE_S&S&S.txt,4b537e0ed21179a29ed28da28057d338e67330ae12123ccceba6724f35bd68a4,6794,51009265-25fd-4828-8ad8-b7c373bd4c58,Covid_Evidencev1.adjudicated,fb85fd41-224b-4359-a24e-f4f30b5923fb,Adjudicator Nick Adams QUIZ source task 2224 article number 100059 project 196,True,edb1510f-1923-4d6f-a678-95f53d752bea,ce06d5a3-5ea5-46ee-a873-aeec6110db4b,Covid_Evidence2020_03_21,01.11.04,0,6a8b58aa-2748-4697-995b-c1a34149f70d,"{""answer_text"": ""Somewhat Unlikely""}",0,0,0,
CovidArticles/Covid_article_for_PE_S&S&S.txt,100059,Covid_article_for_PE_S&S&S.txt,4b537e0ed21179a29ed28da28057d338e67330ae12123ccceba6724f35bd68a4,6794,51009265-25fd-4828-8ad8-b7c373bd4c58,Covid_Evidencev1.adjudicated,fb85fd41-224b-4359-a24e-f4f30b5923fb,Adjudicator Nick Adams QUIZ source task 2224 article number 100059 project 196,True,edb1510f-1923-4d6f-a678-95f53d752bea,63672601-2649-4223-a353-8adccf6527a0,Covid_Evidence2020_03_21,01.12.02,0,a0972088-cb65-4764-a4ee-3be2b2bd100a,"{""answer_text"": ""Yes, implicitly""}",1,1023,1106,Research on the psychological toll of social distancing during epidemics is limited
CovidArticles/Covid_article_for_PE_S&S&S.txt,100059,Covid_article_for_PE_S&S&S.txt,4b537e0ed21179a29ed28da28057d338e67330ae12123ccceba6724f35bd68a4,6794,51009265-25fd-4828-8ad8-b7c373bd4c58,Covid_Evidencev1.adjudicated,fb85fd41-224b-4359-a24e-f4f30b5923fb,Adjudicator Nick Adams QUIZ source task 2224 article number 100059 project 196,True,edb1510f-1923-4d6f-a678-95f53d752bea,786dad45-303a-4cfc-b007-e948d080a5b3,Covid_Evidence2020_03_21,01.13.05,0,73d8f381-e2b9-41fd-ac96-e17752b6c26a,"{""answer_text"": ""5: Middling difficulty""}",0,0,0,
CovidArticles/Covid_article_for_PE_S&S&S.txt,100059,Covid_article_for_PE_S&S&S.txt,4b537e0ed21179a29ed28da28057d338e67330ae12123ccceba6724f35bd68a4,6794,51009265-25fd-4828-8ad8-b7c373bd4c58,Covid_Evidencev1.adjudicated,fb85fd41-224b-4359-a24e-f4f30b5923fb,Adjudicator Nick Adams QUIZ source task 2224 article number 100059 project 196,True,edb1510f-1923-4d6f-a678-95f53d752bea,105e022c-1a2f-4411-aec5-0e6cc2fc89f4,Covid_Evidence2020_03_21,01.14.07,0,d5cfa621-a240-4ac2-b702-13d7117a947a,"{""answer_text"": ""7""}",0,0,0,
CovidArticles/Over1000PeopleCuredOf.txt,100057,Over1000PeopleCuredOf.txt,7d1747829a65cd4dad0faf30a704875a125e9decce3b3bcc82f151193923aad8,1630,51009265-25fd-4828-8ad8-b7c373bd4c58,Covid_Evidencev1.adjudicated,fb0fc4d4-5fa4-41f9-a8a6-2b46de2ec7a8,Adjudicator Nick Adams QUIZ source task 2187 article number 100057 project 196,True,fe008311-4d69-465a-85e0-f14455a827a4,0292b038-3621-4c4e-8521-02d66a002e76,Covid_Evidence2020_03_21,01.01.03,0,b5c3c5d0-4c59-4e26-8996-97cd64e29b93,"{""answer_text"": ""No causal claim made""}",0,0,0,
CovidArticles/Over1000PeopleCuredOf.txt,100057,Over1000PeopleCuredOf.txt,7d1747829a65cd4dad0faf30a704875a125e9decce3b3bcc82f151193923aad8,1630,51009265-25fd-4828-8ad8-b7c373bd4c58,Covid_Evidencev1.adjudicated,fb0fc4d4-5fa4-41f9-a8a6-2b46de2ec7a8,Adjudicator Nick Adams QUIZ source task 2187 article number 100057 project 196,True,fe008311-4d69-465a-85e0-f14455a827a4,37bb3743-4162-412e-847c-563b86ffbef0,Covid_Evidence2020_03_21,01.09.02,1,ce339f45-14dc-415e-a131-0080183cec70,"{""answer_text"": ""Maybe""}",1,554,683,"On Tuesday, the number of current cases of contagion in Italy grew by only 529, as opposed to the growth of 1,598 cases on Monday"
CovidArticles/Over1000PeopleCuredOf.txt,100057,Over1000PeopleCuredOf.txt,7d1747829a65cd4dad0faf30a704875a125e9decce3b3bcc82f151193923aad8,1630,51009265-25fd-4828-8ad8-b7c373bd4c58,Covid_Evidencev1.adjudicated,fb0fc4d4-5fa4-41f9-a8a6-2b46de2ec7a8,Adjudicator Nick Adams QUIZ source task 2187 article number 100057 project 196,True,fe008311-4d69-465a-85e0-f14455a827a4,17cd1d4d-f2bc-46ea-ace9-36bb30906f7f,Covid_Evidence2020_03_21,01.10.02,0,14d9f2a5-3d50-4e30-bfe2-2465fa560482,"{""answer_text"": ""Somewhat Likely""}",0,0,0,
CovidArticles/Over1000PeopleCuredOf.txt,100057,Over1000PeopleCuredOf.txt,7d1747829a65cd4dad0faf30a704875a125e9decce3b3bcc82f151193923aad8,1630,51009265-25fd-4828-8ad8-b7c373bd4c58,Covid_Evidencev1.adjudicated,fb0fc4d4-5fa4-41f9-a8a6-2b46de2ec7a8,Adjudicator Nick Adams QUIZ source task 2187 article number 100057 project 196,True,fe008311-4d69-465a-85e0-f14455a827a4,bbca2edf-b610-48c9-a536-bc4db6729936,Covid_Evidence2020_03_21,01.11.03,0,e7da0f8e-592a-4176-9a96-1352acd29b49,"{""answer_text"": ""Not Sure""}",0,0,0,
CovidArticles/Over1000PeopleCuredOf.txt,100057,Over1000PeopleCuredOf.txt,7d1747829a65cd4dad0faf30a704875a125e9decce3b3bcc82f151193923aad8,1630,51009265-25fd-4828-8ad8-b7c373bd4c58,Covid_Evidencev1.adjudicated,fb0fc4d4-5fa4-41f9-a8a6-2b46de2ec7a8,Adjudicator Nick Adams QUIZ source task 2187 article number 100057 project 196,True,fe008311-4d69-465a-85e0-f14455a827a4,4fa451f7-a767-4efb-b955-f7ae27eb21b1,Covid_Evidence2020_03_21,01.12.04,0,e2e6a7d3-ad12-4ba6-ab81-f7f73bc68a83,"{""answer_text"": ""No, not at all""}",0,0,0,
CovidArticles/Over1000PeopleCuredOf.txt,100057,Over1000PeopleCuredOf.txt,7d1747829a65cd4dad0faf30a704875a125e9decce3b3bcc82f151193923aad8,1630,51009265-25fd-4828-8ad8-b7c373bd4c58,Covid_Evidencev1.adjudicated,fb0fc4d4-5fa4-41f9-a8a6-2b46de2ec7a8,Adjudicator Nick Adams QUIZ source task 2187 article number 100057 project 196,True,fe008311-4d69-465a-85e0-f14455a827a4,ae97ac87-6de4-4268-ad36-3bfef6f4cbab,Covid_Evidence2020_03_21,01.13.02,0,10a1ef0b-5c49-4826-9f7b-70b435d65710,"{""answer_text"": ""2""}",0,0,0,
CovidArticles/Over1000PeopleCuredOf.txt,100057,Over1000PeopleCuredOf.txt,7d1747829a65cd4dad0faf30a704875a125e9decce3b3bcc82f151193923aad8,1630,51009265-25fd-4828-8ad8-b7c373bd4c58,Covid_Evidencev1.adjudicated,fb0fc4d4-5fa4-41f9-a8a6-2b46de2ec7a8,Adjudicator Nick Adams QUIZ source task 2187 article number 100057 project 196,True,fe008311-4d69-465a-85e0-f14455a827a4,c5c219e7-018f-4c35-9ca6-9a4b20e69b66,Covid_Evidence2020_03_21,01.14.08,0,b893fb09-085e-4997-b6b6-c1fd83735056,"{""answer_text"": ""8""}",0,0,0,
CovidArticles/Over1000PeopleCuredOf.txt,100057,Over1000PeopleCuredOf.txt,7d1747829a65cd4dad0faf30a704875a125e9decce3b3bcc82f151193923aad8,1630,51009265-25fd-4828-8ad8-b7c373bd4c58,Covid_Evidencev1.adjudicated,14abb59d-5452-4b8e-a5cc-d7702fc7a761,Adjudicator Nick Adams QUIZ source task 2190 article number 100057 project 196,True,5985e15b-66bd-41c5-9659-86fab8376b8d,12c0352c-5ed2-475d-a817-7ffb9274dee8,Covid_Evidence2020_03_21,01.01.01,1,73d7a14a-9ec6-404c-b2b7-a55508af3b76,"{""answer_text"": ""General Causation (In general, X causes Y.)""}",1,1172,1227,"fewer than 5,000 deaths worldwide (4,284) from COVID-19"
CovidArticles/Over1000PeopleCuredOf.txt,100057,Over1000PeopleCuredOf.txt,7d1747829a65cd4dad0faf30a704875a125e9decce3b3bcc82f151193923aad8,1630,51009265-25fd-4828-8ad8-b7c373bd4c58,Covid_Evidencev1.adjudicated,14abb59d-5452-4b8e-a5cc-d7702fc7a761,Adjudicator Nick Adams QUIZ source task 2190 article number 100057 project 196,True,5985e15b-66bd-41c5-9659-86fab8376b8d,06f98ace-9813-4e38-bca6-ed934d62aea0,Covid_Evidence2020_03_21,01.01.03,0,b5c3c5d0-4c59-4e26-8996-97cd64e29b93,"{""answer_text"": ""No causal claim made""}",0,0,0,
CovidArticles/Over1000PeopleCuredOf.txt,100057,Over1000PeopleCuredOf.txt,7d1747829a65cd4dad0faf30a704875a125e9decce3b3bcc82f151193923aad8,1630,51009265-25fd-4828-8ad8-b7c373bd4c58,Covid_Evidencev1.adjudicated,14abb59d-5452-4b8e-a5cc-d7702fc7a761,Adjudicator Nick Adams QUIZ source task 2190 article number 100057 project 196,True,5985e15b-66bd-41c5-9659-86fab8376b8d,dab2ea61-0a3a-4c20-b7a1-26ba71cb028a,Covid_Evidence2020_03_21,01.02.02,1,ba2d1638-2509-4ce8-9130-39ea26d1d424,"{""answer_text"": ""Cause precedes effect""}",1,1214,1227,from COVID-19
CovidArticles/Over1000PeopleCuredOf.txt,100057,Over1000PeopleCuredOf.txt,7d1747829a65cd4dad0faf30a704875a125e9decce3b3bcc82f151193923aad8,1630,51009265-25fd-4828-8ad8-b7c373bd4c58,Covid_Evidencev1.adjudicated,14abb59d-5452-4b8e-a5cc-d7702fc7a761,Adjudicator Nick Adams QUIZ source task 2190 article number 100057 project 196,True,5985e15b-66bd-41c5-9659-86fab8376b8d,f62395ee-6d81-4339-a2aa-cd51862cb0c6,Covid_Evidence2020_03_21,01.02.03,1,fee5e5ec-ce13-43e7-aca6-5babee4eb8a5,"{""answer_text"": ""The correlation appears across multiple independent contexts""}",1,1196,1205,worldwide
CovidArticles/Over1000PeopleCuredOf.txt,100057,Over1000PeopleCuredOf.txt,7d1747829a65cd4dad0faf30a704875a125e9decce3b3bcc82f151193923aad8,1630,51009265-25fd-4828-8ad8-b7c373bd4c58,Covid_Evidencev1.adjudicated,14abb59d-5452-4b8e-a5cc-d7702fc7a761,Adjudicator Nick Adams QUIZ source task 2190 article number 100057 project 196,True,5985e15b-66bd-41c5-9659-86fab8376b8d,02a84c54-9e50-4e9f-8511-414fa0a2a7f5,Covid_Evidence2020_03_21,01.02.08,0,857d25f3-1a9c-45a3-b9dc-5cdc41e9d438,"{""answer_text"": ""Other evidence""}",2,1117,1154,reports from Johns Hopkins University
CovidArticles/Over1000PeopleCuredOf.txt,100057,Over1000PeopleCuredOf.txt,7d1747829a65cd4dad0faf30a704875a125e9decce3b3bcc82f151193923aad8,1630,51009265-25fd-4828-8ad8-b7c373bd4c58,Covid_Evidencev1.adjudicated,14abb59d-5452-4b8e-a5cc-d7702fc7a761,Adjudicator Nick Adams QUIZ source task 2190 article number 100057 project 196,True,5985e15b-66bd-41c5-9659-86fab8376b8d,02a84c54-9e50-4e9f-8511-414fa0a2a7f5,Covid_Evidence2020_03_21,01.02.08,0,857d25f3-1a9c-45a3-b9dc-5cdc41e9d438,"{""answer_text"": ""Other evidence""}",2,1214,1227,from COVID-19
CovidArticles/Over1000PeopleCuredOf.txt,100057,Over1000PeopleCuredOf.txt,7d1747829a65cd4dad0faf30a704875a125e9decce3b3bcc82f151193923aad8,1630,51009265-25fd-4828-8ad8-b7c373bd4c58,Covid_Evidencev1.adjudicated,14abb59d-5452-4b8e-a5cc-d7702fc7a761,Adjudicator Nick Adams QUIZ source task 2190 article number 100057 project 196,True,5985e15b-66bd-41c5-9659-86fab8376b8d,7376a26a-8499-4a39-8a1e-1e0e58540955,Covid_Evidence2020_03_21,01.03.01,0,90daa627-a188-44fb-ba2f-bf88f2743701,"{""answer_text"": "" ""}",0,0,0,
CovidArticles/Over1000PeopleCuredOf.txt,100057,Over1000PeopleCuredOf.txt,7d1747829a65cd4dad0faf30a704875a125e9decce3b3bcc82f151193923aad8,1630,51009265-25fd-4828-8ad8-b7c373bd4c58,Covid_Evidencev1.adjudicated,14abb59d-5452-4b8e-a5cc-d7702fc7a761,Adjudicator Nick Adams QUIZ source task 2190 article number 100057 project 196,True,5985e15b-66bd-41c5-9659-86fab8376b8d,85ed54ba-9d8d-40ce-95d5-01df6c53c17d,Covid_Evidence2020_03_21,01.07.01,0,682be4e9-7e39-45b2-82e6-9f6300bb173c,"{""answer_text"": "" ""}",0,0,0,
CovidArticles/Over1000PeopleCuredOf.txt,100057,Over1000PeopleCuredOf.txt,7d1747829a65cd4dad0faf30a704875a125e9decce3b3bcc82f151193923aad8,1630,51009265-25fd-4828-8ad8-b7c373bd4c58,Covid_Evidencev1.adjudicated,14abb59d-5452-4b8e-a5cc-d7702fc7a761,Adjudicator Nick Adams QUIZ source task 2190 article number 100057 project 196,True,5985e15b-66bd-41c5-9659-86fab8376b8d,ce924620-ba8e-4bb8-8300-3351107edcf0,Covid_Evidence2020_03_21,01.08.05,0,8eab0dab-e8d4-41ea-af54-5dea4d1e6964,"{""answer_text"": ""Much less likely""}",0,0,0,
CovidArticles/Over1000PeopleCuredOf.txt,100057,Over1000PeopleCuredOf.txt,7d1747829a65cd4dad0faf30a704875a125e9decce3b3bcc82f151193923aad8,1630,51009265-25fd-4828-8ad8-b7c373bd4c58,Covid_Evidencev1.adjudicated,14abb59d-5452-4b8e-a5cc-d7702fc7a761,Adjudicator Nick Adams QUIZ source task 2190 article number 100057 project 196,True,5985e15b-66bd-41c5-9659-86fab8376b8d,99659e30-8d12-4713-b95f-4d386ad7651e,Covid_Evidence2020_03_21,01.09.03,0,27ebbcb0-94fa-4477-8644-af3f6c9ea03b,"{""answer_text"": ""No""}",0,0,0,
CovidArticles/Over1000PeopleCuredOf.txt,100057,Over1000PeopleCuredOf.txt,7d1747829a65cd4dad0faf30a704875a125e9decce3b3bcc82f151193923aad8,1630,51009265-25fd-4828-8ad8-b7c373bd4c58,Covid_Evidencev1.adjudicated,14abb59d-5452-4b8e-a5cc-d7702fc7a761,Adjudicator Nick Adams QUIZ source task 2190 article number 100057 project 196,True,5985e15b-66bd-41c5-9659-86fab8376b8d,6fd4bca4-1950-4a7e-9b40-baf38acfc645,Covid_Evidence2020_03_21,01.12.03,0,3ab5de46-c20d-468f-bc74-4738378bdc11,"{""answer_text"": ""I can't tell""}",0,0,0,
CovidArticles/Over1000PeopleCuredOf.txt,100057,Over1000PeopleCuredOf.txt,7d1747829a65cd4dad0faf30a704875a125e9decce3b3bcc82f151193923aad8,1630,51009265-25fd-4828-8ad8-b7c373bd4c58,Covid_Evidencev1.adjudicated,14abb59d-5452-4b8e-a5cc-d7702fc7a761,Adjudicator Nick Adams QUIZ source task 2190 article number 100057 project 196,True,5985e15b-66bd-41c5-9659-86fab8376b8d,637340fc-24db-43b5-9bfc-523fff1afd1d,Covid_Evidence2020_03_21,01.13.05,0,73d8f381-e2b9-41fd-ac96-e17752b6c26a,"{""answer_text"": ""5: Middling difficulty""}",0,0,0,
CovidArticles/Over1000PeopleCuredOf.txt,100057,Over1000PeopleCuredOf.txt,7d1747829a65cd4dad0faf30a704875a125e9decce3b3bcc82f151193923aad8,1630,51009265-25fd-4828-8ad8-b7c373bd4c58,Covid_Evidencev1.adjudicated,14abb59d-5452-4b8e-a5cc-d7702fc7a761,Adjudicator Nick Adams QUIZ source task 2190 article number 100057 project 196,True,5985e15b-66bd-41c5-9659-86fab8376b8d,6cdebb4e-8f8d-45ff-80d1-38131e92e823,Covid_Evidence2020_03_21,01.14.09,0,8193d6e2-9ccb-4993-a130-bfcc7c99dd85,"{""answer_text"": ""9""}",0,0,0,
CovidArticles/Covid_article_for_PE_S&S&S.txt,100059,Covid_article_for_PE_S&S&S.txt,4b537e0ed21179a29ed28da28057d338e67330ae12123ccceba6724f35bd68a4,6794,51009265-25fd-4828-8ad8-b7c373bd4c58,Covid_Evidencev1.adjudicated,f903010c-a61d-4425-aefe-2a3117fc7e18,Adjudicator Nick Adams QUIZ source task 2226 article number 100059 project 196,True,f7562d2d-e884-41f7-8d1c-5163848cb3bf,206916db-53cb-4e09-9d11-ca146193c16c,Covid_Evidence2020_03_21,01.01.01,0,73d7a14a-9ec6-404c-b2b7-a55508af3b76,"{""answer_text"": ""General Causation (In general, X causes Y.)""}",1,3197,3528,"Health problems associated with social isolation tend to crop up when the situation goes on beyond a few weeks, he says. Walling people off from one another for months means the secondary effects of the pandemic, such as recession, social unrest and unemployment, could trigger unpredictable and widespread mental health challenges"
CovidArticles/Covid_article_for_PE_S&S&S.txt,100059,Covid_article_for_PE_S&S&S.txt,4b537e0ed21179a29ed28da28057d338e67330ae12123ccceba6724f35bd68a4,6794,51009265-25fd-4828-8ad8-b7c373bd4c58,Covid_Evidencev1.adjudicated,f903010c-a61d-4425-aefe-2a3117fc7e18,Adjudicator Nick Adams QUIZ source task 2226 article number 100059 project 196,True,f7562d2d-e884-41f7-8d1c-5163848cb3bf,a570ea41-9fe3-4228-885b-fd46e089499d,Covid_Evidence2020_03_21,01.02.07,0,c51b597d-2d96-4337-affe-b92836a08869,"{""answer_text"": ""Experts are cited""}",2,3129,3316,"psychiatrist Damir Huremovic of Northwell Health in Manhasset, N.Y. Health problems associated with social isolation tend to crop up when the situation goes on beyond a few weeks, he says"
CovidArticles/Covid_article_for_PE_S&S&S.txt,100059,Covid_article_for_PE_S&S&S.txt,4b537e0ed21179a29ed28da28057d338e67330ae12123ccceba6724f35bd68a4,6794,51009265-25fd-4828-8ad8-b7c373bd4c58,Covid_Evidencev1.adjudicated,f903010c-a61d-4425-aefe-2a3117fc7e18,Adjudicator Nick Adams QUIZ source task 2226 article number 100059 project 196,True,f7562d2d-e884-41f7-8d1c-5163848cb3bf,a570ea41-9fe3-4228-885b-fd46e089499d,Covid_Evidence2020_03_21,01.02.07,0,c51b597d-2d96-4337-affe-b92836a08869,"{""answer_text"": ""Experts are cited""}",2,3583,3702,"Huremovic, who cowrote and edited the 2019 book\xa0Psychiatry of Pandemics: A Mental Health Response to Infection Outbreak"
CovidArticles/Covid_article_for_PE_S&S&S.txt,100059,Covid_article_for_PE_S&S&S.txt,4b537e0ed21179a29ed28da28057d338e67330ae12123ccceba6724f35bd68a4,6794,51009265-25fd-4828-8ad8-b7c373bd4c58,Covid_Evidencev1.adjudicated,f903010c-a61d-4425-aefe-2a3117fc7e18,Adjudicator Nick Adams QUIZ source task 2226 article number 100059 project 196,True,f7562d2d-e884-41f7-8d1c-5163848cb3bf,380d3fc2-8a88-42de-bab4-7afefdf83878,Covid_Evidence2020_03_21,01.07.01,0,682be4e9-7e39-45b2-82e6-9f6300bb173c,"{""answer_text"": ""indoor air could be bad""}",0,0,0,
CovidArticles/Covid_article_for_PE_S&S&S.txt,100059,Covid_article_for_PE_S&S&S.txt,4b537e0ed21179a29ed28da28057d338e67330ae12123ccceba6724f35bd68a4,6794,51009265-25fd-4828-8ad8-b7c373bd4c58,Covid_Evidencev1.adjudicated,f903010c-a61d-4425-aefe-2a3117fc7e18,Adjudicator Nick Adams QUIZ source task 2226 article number 100059 project 196,True,f7562d2d-e884-41f7-8d1c-5163848cb3bf,6417e159-53e0-4b97-a4f9-ca1fc67bdd63,Covid_Evidence2020_03_21,01.08.04,0,5f82927d-95d4-4506-9d68-259aa66fcc69,"{""answer_text"": ""Somewhat less likely""}",0,0,0,
CovidArticles/Covid_article_for_PE_S&S&S.txt,100059,Covid_article_for_PE_S&S&S.txt,4b537e0ed21179a29ed28da28057d338e67330ae12123ccceba6724f35bd68a4,6794,51009265-25fd-4828-8ad8-b7c373bd4c58,Covid_Evidencev1.adjudicated,f903010c-a61d-4425-aefe-2a3117fc7e18,Adjudicator Nick Adams QUIZ source task 2226 article number 100059 project 196,True,f7562d2d-e884-41f7-8d1c-5163848cb3bf,c796b24c-762e-4a30-a7eb-89fb16d42000,Covid_Evidence2020_03_21,01.09.01,1,2226abe4-b7a9-4ea8-acfd-13387300f3fb,"{""answer_text"": ""Yes""}",1,1401,1937,"Many\xa0quarantined individuals experienced both short- and long-term mental health problems, including stress, insomnia, emotional exhaustion and substance abuse. For instance, one study compared quarantined versus non-quarantined individuals during an equine influenza outbreak. Of 2,760 quarantined people, 34 percent, or 938 individuals, reported high levels of psychological distress, which can indicate mental health problems such as anxiety and depression, during the outbreak compared with 12 percent of non-quarantined individuals"
CovidArticles/Covid_article_for_PE_S&S&S.txt,100059,Covid_article_for_PE_S&S&S.txt,4b537e0ed21179a29ed28da28057d338e67330ae12123ccceba6724f35bd68a4,6794,51009265-25fd-4828-8ad8-b7c373bd4c58,Covid_Evidencev1.adjudicated,f903010c-a61d-4425-aefe-2a3117fc7e18,Adjudicator Nick Adams QUIZ source task 2226 article number 100059 project 196,True,f7562d2d-e884-41f7-8d1c-5163848cb3bf,f53e32e6-f1da-46ac-b489-08578db85338,Covid_Evidence2020_03_21,01.10.04,0,62751dbf-ff76-49e6-9070-66215389acde,"{""answer_text"": ""Somewhat Unlikely""}",0,0,0,
CovidArticles/Covid_article_for_PE_S&S&S.txt,100059,Covid_article_for_PE_S&S&S.txt,4b537e0ed21179a29ed28da28057d338e67330ae12123ccceba6724f35bd68a4,6794,51009265-25fd-4828-8ad8-b7c373bd4c58,Covid_Evidencev1.adjudicated,f903010c-a61d-4425-aefe-2a3117fc7e18,Adjudicator Nick Adams QUIZ source task 2226 article number 100059 project 196,True,f7562d2d-e884-41f7-8d1c-5163848cb3bf,d253ad07-39ae-4387-9e8e-4bf6b1b20840,Covid_Evidence2020_03_21,01.11.04,0,6a8b58aa-2748-4697-995b-c1a34149f70d,"{""answer_text"": ""Somewhat Unlikely""}",0,0,0,
CovidArticles/Covid_article_for_PE_S&S&S.txt,100059,Covid_article_for_PE_S&S&S.txt,4b537e0ed21179a29ed28da28057d338e67330ae12123ccceba6724f35bd68a4,6794,51009265-25fd-4828-8ad8-b7c373bd4c58,Covid_Evidencev1.adjudicated,f903010c-a61d-4425-aefe-2a3117fc7e18,Adjudicator Nick Adams QUIZ source task 2226 article number 100059 project 196,True,f7562d2d-e884-41f7-8d1c-5163848cb3bf,8023900c-4629-4d7c-adf1-9be040874784,Covid_Evidence2020_03_21,01.12.03,0,3ab5de46-c20d-468f-bc74-4738378bdc11,"{""answer_text"": ""I can't tell""}",0,0,0,
CovidArticles/Covid_article_for_PE_S&S&S.txt,100059,Covid_article_for_PE_S&S&S.txt,4b537e0ed21179a29ed28da28057d338e67330ae12123ccceba6724f35bd68a4,6794,51009265-25fd-4828-8ad8-b7c373bd4c58,Covid_Evidencev1.adjudicated,f903010c-a61d-4425-aefe-2a3117fc7e18,Adjudicator Nick Adams QUIZ source task 2226 article number 100059 project 196,True,f7562d2d-e884-41f7-8d1c-5163848cb3bf,beffd0bc-58f9-464d-89ec-cbd8451921c7,Covid_Evidence2020_03_21,01.13.04,0,1d96c31d-db29-44c0-b9c3-24209075714d,"{""answer_text"": ""4""}",0,0,0,
CovidArticles/Covid_article_for_PE_S&S&S.txt,100059,Covid_article_for_PE_S&S&S.txt,4b537e0ed21179a29ed28da28057d338e67330ae12123ccceba6724f35bd68a4,6794,51009265-25fd-4828-8ad8-b7c373bd4c58,Covid_Evidencev1.adjudicated,f903010c-a61d-4425-aefe-2a3117fc7e18,Adjudicator Nick Adams QUIZ source task 2226 article number 100059 project 196,True,f7562d2d-e884-41f7-8d1c-5163848cb3bf,75682f31-c457-477f-a92f-e786a21a9998,Covid_Evidence2020_03_21,01.14.07,0,d5cfa621-a240-4ac2-b702-13d7117a947a,"{""answer_text"": ""7""}",0,0,0,
CovidArticles/Covid_article_for_PE_S&S&S.txt,100059,Covid_article_for_PE_S&S&S.txt,4b537e0ed21179a29ed28da28057d338e67330ae12123ccceba6724f35bd68a4,6794,51009265-25fd-4828-8ad8-b7c373bd4c58,Covid_Evidencev1.adjudicated,3e8fc666-262f-4ca6-85ea-b32b801ceb1d,Adjudicator Nick Adams QUIZ source task 2225 article number 100059 project 196,True,24657063-8eb5-4cf4-83d1-f39945922c3f,b5af558c-f7b7-4a70-9681-a05aaecc55b2,Covid_Evidence2020_03_21,01.01.01,0,73d7a14a-9ec6-404c-b2b7-a55508af3b76,"{""answer_text"": ""General Causation (In general, X causes Y.)""}",1,1939,2534,"Another study looked at the effects of the 2003 SARS outbreak on 549 hospital workers in Beijing. Those who were quarantined or worked in high-risk settings \u2014 almost half the sample \u2014 reported higher levels of alcohol abuse three years later than workers with less-intense exposure to the outbreak.\nCertain factors increased the risk of psychological problems, such as quarantines lasting longer than 10 days (which was associated mostly with post-traumatic stress), poor information about the rationale for the quarantine, and lack of access to necessary supplies and telecommunication services"
CovidArticles/Covid_article_for_PE_S&S&S.txt,100059,Covid_article_for_PE_S&S&S.txt,4b537e0ed21179a29ed28da28057d338e67330ae12123ccceba6724f35bd68a4,6794,51009265-25fd-4828-8ad8-b7c373bd4c58,Covid_Evidencev1.adjudicated,3e8fc666-262f-4ca6-85ea-b32b801ceb1d,Adjudicator Nick Adams QUIZ source task 2225 article number 100059 project 196,True,24657063-8eb5-4cf4-83d1-f39945922c3f,05800630-d1cd-4324-97fa-5fc2320b8e15,Covid_Evidence2020_03_21,01.02.01,0,5a1fb1f4-d8b7-45c0-bce5-7d4c3b91c55f,"{""answer_text"": ""Correlation""}",1,1939,2236,"Another study looked at the effects of the 2003 SARS outbreak on 549 hospital workers in Beijing. Those who were quarantined or worked in high-risk settings \u2014 almost half the sample \u2014 reported higher levels of alcohol abuse three years later than workers with less-intense exposure to the outbreak"
CovidArticles/Covid_article_for_PE_S&S&S.txt,100059,Covid_article_for_PE_S&S&S.txt,4b537e0ed21179a29ed28da28057d338e67330ae12123ccceba6724f35bd68a4,6794,51009265-25fd-4828-8ad8-b7c373bd4c58,Covid_Evidencev1.adjudicated,3e8fc666-262f-4ca6-85ea-b32b801ceb1d,Adjudicator Nick Adams QUIZ source task 2225 article number 100059 project 196,True,24657063-8eb5-4cf4-83d1-f39945922c3f,fc07d6ee-cbbf-4b40-9b11-f5dd1e4ed86d,Covid_Evidence2020_03_21,01.02.02,1,ba2d1638-2509-4ce8-9130-39ea26d1d424,"{""answer_text"": ""Cause precedes effect""}",1,2163,2180,three years later
CovidArticles/Covid_article_for_PE_S&S&S.txt,100059,Covid_article_for_PE_S&S&S.txt,4b537e0ed21179a29ed28da28057d338e67330ae12123ccceba6724f35bd68a4,6794,51009265-25fd-4828-8ad8-b7c373bd4c58,Covid_Evidencev1.adjudicated,3e8fc666-262f-4ca6-85ea-b32b801ceb1d,Adjudicator Nick Adams QUIZ source task 2225 article number 100059 project 196,True,24657063-8eb5-4cf4-83d1-f39945922c3f,d144104e-4249-4256-984e-8e144473365b,Covid_Evidence2020_03_21,01.02.04,0,0546a258-029e-46ed-a84f-9ea36d69a770,"{""answer_text"": ""A plausible mechanism is proposed""}",1,2238,2534,"Certain factors increased the risk of psychological problems, such as quarantines lasting longer than 10 days (which was associated mostly with post-traumatic stress), poor information about the rationale for the quarantine, and lack of access to necessary supplies and telecommunication services"
CovidArticles/Covid_article_for_PE_S&S&S.txt,100059,Covid_article_for_PE_S&S&S.txt,4b537e0ed21179a29ed28da28057d338e67330ae12123ccceba6724f35bd68a4,6794,51009265-25fd-4828-8ad8-b7c373bd4c58,Covid_Evidencev1.adjudicated,3e8fc666-262f-4ca6-85ea-b32b801ceb1d,Adjudicator Nick Adams QUIZ source task 2225 article number 100059 project 196,True,24657063-8eb5-4cf4-83d1-f39945922c3f,babb7f12-6368-4322-9ad1-6ed0efa5bfd7,Covid_Evidence2020_03_21,01.04.04,0,96fde299-cf70-4ac8-b179-7bf7936edad1,"{""answer_text"": ""Slightly representative""}",0,0,0,
CovidArticles/Covid_article_for_PE_S&S&S.txt,100059,Covid_article_for_PE_S&S&S.txt,4b537e0ed21179a29ed28da28057d338e67330ae12123ccceba6724f35bd68a4,6794,51009265-25fd-4828-8ad8-b7c373bd4c58,Covid_Evidencev1.adjudicated,3e8fc666-262f-4ca6-85ea-b32b801ceb1d,Adjudicator Nick Adams QUIZ source task 2225 article number 100059 project 196,True,24657063-8eb5-4cf4-83d1-f39945922c3f,723a50cb-7c2f-48dd-8aae-374ab2dcbced,Covid_Evidence2020_03_21,01.07.01,0,682be4e9-7e39-45b2-82e6-9f6300bb173c,"{""answer_text"": ""doctors have other issues""}",0,0,0,
CovidArticles/Covid_article_for_PE_S&S&S.txt,100059,Covid_article_for_PE_S&S&S.txt,4b537e0ed21179a29ed28da28057d338e67330ae12123ccceba6724f35bd68a4,6794,51009265-25fd-4828-8ad8-b7c373bd4c58,Covid_Evidencev1.adjudicated,3e8fc666-262f-4ca6-85ea-b32b801ceb1d,Adjudicator Nick Adams QUIZ source task 2225 article number 100059 project 196,True,24657063-8eb5-4cf4-83d1-f39945922c3f,e266eae9-ec93-4891-ac02-df5018da0cec,Covid_Evidence2020_03_21,01.08.04,0,5f82927d-95d4-4506-9d68-259aa66fcc69,"{""answer_text"": ""Somewhat less likely""}",0,0,0,
CovidArticles/Covid_article_for_PE_S&S&S.txt,100059,Covid_article_for_PE_S&S&S.txt,4b537e0ed21179a29ed28da28057d338e67330ae12123ccceba6724f35bd68a4,6794,51009265-25fd-4828-8ad8-b7c373bd4c58,Covid_Evidencev1.adjudicated,3e8fc666-262f-4ca6-85ea-b32b801ceb1d,Adjudicator Nick Adams QUIZ source task 2225 article number 100059 project 196,True,24657063-8eb5-4cf4-83d1-f39945922c3f,dda3f1a4-b101-4801-8007-bb75ea1b1273,Covid_Evidence2020_03_21,01.09.01,0,2226abe4-b7a9-4ea8-acfd-13387300f3fb,"{""answer_text"": ""Yes""}",1,1953,2403,"looked at the effects of the 2003 SARS outbreak on 549 hospital workers in Beijing. Those who were quarantined or worked in high-risk settings \u2014 almost half the sample \u2014 reported higher levels of alcohol abuse three years later than workers with less-intense exposure to the outbreak.\nCertain factors increased the risk of psychological problems, such as quarantines lasting longer than 10 days (which was associated mostly with post-traumatic stress"
CovidArticles/Covid_article_for_PE_S&S&S.txt,100059,Covid_article_for_PE_S&S&S.txt,4b537e0ed21179a29ed28da28057d338e67330ae12123ccceba6724f35bd68a4,6794,51009265-25fd-4828-8ad8-b7c373bd4c58,Covid_Evidencev1.adjudicated,3e8fc666-262f-4ca6-85ea-b32b801ceb1d,Adjudicator Nick Adams QUIZ source task 2225 article number 100059 project 196,True,24657063-8eb5-4cf4-83d1-f39945922c3f,32d6cab9-8984-4e5d-a788-7bc5610f401e,Covid_Evidence2020_03_21,01.10.04,0,62751dbf-ff76-49e6-9070-66215389acde,"{""answer_text"": ""Somewhat Unlikely""}",0,0,0,
CovidArticles/Covid_article_for_PE_S&S&S.txt,100059,Covid_article_for_PE_S&S&S.txt,4b537e0ed21179a29ed28da28057d338e67330ae12123ccceba6724f35bd68a4,6794,51009265-25fd-4828-8ad8-b7c373bd4c58,Covid_Evidencev1.adjudicated,3e8fc666-262f-4ca6-85ea-b32b801ceb1d,Adjudicator Nick Adams QUIZ source task 2225 article number 100059 project 196,True,24657063-8eb5-4cf4-83d1-f39945922c3f,1016e6f1-b546-4942-9fd9-fc0a32a915b1,Covid_Evidence2020_03_21,01.11.03,0,e7da0f8e-592a-4176-9a96-1352acd29b49,"{""answer_text"": ""Not Sure""}",0,0,0,
CovidArticles/Covid_article_for_PE_S&S&S.txt,100059,Covid_article_for_PE_S&S&S.txt,4b537e0ed21179a29ed28da28057d338e67330ae12123ccceba6724f35bd68a4,6794,51009265-25fd-4828-8ad8-b7c373bd4c58,Covid_Evidencev1.adjudicated,3e8fc666-262f-4ca6-85ea-b32b801ceb1d,Adjudicator Nick Adams QUIZ source task 2225 article number 100059 project 196,True,24657063-8eb5-4cf4-83d1-f39945922c3f,32c2c4e1-8a0b-4ae4-81c8-e1bcb00c0597,Covid_Evidence2020_03_21,01.12.02,1,a0972088-cb65-4764-a4ee-3be2b2bd100a,"{""answer_text"": ""Yes, implicitly""}",3,2559,2584,can reduce the likelihood
CovidArticles/Covid_article_for_PE_S&S&S.txt,100059,Covid_article_for_PE_S&S&S.txt,4b537e0ed21179a29ed28da28057d338e67330ae12123ccceba6724f35bd68a4,6794,51009265-25fd-4828-8ad8-b7c373bd4c58,Covid_Evidencev1.adjudicated,3e8fc666-262f-4ca6-85ea-b32b801ceb1d,Adjudicator Nick Adams QUIZ source task 2225 article number 100059 project 196,True,24657063-8eb5-4cf4-83d1-f39945922c3f,32c2c4e1-8a0b-4ae4-81c8-e1bcb00c0597,Covid_Evidence2020_03_21,01.12.02,1,a0972088-cb65-4764-a4ee-3be2b2bd100a,"{""answer_text"": ""Yes, implicitly""}",3,2894,2902,suggests
CovidArticles/Covid_article_for_PE_S&S&S.txt,100059,Covid_article_for_PE_S&S&S.txt,4b537e0ed21179a29ed28da28057d338e67330ae12123ccceba6724f35bd68a4,6794,51009265-25fd-4828-8ad8-b7c373bd4c58,Covid_Evidencev1.adjudicated,3e8fc666-262f-4ca6-85ea-b32b801ceb1d,Adjudicator Nick Adams QUIZ source task 2225 article number 100059 project 196,True,24657063-8eb5-4cf4-83d1-f39945922c3f,32c2c4e1-8a0b-4ae4-81c8-e1bcb00c0597,Covid_Evidence2020_03_21,01.12.02,1,a0972088-cb65-4764-a4ee-3be2b2bd100a,"{""answer_text"": ""Yes, implicitly""}",3,3030,3035,might
CovidArticles/Covid_article_for_PE_S&S&S.txt,100059,Covid_article_for_PE_S&S&S.txt,4b537e0ed21179a29ed28da28057d338e67330ae12123ccceba6724f35bd68a4,6794,51009265-25fd-4828-8ad8-b7c373bd4c58,Covid_Evidencev1.adjudicated,3e8fc666-262f-4ca6-85ea-b32b801ceb1d,Adjudicator Nick Adams QUIZ source task 2225 article number 100059 project 196,True,24657063-8eb5-4cf4-83d1-f39945922c3f,200edefd-20c0-42f2-9f9b-d29308de81f3,Covid_Evidence2020_03_21,01.13.05,0,73d8f381-e2b9-41fd-ac96-e17752b6c26a,"{""answer_text"": ""5: Middling difficulty""}",0,0,0,
CovidArticles/Covid_article_for_PE_S&S&S.txt,100059,Covid_article_for_PE_S&S&S.txt,4b537e0ed21179a29ed28da28057d338e67330ae12123ccceba6724f35bd68a4,6794,51009265-25fd-4828-8ad8-b7c373bd4c58,Covid_Evidencev1.adjudicated,3e8fc666-262f-4ca6-85ea-b32b801ceb1d,Adjudicator Nick Adams QUIZ source task 2225 article number 100059 project 196,True,24657063-8eb5-4cf4-83d1-f39945922c3f,32aa4bea-17c7-4763-b016-de9556d157fb,Covid_Evidence2020_03_21,01.14.05,0,d4696215-f81b-46da-b965-b9377f68e6bb,"{""answer_text"": ""5: 50-50""}",0,0,0,
