article_batch_name,article_number,article_filename,article_sha256,article_text_length,tua_group_uuid,tua_group_name,tua_batch_uuid,tua_batch_name,tua_batch_final,source_task_uuid,tua_uuid,namespace,topic_name,case_number,answer_uuid,extra,highlight_count,start_pos,end_pos,target_text
CovidArticles/Covid_article_for_PE_S&S&S.txt,100059,Covid_article_for_PE_S&S&S.txt,4b537e0ed21179a29ed28da28057d338e67330ae12123ccceba6724f35bd68a4,6794,496f1cfe-cc73-45fe-bc74-d23a8668713f,Covid_Probabilityv1.IAA,a5ffc8dc-2dd1-4fd9-a29a-c4cd4bf62da9,tua_csv/2020/06/Adj_S_IAA_Covid_Probabilityv1-Task-2230-DataHunt.csv.gz,True,d9e04b73-3735-4ca0-8b96-069964a226e5,07cc0f28-f8bb-4802-b238-ecfeab6bbd22,Covid_Probability,197d9ebe,0,197d9ebe-9a23-43a6-ab46-ff4f0aae75cf,"{""answer_text_list"": [""Yes, implicitly"", ""Yes, implicitly"", ""Yes, implicitly""]}",3,343,348,could
CovidArticles/Covid_article_for_PE_S&S&S.txt,100059,Covid_article_for_PE_S&S&S.txt,4b537e0ed21179a29ed28da28057d338e67330ae12123ccceba6724f35bd68a4,6794,496f1cfe-cc73-45fe-bc74-d23a8668713f,Covid_Probabilityv1.IAA,a5ffc8dc-2dd1-4fd9-a29a-c4cd4bf62da9,tua_csv/2020/06/Adj_S_IAA_Covid_Probabilityv1-Task-2230-DataHunt.csv.gz,True,d9e04b73-3735-4ca0-8b96-069964a226e5,07cc0f28-f8bb-4802-b238-ecfeab6bbd22,Covid_Probability,197d9ebe,0,197d9ebe-9a23-43a6-ab46-ff4f0aae75cf,"{""answer_text_list"": [""Yes, implicitly"", ""Yes, implicitly"", ""Yes, implicitly""]}",3,698,724,"can stop, or at least slow"
CovidArticles/Covid_article_for_PE_S&S&S.txt,100059,Covid_article_for_PE_S&S&S.txt,4b537e0ed21179a29ed28da28057d338e67330ae12123ccceba6724f35bd68a4,6794,496f1cfe-cc73-45fe-bc74-d23a8668713f,Covid_Probabilityv1.IAA,a5ffc8dc-2dd1-4fd9-a29a-c4cd4bf62da9,tua_csv/2020/06/Adj_S_IAA_Covid_Probabilityv1-Task-2230-DataHunt.csv.gz,True,d9e04b73-3735-4ca0-8b96-069964a226e5,07cc0f28-f8bb-4802-b238-ecfeab6bbd22,Covid_Probability,197d9ebe,0,197d9ebe-9a23-43a6-ab46-ff4f0aae75cf,"{""answer_text_list"": [""Yes, implicitly"", ""Yes, implicitly"", ""Yes, implicitly""]}",3,6478,6486,suggests
CovidArticles/Covid_article_for_PE_S&S&S.txt,100059,Covid_article_for_PE_S&S&S.txt,4b537e0ed21179a29ed28da28057d338e67330ae12123ccceba6724f35bd68a4,6794,496f1cfe-cc73-45fe-bc74-d23a8668713f,Covid_Probabilityv1.IAA,a5ffc8dc-2dd1-4fd9-a29a-c4cd4bf62da9,tua_csv/2020/06/Adj_S_IAA_Covid_Probabilityv1-Task-2230-DataHunt.csv.gz,True,d9e04b73-3735-4ca0-8b96-069964a226e5,2629291b-517d-4fe8-935b-69fd9057ecd3,Covid_Probability,80a9713a,0,80a9713a-14d3-47ed-9b92-f90853e73f60,"{""answer_text_list"": [""I can't tell"", ""I can't tell""]}",2,331,387,those costs could go up the longer such measures drag on
CovidArticles/Covid_article_for_PE_S&S&S.txt,100059,Covid_article_for_PE_S&S&S.txt,4b537e0ed21179a29ed28da28057d338e67330ae12123ccceba6724f35bd68a4,6794,496f1cfe-cc73-45fe-bc74-d23a8668713f,Covid_Probabilityv1.IAA,a5ffc8dc-2dd1-4fd9-a29a-c4cd4bf62da9,tua_csv/2020/06/Adj_S_IAA_Covid_Probabilityv1-Task-2230-DataHunt.csv.gz,True,d9e04b73-3735-4ca0-8b96-069964a226e5,2629291b-517d-4fe8-935b-69fd9057ecd3,Covid_Probability,80a9713a,0,80a9713a-14d3-47ed-9b92-f90853e73f60,"{""answer_text_list"": [""I can't tell"", ""I can't tell""]}",2,675,724,"Such social distancing\xa0can stop, or at least slow"
CovidArticles/Covid_article_for_PE_S&S&S.txt,100059,Covid_article_for_PE_S&S&S.txt,4b537e0ed21179a29ed28da28057d338e67330ae12123ccceba6724f35bd68a4,6794,496f1cfe-cc73-45fe-bc74-d23a8668713f,Covid_Probabilityv1.IAA,a5ffc8dc-2dd1-4fd9-a29a-c4cd4bf62da9,tua_csv/2020/06/Adj_S_IAA_Covid_Probabilityv1-Task-2230-DataHunt.csv.gz,True,d9e04b73-3735-4ca0-8b96-069964a226e5,6575e1a3-9d87-4f05-913b-a06f9563c86d,Covid_Probability,93f9e87c,0,93f9e87c-fc74-48b2-9f74-523a705c0f2d,"{""answer_text_list"": [""No""]}",0,0,0,
CovidArticles/Covid_article_for_PE_S&S&S.txt,100059,Covid_article_for_PE_S&S&S.txt,4b537e0ed21179a29ed28da28057d338e67330ae12123ccceba6724f35bd68a4,6794,496f1cfe-cc73-45fe-bc74-d23a8668713f,Covid_Probabilityv1.IAA,a5ffc8dc-2dd1-4fd9-a29a-c4cd4bf62da9,tua_csv/2020/06/Adj_S_IAA_Covid_Probabilityv1-Task-2230-DataHunt.csv.gz,True,d9e04b73-3735-4ca0-8b96-069964a226e5,7360cb8b-b58e-4703-91ae-a952139aac68,Covid_Probability,9641a3b1,0,9641a3b1-9b19-46f9-b1f7-80b79bf5d6a1,"{""answer_text_list"": [""No""]}",0,0,0,
CovidArticles/Covid_article_for_PE_S&S&S.txt,100059,Covid_article_for_PE_S&S&S.txt,4b537e0ed21179a29ed28da28057d338e67330ae12123ccceba6724f35bd68a4,6794,496f1cfe-cc73-45fe-bc74-d23a8668713f,Covid_Probabilityv1.IAA,a5ffc8dc-2dd1-4fd9-a29a-c4cd4bf62da9,tua_csv/2020/06/Adj_S_IAA_Covid_Probabilityv1-Task-2230-DataHunt.csv.gz,True,d9e04b73-3735-4ca0-8b96-069964a226e5,90fd80ac-c0d9-4e8c-99c4-3ce432264b18,Covid_Probability,996f482d,0,996f482d-49c8-430d-a9a3-5c952b217e5f,"{""answer_text_list"": [""5: Middling difficulty""]}",0,0,0,
CovidArticles/Covid_article_for_PE_S&S&S.txt,100059,Covid_article_for_PE_S&S&S.txt,4b537e0ed21179a29ed28da28057d338e67330ae12123ccceba6724f35bd68a4,6794,496f1cfe-cc73-45fe-bc74-d23a8668713f,Covid_Probabilityv1.IAA,a5ffc8dc-2dd1-4fd9-a29a-c4cd4bf62da9,tua_csv/2020/06/Adj_S_IAA_Covid_Probabilityv1-Task-2230-DataHunt.csv.gz,True,d9e04b73-3735-4ca0-8b96-069964a226e5,fc9f36f3-612e-4648-992f-13733e73f853,Covid_Probability,c04f38f7,0,c04f38f7-3862-4636-b397-ab2ebe6c0d25,"{""answer_text_list"": [""3""]}",0,0,0,
