article_batch_name,article_number,article_filename,article_sha256,article_text_length,tua_group_uuid,tua_group_name,tua_batch_uuid,tua_batch_name,tua_batch_final,source_task_uuid,tua_uuid,namespace,topic_name,case_number,answer_uuid,extra,highlight_count,start_pos,end_pos,target_text
CovidArticles/Covid_article_for_PE_S&S&S.txt,100059,Covid_article_for_PE_S&S&S.txt,4b537e0ed21179a29ed28da28057d338e67330ae12123ccceba6724f35bd68a4,6794,496f1cfe-cc73-45fe-bc74-d23a8668713f,Covid_Probabilityv1.IAA,194b511c-af07-4763-8809-68290b45ddc6,tua_csv/2020/06/Adj_S_IAA_Covid_Probabilityv1-Task-2235-DataHunt.csv.gz,True,0834fc96-8c79-403c-80a0-4956d15b406f,a9334b17-6e62-48d4-8705-5ab2a2ec7fcd,Covid_Probability,197d9ebe,0,197d9ebe-9a23-43a6-ab46-ff4f0aae75cf,"{""answer_text_list"": [""Yes, implicitly"", ""Yes, implicitly""]}",2,5960,5975,studies suggest
CovidArticles/Covid_article_for_PE_S&S&S.txt,100059,Covid_article_for_PE_S&S&S.txt,4b537e0ed21179a29ed28da28057d338e67330ae12123ccceba6724f35bd68a4,6794,496f1cfe-cc73-45fe-bc74-d23a8668713f,Covid_Probabilityv1.IAA,194b511c-af07-4763-8809-68290b45ddc6,tua_csv/2020/06/Adj_S_IAA_Covid_Probabilityv1-Task-2235-DataHunt.csv.gz,True,0834fc96-8c79-403c-80a0-4956d15b406f,a9334b17-6e62-48d4-8705-5ab2a2ec7fcd,Covid_Probability,197d9ebe,0,197d9ebe-9a23-43a6-ab46-ff4f0aae75cf,"{""answer_text_list"": [""Yes, implicitly"", ""Yes, implicitly""]}",2,5995,6037,"including possibly\xa0lowering blood pressure"
CovidArticles/Covid_article_for_PE_S&S&S.txt,100059,Covid_article_for_PE_S&S&S.txt,4b537e0ed21179a29ed28da28057d338e67330ae12123ccceba6724f35bd68a4,6794,496f1cfe-cc73-45fe-bc74-d23a8668713f,Covid_Probabilityv1.IAA,194b511c-af07-4763-8809-68290b45ddc6,tua_csv/2020/06/Adj_S_IAA_Covid_Probabilityv1-Task-2235-DataHunt.csv.gz,True,0834fc96-8c79-403c-80a0-4956d15b406f,b950657d-1dc4-42ea-8a91-843ac4bddb3b,Covid_Probability,479fc9ac,0,479fc9ac-bf76-4c42-84bd-a627516a5fdf,"{""answer_text_list"": [""9""]}",0,0,0,
CovidArticles/Covid_article_for_PE_S&S&S.txt,100059,Covid_article_for_PE_S&S&S.txt,4b537e0ed21179a29ed28da28057d338e67330ae12123ccceba6724f35bd68a4,6794,496f1cfe-cc73-45fe-bc74-d23a8668713f,Covid_Probabilityv1.IAA,194b511c-af07-4763-8809-68290b45ddc6,tua_csv/2020/06/Adj_S_IAA_Covid_Probabilityv1-Task-2235-DataHunt.csv.gz,True,0834fc96-8c79-403c-80a0-4956d15b406f,4f0647aa-1445-497d-9ac4-7041bbf950d6,Covid_Probability,5606d8e9,0,5606d8e9-7ace-405f-a87e-5ef9f7c2e8eb,"{""answer_text_list"": [""No, not at all"", ""No, not at all""]}",2,5960,5975,studies suggest
CovidArticles/Covid_article_for_PE_S&S&S.txt,100059,Covid_article_for_PE_S&S&S.txt,4b537e0ed21179a29ed28da28057d338e67330ae12123ccceba6724f35bd68a4,6794,496f1cfe-cc73-45fe-bc74-d23a8668713f,Covid_Probabilityv1.IAA,194b511c-af07-4763-8809-68290b45ddc6,tua_csv/2020/06/Adj_S_IAA_Covid_Probabilityv1-Task-2235-DataHunt.csv.gz,True,0834fc96-8c79-403c-80a0-4956d15b406f,4f0647aa-1445-497d-9ac4-7041bbf950d6,Covid_Probability,5606d8e9,0,5606d8e9-7ace-405f-a87e-5ef9f7c2e8eb,"{""answer_text_list"": [""No, not at all"", ""No, not at all""]}",2,5995,6037,"including possibly\xa0lowering blood pressure"
CovidArticles/Covid_article_for_PE_S&S&S.txt,100059,Covid_article_for_PE_S&S&S.txt,4b537e0ed21179a29ed28da28057d338e67330ae12123ccceba6724f35bd68a4,6794,496f1cfe-cc73-45fe-bc74-d23a8668713f,Covid_Probabilityv1.IAA,194b511c-af07-4763-8809-68290b45ddc6,tua_csv/2020/06/Adj_S_IAA_Covid_Probabilityv1-Task-2235-DataHunt.csv.gz,True,0834fc96-8c79-403c-80a0-4956d15b406f,5bb31c35-9866-4436-b4d3-b4f335a70787,Covid_Probability,93f9e87c,0,93f9e87c-fc74-48b2-9f74-523a705c0f2d,"{""answer_text_list"": [""No""]}",0,0,0,
CovidArticles/Covid_article_for_PE_S&S&S.txt,100059,Covid_article_for_PE_S&S&S.txt,4b537e0ed21179a29ed28da28057d338e67330ae12123ccceba6724f35bd68a4,6794,496f1cfe-cc73-45fe-bc74-d23a8668713f,Covid_Probabilityv1.IAA,194b511c-af07-4763-8809-68290b45ddc6,tua_csv/2020/06/Adj_S_IAA_Covid_Probabilityv1-Task-2235-DataHunt.csv.gz,True,0834fc96-8c79-403c-80a0-4956d15b406f,c82f9189-d8f5-44b0-bfd4-f4d4b6d35732,Covid_Probability,9641a3b1,0,9641a3b1-9b19-46f9-b1f7-80b79bf5d6a1,"{""answer_text_list"": [""No""]}",0,0,0,
CovidArticles/Covid_article_for_PE_S&S&S.txt,100059,Covid_article_for_PE_S&S&S.txt,4b537e0ed21179a29ed28da28057d338e67330ae12123ccceba6724f35bd68a4,6794,496f1cfe-cc73-45fe-bc74-d23a8668713f,Covid_Probabilityv1.IAA,194b511c-af07-4763-8809-68290b45ddc6,tua_csv/2020/06/Adj_S_IAA_Covid_Probabilityv1-Task-2235-DataHunt.csv.gz,True,0834fc96-8c79-403c-80a0-4956d15b406f,bf51caba-dac1-4faa-8e61-c9f10fa58fb7,Covid_Probability,afbfd52c,0,afbfd52c-67d5-41c9-938e-8eb8ffdb06ba,"{""answer_text_list"": [""2""]}",0,0,0,
