article_batch_name,article_number,article_filename,article_sha256,article_text_length,tua_group_uuid,tua_group_name,tua_batch_uuid,tua_batch_name,tua_batch_final,source_task_uuid,tua_uuid,namespace,topic_name,case_number,answer_uuid,extra,highlight_count,start_pos,end_pos,target_text
CovidArticles/Covid_article_for_PE_S&S&S.txt,100059,Covid_article_for_PE_S&S&S.txt,4b537e0ed21179a29ed28da28057d338e67330ae12123ccceba6724f35bd68a4,6794,777e3dd4-5d42-45ad-9529-86a7020cd924,Covid_Languagev1.1.IAA,fa81a5ae-1a67-477f-8a1f-505281164cff,tua_csv/2020/06/Adj_S_IAA_Covid_Languagev1.1-Task-2229-DataHunt.csv.gz,True,8986cc06-74a4-4160-ad7e-b4296a9b293b,c832ead3-5290-4bff-89b2-06dd5800be67,Covid_Languagev1.1,00667895,0,00667895-f589-4f70-a558-54ba2f1570cd,"{""answer_text_list"": [""No""]}",0,0,0,
CovidArticles/Covid_article_for_PE_S&S&S.txt,100059,Covid_article_for_PE_S&S&S.txt,4b537e0ed21179a29ed28da28057d338e67330ae12123ccceba6724f35bd68a4,6794,777e3dd4-5d42-45ad-9529-86a7020cd924,Covid_Languagev1.1.IAA,fa81a5ae-1a67-477f-8a1f-505281164cff,tua_csv/2020/06/Adj_S_IAA_Covid_Languagev1.1-Task-2229-DataHunt.csv.gz,True,8986cc06-74a4-4160-ad7e-b4296a9b293b,c86f577f-a20d-4825-a80c-5cce661309e7,Covid_Languagev1.1,0f6965ff,0,0f6965ff-df09-42c7-85d5-91a729e37e1f,"{""answer_text_list"": [""Slang"", ""Slang""]}",2,380,387,drag on
CovidArticles/Covid_article_for_PE_S&S&S.txt,100059,Covid_article_for_PE_S&S&S.txt,4b537e0ed21179a29ed28da28057d338e67330ae12123ccceba6724f35bd68a4,6794,777e3dd4-5d42-45ad-9529-86a7020cd924,Covid_Languagev1.1.IAA,fa81a5ae-1a67-477f-8a1f-505281164cff,tua_csv/2020/06/Adj_S_IAA_Covid_Languagev1.1-Task-2229-DataHunt.csv.gz,True,8986cc06-74a4-4160-ad7e-b4296a9b293b,c86f577f-a20d-4825-a80c-5cce661309e7,Covid_Languagev1.1,0f6965ff,0,0f6965ff-df09-42c7-85d5-91a729e37e1f,"{""answer_text_list"": [""Slang"", ""Slang""]}",2,6678,6698,banging on this drum
CovidArticles/Covid_article_for_PE_S&S&S.txt,100059,Covid_article_for_PE_S&S&S.txt,4b537e0ed21179a29ed28da28057d338e67330ae12123ccceba6724f35bd68a4,6794,777e3dd4-5d42-45ad-9529-86a7020cd924,Covid_Languagev1.1.IAA,fa81a5ae-1a67-477f-8a1f-505281164cff,tua_csv/2020/06/Adj_S_IAA_Covid_Languagev1.1-Task-2229-DataHunt.csv.gz,True,8986cc06-74a4-4160-ad7e-b4296a9b293b,61e6deab-016b-4c39-acb6-a28f1ac47f48,Covid_Languagev1.1,1199a2a4,0,1199a2a4-c9c4-4e74-a4c6-a43535f5b7aa,"{""answer_text_list"": [""Nope""]}",0,0,0,
CovidArticles/Covid_article_for_PE_S&S&S.txt,100059,Covid_article_for_PE_S&S&S.txt,4b537e0ed21179a29ed28da28057d338e67330ae12123ccceba6724f35bd68a4,6794,777e3dd4-5d42-45ad-9529-86a7020cd924,Covid_Languagev1.1.IAA,fa81a5ae-1a67-477f-8a1f-505281164cff,tua_csv/2020/06/Adj_S_IAA_Covid_Languagev1.1-Task-2229-DataHunt.csv.gz,True,8986cc06-74a4-4160-ad7e-b4296a9b293b,d4724242-bd43-4d8f-a126-ba1a97cb01c3,Covid_Languagev1.1,19849a7b,0,19849a7b-506f-44ff-bec2-66a59a497fd1,"{""answer_text_list"": [""NOT AT ALL excessive/inappropriate""]}",0,0,0,
CovidArticles/Covid_article_for_PE_S&S&S.txt,100059,Covid_article_for_PE_S&S&S.txt,4b537e0ed21179a29ed28da28057d338e67330ae12123ccceba6724f35bd68a4,6794,777e3dd4-5d42-45ad-9529-86a7020cd924,Covid_Languagev1.1.IAA,fa81a5ae-1a67-477f-8a1f-505281164cff,tua_csv/2020/06/Adj_S_IAA_Covid_Languagev1.1-Task-2229-DataHunt.csv.gz,True,8986cc06-74a4-4160-ad7e-b4296a9b293b,904288d5-152f-41e4-813a-cf903c905487,Covid_Languagev1.1,215e5ea4,0,215e5ea4-8b76-412c-ac43-db118a714be9,"{""answer_text_list"": [""5: 50-50""]}",0,0,0,
CovidArticles/Covid_article_for_PE_S&S&S.txt,100059,Covid_article_for_PE_S&S&S.txt,4b537e0ed21179a29ed28da28057d338e67330ae12123ccceba6724f35bd68a4,6794,777e3dd4-5d42-45ad-9529-86a7020cd924,Covid_Languagev1.1.IAA,fa81a5ae-1a67-477f-8a1f-505281164cff,tua_csv/2020/06/Adj_S_IAA_Covid_Languagev1.1-Task-2229-DataHunt.csv.gz,True,8986cc06-74a4-4160-ad7e-b4296a9b293b,9d007240-c932-4e4b-9183-640e27134f52,Covid_Languagev1.1,492f4aa4,0,492f4aa4-d54c-46b2-8bc7-1e9676b607e9,"{""answer_text_list"": [""Metaphorical Language""]}",1,6668,6714,"I\u2019ve been banging on this drum for a long time"
CovidArticles/Covid_article_for_PE_S&S&S.txt,100059,Covid_article_for_PE_S&S&S.txt,4b537e0ed21179a29ed28da28057d338e67330ae12123ccceba6724f35bd68a4,6794,777e3dd4-5d42-45ad-9529-86a7020cd924,Covid_Languagev1.1.IAA,fa81a5ae-1a67-477f-8a1f-505281164cff,tua_csv/2020/06/Adj_S_IAA_Covid_Languagev1.1-Task-2229-DataHunt.csv.gz,True,8986cc06-74a4-4160-ad7e-b4296a9b293b,d56e3db7-935b-4280-b099-8f62579b6c9f,Covid_Languagev1.1,a2139417,0,a2139417-0ef9-439c-8242-c280b487ad94,"{""answer_text_list"": [""5: Middling difficulty""]}",0,0,0,
CovidArticles/Covid_article_for_PE_S&S&S.txt,100059,Covid_article_for_PE_S&S&S.txt,4b537e0ed21179a29ed28da28057d338e67330ae12123ccceba6724f35bd68a4,6794,777e3dd4-5d42-45ad-9529-86a7020cd924,Covid_Languagev1.1.IAA,fa81a5ae-1a67-477f-8a1f-505281164cff,tua_csv/2020/06/Adj_S_IAA_Covid_Languagev1.1-Task-2229-DataHunt.csv.gz,True,8986cc06-74a4-4160-ad7e-b4296a9b293b,5d55b439-8965-40c2-a516-9d7669108eed,Covid_Languagev1.1,dc0eb26e,0,dc0eb26e-7eb9-4ac0-b806-74a346deb6cc,"{""answer_text_list"": [""Completely appropriate""]}",0,0,0,
