namespace,schema_sha256,topic_uuid,topic_name,topic_options,question_uuid,question_label,question_text,question_type,question_hint_type,question_next_questions,alpha_distance,question_options,answer_count,answer_uuid,answer_label,answer_content,answer_next_questions,highlight,require_highlight,answer_options
Covid2_Sources_2002_09_20,2502a56b592e600fae9d52b0bf660d8abab40e032503263cb307e13a373160fe,45b28ae3-6239-433e-a74f-fb37b04f1fea,Quote Source Relevance,"{""highlight"": true, ""version"": ""4"", ""hint_type"": """"}",1cebf6fb-b992-4368-9b08-74911697fd34,T1.Q1,Why is the source being quoted?,CHECKBOX,,,nominal,"{""version"": ""4"", ""alpha_distance"": ""nominal"", ""require_one_or_more"": true, ""hint_type"": """"}",2,7e94d5c7-4713-404a-8f8d-bb8df7d6a0b2,T1.Q1.A1,"What the source has said or written is newsworthy by itself. It is important, interesting, and/or meaningful to some newsreaders.",,0,1,"{""case_numbers"": false, ""highlight"": false, ""version"": ""4"", ""require_highlight"": true}"
Covid2_Sources_2002_09_20,2502a56b592e600fae9d52b0bf660d8abab40e032503263cb307e13a373160fe,45b28ae3-6239-433e-a74f-fb37b04f1fea,Quote Source Relevance,"{""highlight"": true, ""version"": ""4"", ""hint_type"": """"}",1cebf6fb-b992-4368-9b08-74911697fd34,T1.Q1,Why is the source being quoted?,CHECKBOX,,,nominal,"{""version"": ""4"", ""alpha_distance"": ""nominal"", ""require_one_or_more"": true, ""hint_type"": """"}",2,0b8746a5-3236-4040-97f6-4201fb0f8b63,T1.Q1.A2,"The source is offering commentary, explanation, judgment, or context about something newsworthy.",,0,1,"{""case_numbers"": false, ""highlight"": false, ""version"": ""4"", ""require_highlight"": true}"
Covid2_Sources_2002_09_20,2502a56b592e600fae9d52b0bf660d8abab40e032503263cb307e13a373160fe,45b28ae3-6239-433e-a74f-fb37b04f1fea,Quote Source Relevance,"{""highlight"": true, ""version"": ""4"", ""hint_type"": """"}",15cec921-252f-4d76-abca-78c84f589d74,T1.Q2,Does the experience/knowledge/position of the quoted source qualify them to speak or write such claims?,RADIO,,,ordinal,"{""version"": ""4"", ""alpha_distance"": ""ordinal"", ""require_one_or_more"": true, ""hint_type"": """"}",8,81ea9975-712b-4b81-b60d-7a55334a868c,T1.Q2.A1,"Yes, definitely",,0,1,"{""case_numbers"": false, ""highlight"": false, ""version"": ""4"", ""require_highlight"": true}"
Covid2_Sources_2002_09_20,2502a56b592e600fae9d52b0bf660d8abab40e032503263cb307e13a373160fe,45b28ae3-6239-433e-a74f-fb37b04f1fea,Quote Source Relevance,"{""highlight"": true, ""version"": ""4"", ""hint_type"": """"}",15cec921-252f-4d76-abca-78c84f589d74,T1.Q2,Does the experience/knowledge/position of the quoted source qualify them to speak or write such claims?,RADIO,,,ordinal,"{""version"": ""4"", ""alpha_distance"": ""ordinal"", ""require_one_or_more"": true, ""hint_type"": """"}",8,fef51804-1975-45b5-8913-0d3d793685cb,T1.Q2.A2,Yes,,0,1,"{""case_numbers"": false, ""highlight"": false, ""version"": ""4"", ""require_highlight"": true}"
Covid2_Sources_2002_09_20,2502a56b592e600fae9d52b0bf660d8abab40e032503263cb307e13a373160fe,45b28ae3-6239-433e-a74f-fb37b04f1fea,Quote Source Relevance,"{""highlight"": true, ""version"": ""4"", ""hint_type"": """"}",15cec921-252f-4d76-abca-78c84f589d74,T1.Q2,Does the experience/knowledge/position of the quoted source qualify them to speak or write such claims?,RADIO,,,ordinal,"{""version"": ""4"", ""alpha_distance"": ""ordinal"", ""require_one_or_more"": true, ""hint_type"": """"}",8,ab4c0258-7408-4fd2-b157-c3453f60b9ed,T1.Q2.A3,"Somewhat, yes",,0,1,"{""case_numbers"": false, ""highlight"": false, ""version"": ""4"", ""require_highlight"": true}"
Covid2_Sources_2002_09_20,2502a56b592e600fae9d52b0bf660d8abab40e032503263cb307e13a373160fe,45b28ae3-6239-433e-a74f-fb37b04f1fea,Quote Source Relevance,"{""highlight"": true, ""version"": ""4"", ""hint_type"": """"}",15cec921-252f-4d76-abca-78c84f589d74,T1.Q2,Does the experience/knowledge/position of the quoted source qualify them to speak or write such claims?,RADIO,,,ordinal,"{""version"": ""4"", ""alpha_distance"": ""ordinal"", ""require_one_or_more"": true, ""hint_type"": """"}",8,f27ce37a-ba98-43e2-803f-a844178f13ed,T1.Q2.A4,Barely,,0,1,"{""case_numbers"": false, ""highlight"": false, ""version"": ""4"", ""require_highlight"": true}"
Covid2_Sources_2002_09_20,2502a56b592e600fae9d52b0bf660d8abab40e032503263cb307e13a373160fe,45b28ae3-6239-433e-a74f-fb37b04f1fea,Quote Source Relevance,"{""highlight"": true, ""version"": ""4"", ""hint_type"": """"}",15cec921-252f-4d76-abca-78c84f589d74,T1.Q2,Does the experience/knowledge/position of the quoted source qualify them to speak or write such claims?,RADIO,,,ordinal,"{""version"": ""4"", ""alpha_distance"": ""ordinal"", ""require_one_or_more"": true, ""hint_type"": """"}",8,bebc73f7-39c2-43cc-985b-0335baa6b875,T1.Q2.A5,There's no way to know based on the information given,,0,1,"{""case_numbers"": false, ""highlight"": false, ""version"": ""4"", ""require_highlight"": true}"
Covid2_Sources_2002_09_20,2502a56b592e600fae9d52b0bf660d8abab40e032503263cb307e13a373160fe,45b28ae3-6239-433e-a74f-fb37b04f1fea,Quote Source Relevance,"{""highlight"": true, ""version"": ""4"", ""hint_type"": """"}",15cec921-252f-4d76-abca-78c84f589d74,T1.Q2,Does the experience/knowledge/position of the quoted source qualify them to speak or write such claims?,RADIO,,,ordinal,"{""version"": ""4"", ""alpha_distance"": ""ordinal"", ""require_one_or_more"": true, ""hint_type"": """"}",8,a01faa06-88d7-471c-bb34-b98f8cbb659d,T1.Q2.A6,Not really,,0,1,"{""case_numbers"": false, ""highlight"": false, ""version"": ""4"", ""require_highlight"": true}"
Covid2_Sources_2002_09_20,2502a56b592e600fae9d52b0bf660d8abab40e032503263cb307e13a373160fe,45b28ae3-6239-433e-a74f-fb37b04f1fea,Quote Source Relevance,"{""highlight"": true, ""version"": ""4"", ""hint_type"": """"}",15cec921-252f-4d76-abca-78c84f589d74,T1.Q2,Does the experience/knowledge/position of the quoted source qualify them to speak or write such claims?,RADIO,,,ordinal,"{""version"": ""4"", ""alpha_distance"": ""ordinal"", ""require_one_or_more"": true, ""hint_type"": """"}",8,1c1f0f97-09a7-474b-ba7e-df8dd0bfb443,T1.Q2.A7,Not at all,,0,1,"{""case_numbers"": false, ""highlight"": false, ""version"": ""4"", ""require_highlight"": true}"
Covid2_Sources_2002_09_20,2502a56b592e600fae9d52b0bf660d8abab40e032503263cb307e13a373160fe,45b28ae3-6239-433e-a74f-fb37b04f1fea,Quote Source Relevance,"{""highlight"": true, ""version"": ""4"", ""hint_type"": """"}",15cec921-252f-4d76-abca-78c84f589d74,T1.Q2,Does the experience/knowledge/position of the quoted source qualify them to speak or write such claims?,RADIO,,,ordinal,"{""version"": ""4"", ""alpha_distance"": ""ordinal"", ""require_one_or_more"": true, ""hint_type"": """"}",8,8b58eac0-74ed-44c6-b323-fa560cedec2f,T1.Q2.A8,Their experience/knowledge/position disqualifies them from making such claims,,0,1,"{""case_numbers"": false, ""highlight"": false, ""version"": ""4"", ""require_highlight"": true}"
Covid2_Sources_2002_09_20,2502a56b592e600fae9d52b0bf660d8abab40e032503263cb307e13a373160fe,45b28ae3-6239-433e-a74f-fb37b04f1fea,Quote Source Relevance,"{""highlight"": true, ""version"": ""4"", ""hint_type"": """"}",7f4fb91a-ee35-4763-be0c-75f2e6800b71,T1.Q3,Is the source anonymous or unnamed?,RADIO,,,nominal,"{""version"": ""4"", ""alpha_distance"": ""nominal"", ""require_one_or_more"": true, ""hint_type"": """"}",2,333e8512-197a-4d71-9e25-bc30ee614a76,T1.Q3.A1,Yes,T1.Q4,0,1,"{""case_numbers"": false, ""highlight"": false, ""version"": ""4"", ""require_highlight"": true}"
Covid2_Sources_2002_09_20,2502a56b592e600fae9d52b0bf660d8abab40e032503263cb307e13a373160fe,45b28ae3-6239-433e-a74f-fb37b04f1fea,Quote Source Relevance,"{""highlight"": true, ""version"": ""4"", ""hint_type"": """"}",7f4fb91a-ee35-4763-be0c-75f2e6800b71,T1.Q3,Is the source anonymous or unnamed?,RADIO,,,nominal,"{""version"": ""4"", ""alpha_distance"": ""nominal"", ""require_one_or_more"": true, ""hint_type"": """"}",2,9edb5efe-7d68-4596-8988-39bcfd8a9251,T1.Q3.A2,No,,0,1,"{""case_numbers"": false, ""highlight"": false, ""version"": ""4"", ""require_highlight"": true}"
Covid2_Sources_2002_09_20,2502a56b592e600fae9d52b0bf660d8abab40e032503263cb307e13a373160fe,45b28ae3-6239-433e-a74f-fb37b04f1fea,Quote Source Relevance,"{""highlight"": true, ""version"": ""4"", ""hint_type"": """"}",a8eb28f7-b549-48d5-956a-a8cd5ad67b51,T1.Q4,Has the author indicated why the source is unnamed?,CHECKBOX,,,nominal,"{""version"": ""4"", ""alpha_distance"": ""nominal"", ""require_one_or_more"": true, ""hint_type"": """"}",9,f34815ba-3dfe-4876-b038-f500f8ac6612,T1.Q4.A1,No,,0,1,"{""case_numbers"": false, ""highlight"": false, ""version"": ""4"", ""require_highlight"": true}"
Covid2_Sources_2002_09_20,2502a56b592e600fae9d52b0bf660d8abab40e032503263cb307e13a373160fe,45b28ae3-6239-433e-a74f-fb37b04f1fea,Quote Source Relevance,"{""highlight"": true, ""version"": ""4"", ""hint_type"": """"}",a8eb28f7-b549-48d5-956a-a8cd5ad67b51,T1.Q4,Has the author indicated why the source is unnamed?,CHECKBOX,,,nominal,"{""version"": ""4"", ""alpha_distance"": ""nominal"", ""require_one_or_more"": true, ""hint_type"": """"}",9,27cb03da-cac0-4fb8-a570-2beae8993763,T1.Q4.A2,To protect national security,,1,1,"{""case_numbers"": false, ""highlight"": true, ""version"": ""4"", ""require_highlight"": true}"
Covid2_Sources_2002_09_20,2502a56b592e600fae9d52b0bf660d8abab40e032503263cb307e13a373160fe,45b28ae3-6239-433e-a74f-fb37b04f1fea,Quote Source Relevance,"{""highlight"": true, ""version"": ""4"", ""hint_type"": """"}",a8eb28f7-b549-48d5-956a-a8cd5ad67b51,T1.Q4,Has the author indicated why the source is unnamed?,CHECKBOX,,,nominal,"{""version"": ""4"", ""alpha_distance"": ""nominal"", ""require_one_or_more"": true, ""hint_type"": """"}",9,d67e3f94-9f0c-4878-9c36-aa232c42e09d,T1.Q4.A3,To protect an ongoing investigation/inquiry,,1,1,"{""case_numbers"": false, ""highlight"": true, ""version"": ""4"", ""require_highlight"": true}"
Covid2_Sources_2002_09_20,2502a56b592e600fae9d52b0bf660d8abab40e032503263cb307e13a373160fe,45b28ae3-6239-433e-a74f-fb37b04f1fea,Quote Source Relevance,"{""highlight"": true, ""version"": ""4"", ""hint_type"": """"}",a8eb28f7-b549-48d5-956a-a8cd5ad67b51,T1.Q4,Has the author indicated why the source is unnamed?,CHECKBOX,,,nominal,"{""version"": ""4"", ""alpha_distance"": ""nominal"", ""require_one_or_more"": true, ""hint_type"": """"}",9,49a16d6a-1cee-4de3-b237-31b0957690ad,T1.Q4.A4,To protect the privacy of victims,,1,1,"{""case_numbers"": false, ""highlight"": true, ""version"": ""4"", ""require_highlight"": true}"
Covid2_Sources_2002_09_20,2502a56b592e600fae9d52b0bf660d8abab40e032503263cb307e13a373160fe,45b28ae3-6239-433e-a74f-fb37b04f1fea,Quote Source Relevance,"{""highlight"": true, ""version"": ""4"", ""hint_type"": """"}",a8eb28f7-b549-48d5-956a-a8cd5ad67b51,T1.Q4,Has the author indicated why the source is unnamed?,CHECKBOX,,,nominal,"{""version"": ""4"", ""alpha_distance"": ""nominal"", ""require_one_or_more"": true, ""hint_type"": """"}",9,8c4b3464-3ca0-4871-ba40-f1e6e14e4403,T1.Q4.A5,To protect the privacy of family members,,1,1,"{""case_numbers"": false, ""highlight"": true, ""version"": ""4"", ""require_highlight"": true}"
Covid2_Sources_2002_09_20,2502a56b592e600fae9d52b0bf660d8abab40e032503263cb307e13a373160fe,45b28ae3-6239-433e-a74f-fb37b04f1fea,Quote Source Relevance,"{""highlight"": true, ""version"": ""4"", ""hint_type"": """"}",a8eb28f7-b549-48d5-956a-a8cd5ad67b51,T1.Q4,Has the author indicated why the source is unnamed?,CHECKBOX,,,nominal,"{""version"": ""4"", ""alpha_distance"": ""nominal"", ""require_one_or_more"": true, ""hint_type"": """"}",9,5795fad2-6143-4cea-9a7e-10a49a12d950,T1.Q4.A6,So the source can speak freely or candidly,,1,1,"{""case_numbers"": false, ""highlight"": true, ""version"": ""4"", ""require_highlight"": true}"
Covid2_Sources_2002_09_20,2502a56b592e600fae9d52b0bf660d8abab40e032503263cb307e13a373160fe,45b28ae3-6239-433e-a74f-fb37b04f1fea,Quote Source Relevance,"{""highlight"": true, ""version"": ""4"", ""hint_type"": """"}",a8eb28f7-b549-48d5-956a-a8cd5ad67b51,T1.Q4,Has the author indicated why the source is unnamed?,CHECKBOX,,,nominal,"{""version"": ""4"", ""alpha_distance"": ""nominal"", ""require_one_or_more"": true, ""hint_type"": """"}",9,ce5f3e9c-e621-461a-9b15-cb3dd916d762,T1.Q4.A7,Because the source is not supposed to be speaking to reporters,,1,1,"{""case_numbers"": false, ""highlight"": true, ""version"": ""4"", ""require_highlight"": true}"
Covid2_Sources_2002_09_20,2502a56b592e600fae9d52b0bf660d8abab40e032503263cb307e13a373160fe,45b28ae3-6239-433e-a74f-fb37b04f1fea,Quote Source Relevance,"{""highlight"": true, ""version"": ""4"", ""hint_type"": """"}",a8eb28f7-b549-48d5-956a-a8cd5ad67b51,T1.Q4,Has the author indicated why the source is unnamed?,CHECKBOX,,,nominal,"{""version"": ""4"", ""alpha_distance"": ""nominal"", ""require_one_or_more"": true, ""hint_type"": """"}",9,8d36a854-e45a-42ff-9913-91a6b80052e0,T1.Q4.A8,Because the source is a whistleblower,,1,1,"{""case_numbers"": false, ""highlight"": true, ""version"": ""4"", ""require_highlight"": true}"
Covid2_Sources_2002_09_20,2502a56b592e600fae9d52b0bf660d8abab40e032503263cb307e13a373160fe,45b28ae3-6239-433e-a74f-fb37b04f1fea,Quote Source Relevance,"{""highlight"": true, ""version"": ""4"", ""hint_type"": """"}",a8eb28f7-b549-48d5-956a-a8cd5ad67b51,T1.Q4,Has the author indicated why the source is unnamed?,CHECKBOX,,,nominal,"{""version"": ""4"", ""alpha_distance"": ""nominal"", ""require_one_or_more"": true, ""hint_type"": """"}",9,1935dfd3-125c-40fb-9244-eaffb0045a98,T1.Q4.A9,Other (please highlight),,1,1,"{""case_numbers"": false, ""highlight"": true, ""version"": ""4"", ""require_highlight"": true}"
Covid2_Sources_2002_09_20,2502a56b592e600fae9d52b0bf660d8abab40e032503263cb307e13a373160fe,45b28ae3-6239-433e-a74f-fb37b04f1fea,Quote Source Relevance,"{""highlight"": true, ""version"": ""4"", ""hint_type"": """"}",3fc903a8-c27f-4039-9ca5-863ea25872c3,T1.Q5,Highlight all the ways the source is described ...(check & highlight all that apply),CHECKBOX,,,nominal,"{""version"": ""4"", ""alpha_distance"": ""nominal"", ""require_one_or_more"": true, ""hint_type"": """"}",9,688ca922-65af-4c27-a989-e408fe318dd9,T1.Q5.A1,"Honorific (e.g. Mr. Mrs., Dr.)",,1,1,"{""case_numbers"": false, ""highlight"": true, ""version"": ""4"", ""require_highlight"": true}"
Covid2_Sources_2002_09_20,2502a56b592e600fae9d52b0bf660d8abab40e032503263cb307e13a373160fe,45b28ae3-6239-433e-a74f-fb37b04f1fea,Quote Source Relevance,"{""highlight"": true, ""version"": ""4"", ""hint_type"": """"}",3fc903a8-c27f-4039-9ca5-863ea25872c3,T1.Q5,Highlight all the ways the source is described ...(check & highlight all that apply),CHECKBOX,,,nominal,"{""version"": ""4"", ""alpha_distance"": ""nominal"", ""require_one_or_more"": true, ""hint_type"": """"}",9,f74d2c8b-e91b-4595-8b88-3743113e6a2e,T1.Q5.A2,"Title, role, or position (e.g. ""Professor of Paleontology"")",,1,1,"{""case_numbers"": false, ""highlight"": true, ""version"": ""4"", ""require_highlight"": true}"
Covid2_Sources_2002_09_20,2502a56b592e600fae9d52b0bf660d8abab40e032503263cb307e13a373160fe,45b28ae3-6239-433e-a74f-fb37b04f1fea,Quote Source Relevance,"{""highlight"": true, ""version"": ""4"", ""hint_type"": """"}",3fc903a8-c27f-4039-9ca5-863ea25872c3,T1.Q5,Highlight all the ways the source is described ...(check & highlight all that apply),CHECKBOX,,,nominal,"{""version"": ""4"", ""alpha_distance"": ""nominal"", ""require_one_or_more"": true, ""hint_type"": """"}",9,211bf733-5c43-4471-b88a-5ab5df1f8c80,T1.Q5.A3,"First name (e.g. ""Jon"")",,1,1,"{""case_numbers"": false, ""highlight"": true, ""version"": ""4"", ""require_highlight"": true}"
Covid2_Sources_2002_09_20,2502a56b592e600fae9d52b0bf660d8abab40e032503263cb307e13a373160fe,45b28ae3-6239-433e-a74f-fb37b04f1fea,Quote Source Relevance,"{""highlight"": true, ""version"": ""4"", ""hint_type"": """"}",3fc903a8-c27f-4039-9ca5-863ea25872c3,T1.Q5,Highlight all the ways the source is described ...(check & highlight all that apply),CHECKBOX,,,nominal,"{""version"": ""4"", ""alpha_distance"": ""nominal"", ""require_one_or_more"": true, ""hint_type"": """"}",9,1df58984-33f7-4022-9e17-ec01d2f7be97,T1.Q5.A4,Middle name or initial,,1,1,"{""case_numbers"": false, ""highlight"": true, ""version"": ""4"", ""require_highlight"": true}"
Covid2_Sources_2002_09_20,2502a56b592e600fae9d52b0bf660d8abab40e032503263cb307e13a373160fe,45b28ae3-6239-433e-a74f-fb37b04f1fea,Quote Source Relevance,"{""highlight"": true, ""version"": ""4"", ""hint_type"": """"}",3fc903a8-c27f-4039-9ca5-863ea25872c3,T1.Q5,Highlight all the ways the source is described ...(check & highlight all that apply),CHECKBOX,,,nominal,"{""version"": ""4"", ""alpha_distance"": ""nominal"", ""require_one_or_more"": true, ""hint_type"": """"}",9,b369b010-5c4f-4e04-a9e1-a6b17cda9a9d,T1.Q5.A5,"Last name (e.g. ""Snow"")",,1,1,"{""case_numbers"": false, ""highlight"": true, ""version"": ""4"", ""require_highlight"": true}"
Covid2_Sources_2002_09_20,2502a56b592e600fae9d52b0bf660d8abab40e032503263cb307e13a373160fe,45b28ae3-6239-433e-a74f-fb37b04f1fea,Quote Source Relevance,"{""highlight"": true, ""version"": ""4"", ""hint_type"": """"}",3fc903a8-c27f-4039-9ca5-863ea25872c3,T1.Q5,Highlight all the ways the source is described ...(check & highlight all that apply),CHECKBOX,,,nominal,"{""version"": ""4"", ""alpha_distance"": ""nominal"", ""require_one_or_more"": true, ""hint_type"": """"}",9,9c893dd0-cef1-42b7-86e9-637f69b615fd,T1.Q5.A6,"Other description of person (e.g. ""Boston's favorite ice cream heiress"")",,1,1,"{""case_numbers"": false, ""highlight"": true, ""version"": ""4"", ""require_highlight"": true}"
Covid2_Sources_2002_09_20,2502a56b592e600fae9d52b0bf660d8abab40e032503263cb307e13a373160fe,45b28ae3-6239-433e-a74f-fb37b04f1fea,Quote Source Relevance,"{""highlight"": true, ""version"": ""4"", ""hint_type"": """"}",3fc903a8-c27f-4039-9ca5-863ea25872c3,T1.Q5,Highlight all the ways the source is described ...(check & highlight all that apply),CHECKBOX,,,nominal,"{""version"": ""4"", ""alpha_distance"": ""nominal"", ""require_one_or_more"": true, ""hint_type"": """"}",9,184e0224-e998-4861-87a5-bef81a744ca5,T1.Q5.A7,"Organization (e.g. ""from House Stark"" or ""of the University of Lichfield"")",,1,1,"{""case_numbers"": false, ""highlight"": true, ""version"": ""4"", ""require_highlight"": true}"
Covid2_Sources_2002_09_20,2502a56b592e600fae9d52b0bf660d8abab40e032503263cb307e13a373160fe,45b28ae3-6239-433e-a74f-fb37b04f1fea,Quote Source Relevance,"{""highlight"": true, ""version"": ""4"", ""hint_type"": """"}",3fc903a8-c27f-4039-9ca5-863ea25872c3,T1.Q5,Highlight all the ways the source is described ...(check & highlight all that apply),CHECKBOX,,,nominal,"{""version"": ""4"", ""alpha_distance"": ""nominal"", ""require_one_or_more"": true, ""hint_type"": """"}",9,b17df52c-86ac-4d4c-aa54-e6105968b8a3,T1.Q5.A8,"Description of Organization (i.e. ""a Springfield institution"")",,1,1,"{""case_numbers"": false, ""highlight"": true, ""version"": ""4"", ""require_highlight"": true}"
Covid2_Sources_2002_09_20,2502a56b592e600fae9d52b0bf660d8abab40e032503263cb307e13a373160fe,45b28ae3-6239-433e-a74f-fb37b04f1fea,Quote Source Relevance,"{""highlight"": true, ""version"": ""4"", ""hint_type"": """"}",3fc903a8-c27f-4039-9ca5-863ea25872c3,T1.Q5,Highlight all the ways the source is described ...(check & highlight all that apply),CHECKBOX,,,nominal,"{""version"": ""4"", ""alpha_distance"": ""nominal"", ""require_one_or_more"": true, ""hint_type"": """"}",9,6ab3c2e2-de5d-4881-8336-e5a5f06c18e8,T1.Q5.A9,"Only a vague description (e.g. ""experts say ..."")",,1,1,"{""case_numbers"": false, ""highlight"": true, ""version"": ""4"", ""require_highlight"": true}"
Covid2_Sources_2002_09_20,2502a56b592e600fae9d52b0bf660d8abab40e032503263cb307e13a373160fe,45b28ae3-6239-433e-a74f-fb37b04f1fea,Quote Source Relevance,"{""highlight"": true, ""version"": ""4"", ""hint_type"": """"}",c680aff6-5c88-49f5-9422-4dfc6e9f8ec8,T1.Q6,"Using the highlighter options below, indicate which portions of the bolded text are:",CHECKBOX,,,nominal,"{""version"": ""4"", ""alpha_distance"": ""nominal"", ""require_one_or_more"": true, ""hint_type"": """"}",2,53e90295-ce9f-4661-ad65-87f4685b8c8b,T1.Q6.A1,Direct quote,,1,1,"{""case_numbers"": false, ""highlight"": true, ""version"": ""4"", ""require_highlight"": true}"
Covid2_Sources_2002_09_20,2502a56b592e600fae9d52b0bf660d8abab40e032503263cb307e13a373160fe,45b28ae3-6239-433e-a74f-fb37b04f1fea,Quote Source Relevance,"{""highlight"": true, ""version"": ""4"", ""hint_type"": """"}",c680aff6-5c88-49f5-9422-4dfc6e9f8ec8,T1.Q6,"Using the highlighter options below, indicate which portions of the bolded text are:",CHECKBOX,,,nominal,"{""version"": ""4"", ""alpha_distance"": ""nominal"", ""require_one_or_more"": true, ""hint_type"": """"}",2,0afe5c27-9ecc-4ade-9197-968d12169e3b,T1.Q6.A2,Paraphrase,,1,1,"{""case_numbers"": false, ""highlight"": true, ""version"": ""4"", ""require_highlight"": true}"
Covid2_Sources_2002_09_20,2502a56b592e600fae9d52b0bf660d8abab40e032503263cb307e13a373160fe,45b28ae3-6239-433e-a74f-fb37b04f1fea,Quote Source Relevance,"{""highlight"": true, ""version"": ""4"", ""hint_type"": """"}",0d19f37e-2506-445e-8f6c-f0acf7c10113,T1.Q7,"Using the highlight options below, indicate how the quotes/paraphrases were gathered by the reporter:",CHECKBOX,,,nominal,"{""version"": ""4"", ""alpha_distance"": ""nominal"", ""require_one_or_more"": true, ""hint_type"": """"}",6,0e45656a-d7c0-4817-a255-2e2f95699e23,T1.Q7.A1,Spoken directly to the reporter,,1,1,"{""case_numbers"": false, ""highlight"": true, ""version"": ""4"", ""require_highlight"": true}"
Covid2_Sources_2002_09_20,2502a56b592e600fae9d52b0bf660d8abab40e032503263cb307e13a373160fe,45b28ae3-6239-433e-a74f-fb37b04f1fea,Quote Source Relevance,"{""highlight"": true, ""version"": ""4"", ""hint_type"": """"}",0d19f37e-2506-445e-8f6c-f0acf7c10113,T1.Q7,"Using the highlight options below, indicate how the quotes/paraphrases were gathered by the reporter:",CHECKBOX,,,nominal,"{""version"": ""4"", ""alpha_distance"": ""nominal"", ""require_one_or_more"": true, ""hint_type"": """"}",6,9ca0b42e-11d9-4a3b-a62a-6209136f3b85,T1.Q7.A2,Spoken into a video and/or audio recording device,,1,1,"{""case_numbers"": false, ""highlight"": true, ""version"": ""4"", ""require_highlight"": true}"
Covid2_Sources_2002_09_20,2502a56b592e600fae9d52b0bf660d8abab40e032503263cb307e13a373160fe,45b28ae3-6239-433e-a74f-fb37b04f1fea,Quote Source Relevance,"{""highlight"": true, ""version"": ""4"", ""hint_type"": """"}",0d19f37e-2506-445e-8f6c-f0acf7c10113,T1.Q7,"Using the highlight options below, indicate how the quotes/paraphrases were gathered by the reporter:",CHECKBOX,,,nominal,"{""version"": ""4"", ""alpha_distance"": ""nominal"", ""require_one_or_more"": true, ""hint_type"": """"}",6,0fd40a2a-8b16-44bd-adce-7c6808d86d6c,T1.Q7.A3,Heard or read by third party.,,1,1,"{""case_numbers"": false, ""highlight"": true, ""version"": ""4"", ""require_highlight"": true}"
Covid2_Sources_2002_09_20,2502a56b592e600fae9d52b0bf660d8abab40e032503263cb307e13a373160fe,45b28ae3-6239-433e-a74f-fb37b04f1fea,Quote Source Relevance,"{""highlight"": true, ""version"": ""4"", ""hint_type"": """"}",0d19f37e-2506-445e-8f6c-f0acf7c10113,T1.Q7,"Using the highlight options below, indicate how the quotes/paraphrases were gathered by the reporter:",CHECKBOX,,,nominal,"{""version"": ""4"", ""alpha_distance"": ""nominal"", ""require_one_or_more"": true, ""hint_type"": """"}",6,eedb22f3-1b46-4028-9d6d-05f4d9923511,T1.Q7.A4,"Written public material (e.g. book, social media, etc.)",,1,1,"{""case_numbers"": false, ""highlight"": true, ""version"": ""4"", ""require_highlight"": true}"
Covid2_Sources_2002_09_20,2502a56b592e600fae9d52b0bf660d8abab40e032503263cb307e13a373160fe,45b28ae3-6239-433e-a74f-fb37b04f1fea,Quote Source Relevance,"{""highlight"": true, ""version"": ""4"", ""hint_type"": """"}",0d19f37e-2506-445e-8f6c-f0acf7c10113,T1.Q7,"Using the highlight options below, indicate how the quotes/paraphrases were gathered by the reporter:",CHECKBOX,,,nominal,"{""version"": ""4"", ""alpha_distance"": ""nominal"", ""require_one_or_more"": true, ""hint_type"": """"}",6,d4938364-a57e-4c44-adf7-206fb290408c,T1.Q7.A5,Written private correspondence (e.g. email),,1,1,"{""case_numbers"": false, ""highlight"": true, ""version"": ""4"", ""require_highlight"": true}"
Covid2_Sources_2002_09_20,2502a56b592e600fae9d52b0bf660d8abab40e032503263cb307e13a373160fe,45b28ae3-6239-433e-a74f-fb37b04f1fea,Quote Source Relevance,"{""highlight"": true, ""version"": ""4"", ""hint_type"": """"}",0d19f37e-2506-445e-8f6c-f0acf7c10113,T1.Q7,"Using the highlight options below, indicate how the quotes/paraphrases were gathered by the reporter:",CHECKBOX,,,nominal,"{""version"": ""4"", ""alpha_distance"": ""nominal"", ""require_one_or_more"": true, ""hint_type"": """"}",6,ed051754-9b86-4d04-93ce-822759e7daae,T1.Q7.A6,Can't tell,,0,1,"{""case_numbers"": false, ""highlight"": false, ""version"": ""4"", ""require_highlight"": true}"
Covid2_Sources_2002_09_20,2502a56b592e600fae9d52b0bf660d8abab40e032503263cb307e13a373160fe,45b28ae3-6239-433e-a74f-fb37b04f1fea,Quote Source Relevance,"{""highlight"": true, ""version"": ""4"", ""hint_type"": """"}",bd5dc10a-99ed-40d8-9de3-e33d87fdab43,T1.Q8,How are the quoted sources' ideas important to the article?,RADIO,,,ordinal,"{""version"": ""4"", ""alpha_distance"": ""ordinal"", ""require_one_or_more"": true, ""hint_type"": """"}",9,1e6d7761-42e1-453c-a055-bbe0e99c34f5,T1.Q8.A1,Central idea/s of article.,,0,1,"{""case_numbers"": false, ""highlight"": false, ""version"": ""4"", ""require_highlight"": true}"
Covid2_Sources_2002_09_20,2502a56b592e600fae9d52b0bf660d8abab40e032503263cb307e13a373160fe,45b28ae3-6239-433e-a74f-fb37b04f1fea,Quote Source Relevance,"{""highlight"": true, ""version"": ""4"", ""hint_type"": """"}",bd5dc10a-99ed-40d8-9de3-e33d87fdab43,T1.Q8,How are the quoted sources' ideas important to the article?,RADIO,,,ordinal,"{""version"": ""4"", ""alpha_distance"": ""ordinal"", ""require_one_or_more"": true, ""hint_type"": """"}",9,a2478f75-5d89-4985-aaf9-725a5c071802,T1.Q8.A2,Provide important support to central claim of the article.,,0,1,"{""case_numbers"": false, ""highlight"": false, ""version"": ""4"", ""require_highlight"": true}"
Covid2_Sources_2002_09_20,2502a56b592e600fae9d52b0bf660d8abab40e032503263cb307e13a373160fe,45b28ae3-6239-433e-a74f-fb37b04f1fea,Quote Source Relevance,"{""highlight"": true, ""version"": ""4"", ""hint_type"": """"}",bd5dc10a-99ed-40d8-9de3-e33d87fdab43,T1.Q8,How are the quoted sources' ideas important to the article?,RADIO,,,ordinal,"{""version"": ""4"", ""alpha_distance"": ""ordinal"", ""require_one_or_more"": true, ""hint_type"": """"}",9,eb67baa5-e25b-4266-96d9-f505ad118992,T1.Q8.A3,Provide non-essential context for article.,,0,1,"{""case_numbers"": false, ""highlight"": false, ""version"": ""4"", ""require_highlight"": true}"
Covid2_Sources_2002_09_20,2502a56b592e600fae9d52b0bf660d8abab40e032503263cb307e13a373160fe,45b28ae3-6239-433e-a74f-fb37b04f1fea,Quote Source Relevance,"{""highlight"": true, ""version"": ""4"", ""hint_type"": """"}",bd5dc10a-99ed-40d8-9de3-e33d87fdab43,T1.Q8,How are the quoted sources' ideas important to the article?,RADIO,,,ordinal,"{""version"": ""4"", ""alpha_distance"": ""ordinal"", ""require_one_or_more"": true, ""hint_type"": """"}",9,e9db0d57-df2d-4892-8f52-66af269a52f5,T1.Q8.A4,Irrelevant to central claim,,0,1,"{""case_numbers"": false, ""highlight"": false, ""version"": ""4"", ""require_highlight"": true}"
Covid2_Sources_2002_09_20,2502a56b592e600fae9d52b0bf660d8abab40e032503263cb307e13a373160fe,45b28ae3-6239-433e-a74f-fb37b04f1fea,Quote Source Relevance,"{""highlight"": true, ""version"": ""4"", ""hint_type"": """"}",bd5dc10a-99ed-40d8-9de3-e33d87fdab43,T1.Q8,How are the quoted sources' ideas important to the article?,RADIO,,,ordinal,"{""version"": ""4"", ""alpha_distance"": ""ordinal"", ""require_one_or_more"": true, ""hint_type"": """"}",9,c48b7186-6f83-40cb-b61c-fd851953f5b9,T1.Q8.A5,Conflicts with claims/arguments of other sources in the article.,,0,1,"{""case_numbers"": false, ""highlight"": false, ""version"": ""4"", ""require_highlight"": true}"
Covid2_Sources_2002_09_20,2502a56b592e600fae9d52b0bf660d8abab40e032503263cb307e13a373160fe,45b28ae3-6239-433e-a74f-fb37b04f1fea,Quote Source Relevance,"{""highlight"": true, ""version"": ""4"", ""hint_type"": """"}",bd5dc10a-99ed-40d8-9de3-e33d87fdab43,T1.Q8,How are the quoted sources' ideas important to the article?,RADIO,,,ordinal,"{""version"": ""4"", ""alpha_distance"": ""ordinal"", ""require_one_or_more"": true, ""hint_type"": """"}",9,521ca09e-9cdf-4820-b29e-3b798cc4f0e2,T1.Q8.A6,"Conflicts somewhat with claims/arguments of the author, but is not refuted.",,0,1,"{""case_numbers"": false, ""highlight"": false, ""version"": ""4"", ""require_highlight"": true}"
Covid2_Sources_2002_09_20,2502a56b592e600fae9d52b0bf660d8abab40e032503263cb307e13a373160fe,45b28ae3-6239-433e-a74f-fb37b04f1fea,Quote Source Relevance,"{""highlight"": true, ""version"": ""4"", ""hint_type"": """"}",bd5dc10a-99ed-40d8-9de3-e33d87fdab43,T1.Q8,How are the quoted sources' ideas important to the article?,RADIO,,,ordinal,"{""version"": ""4"", ""alpha_distance"": ""ordinal"", ""require_one_or_more"": true, ""hint_type"": """"}",9,24fb7998-5906-48d5-88e0-e6c0a9a57c06,T1.Q8.A7,"Conflicts strongly with claims/arguments of the author, but is not refuted.",,0,1,"{""case_numbers"": false, ""highlight"": false, ""version"": ""4"", ""require_highlight"": true}"
Covid2_Sources_2002_09_20,2502a56b592e600fae9d52b0bf660d8abab40e032503263cb307e13a373160fe,45b28ae3-6239-433e-a74f-fb37b04f1fea,Quote Source Relevance,"{""highlight"": true, ""version"": ""4"", ""hint_type"": """"}",bd5dc10a-99ed-40d8-9de3-e33d87fdab43,T1.Q8,How are the quoted sources' ideas important to the article?,RADIO,,,ordinal,"{""version"": ""4"", ""alpha_distance"": ""ordinal"", ""require_one_or_more"": true, ""hint_type"": """"}",9,835658e7-58a4-41c9-ae48-27f3b04e3ef1,T1.Q8.A8,"Conflicts somewhat with claims/arguments of the author, and is refuted.",,0,1,"{""case_numbers"": false, ""highlight"": false, ""version"": ""4"", ""require_highlight"": true}"
Covid2_Sources_2002_09_20,2502a56b592e600fae9d52b0bf660d8abab40e032503263cb307e13a373160fe,45b28ae3-6239-433e-a74f-fb37b04f1fea,Quote Source Relevance,"{""highlight"": true, ""version"": ""4"", ""hint_type"": """"}",bd5dc10a-99ed-40d8-9de3-e33d87fdab43,T1.Q8,How are the quoted sources' ideas important to the article?,RADIO,,,ordinal,"{""version"": ""4"", ""alpha_distance"": ""ordinal"", ""require_one_or_more"": true, ""hint_type"": """"}",9,95d6964d-5cce-4250-bc3f-f631a69c9508,T1.Q8.A9,"Conflicts strongly with claims/arguments of the author, and is refuted.",,0,1,"{""case_numbers"": false, ""highlight"": false, ""version"": ""4"", ""require_highlight"": true}"
Covid2_Sources_2002_09_20,2502a56b592e600fae9d52b0bf660d8abab40e032503263cb307e13a373160fe,45b28ae3-6239-433e-a74f-fb37b04f1fea,Quote Source Relevance,"{""highlight"": true, ""version"": ""4"", ""hint_type"": """"}",dd7d2cf4-dca6-40e7-9849-824c921902f8,T1.Q10,"How difficult was this task for you, on the whole?",RADIO,,,ordinal,"{""version"": ""4"", ""alpha_distance"": ""ordinal"", ""require_one_or_more"": true, ""hint_type"": """"}",7,f1862708-0b7e-48d8-b648-3878c8231b54,T1.Q10.A1,1: Easiest thing I've ever done in a learning situation,,0,1,"{""case_numbers"": true, ""highlight"": false, ""version"": ""4"", ""require_highlight"": true}"
Covid2_Sources_2002_09_20,2502a56b592e600fae9d52b0bf660d8abab40e032503263cb307e13a373160fe,45b28ae3-6239-433e-a74f-fb37b04f1fea,Quote Source Relevance,"{""highlight"": true, ""version"": ""4"", ""hint_type"": """"}",dd7d2cf4-dca6-40e7-9849-824c921902f8,T1.Q10,"How difficult was this task for you, on the whole?",RADIO,,,ordinal,"{""version"": ""4"", ""alpha_distance"": ""ordinal"", ""require_one_or_more"": true, ""hint_type"": """"}",7,7e716c55-b171-4498-8fad-5181353a2857,T1.Q10.A2,2,,0,1,"{""case_numbers"": true, ""highlight"": false, ""version"": ""4"", ""require_highlight"": true}"
Covid2_Sources_2002_09_20,2502a56b592e600fae9d52b0bf660d8abab40e032503263cb307e13a373160fe,45b28ae3-6239-433e-a74f-fb37b04f1fea,Quote Source Relevance,"{""highlight"": true, ""version"": ""4"", ""hint_type"": """"}",dd7d2cf4-dca6-40e7-9849-824c921902f8,T1.Q10,"How difficult was this task for you, on the whole?",RADIO,,,ordinal,"{""version"": ""4"", ""alpha_distance"": ""ordinal"", ""require_one_or_more"": true, ""hint_type"": """"}",7,97c88b64-d552-4f68-b634-8e76c55f278f,T1.Q10.A3,3,,0,1,"{""case_numbers"": true, ""highlight"": false, ""version"": ""4"", ""require_highlight"": true}"
Covid2_Sources_2002_09_20,2502a56b592e600fae9d52b0bf660d8abab40e032503263cb307e13a373160fe,45b28ae3-6239-433e-a74f-fb37b04f1fea,Quote Source Relevance,"{""highlight"": true, ""version"": ""4"", ""hint_type"": """"}",dd7d2cf4-dca6-40e7-9849-824c921902f8,T1.Q10,"How difficult was this task for you, on the whole?",RADIO,,,ordinal,"{""version"": ""4"", ""alpha_distance"": ""ordinal"", ""require_one_or_more"": true, ""hint_type"": """"}",7,0c8c5563-4469-4719-9191-29241c170116,T1.Q10.A4,4: Neither easy nor difficult,,0,1,"{""case_numbers"": true, ""highlight"": false, ""version"": ""4"", ""require_highlight"": true}"
Covid2_Sources_2002_09_20,2502a56b592e600fae9d52b0bf660d8abab40e032503263cb307e13a373160fe,45b28ae3-6239-433e-a74f-fb37b04f1fea,Quote Source Relevance,"{""highlight"": true, ""version"": ""4"", ""hint_type"": """"}",dd7d2cf4-dca6-40e7-9849-824c921902f8,T1.Q10,"How difficult was this task for you, on the whole?",RADIO,,,ordinal,"{""version"": ""4"", ""alpha_distance"": ""ordinal"", ""require_one_or_more"": true, ""hint_type"": """"}",7,3a5704fe-7574-44ec-9354-3724f7b405ef,T1.Q10.A5,5,,0,1,"{""case_numbers"": true, ""highlight"": false, ""version"": ""4"", ""require_highlight"": true}"
Covid2_Sources_2002_09_20,2502a56b592e600fae9d52b0bf660d8abab40e032503263cb307e13a373160fe,45b28ae3-6239-433e-a74f-fb37b04f1fea,Quote Source Relevance,"{""highlight"": true, ""version"": ""4"", ""hint_type"": """"}",dd7d2cf4-dca6-40e7-9849-824c921902f8,T1.Q10,"How difficult was this task for you, on the whole?",RADIO,,,ordinal,"{""version"": ""4"", ""alpha_distance"": ""ordinal"", ""require_one_or_more"": true, ""hint_type"": """"}",7,ebe36848-3dfc-470b-aecf-805461ec7f66,T1.Q10.A6,6,,0,1,"{""case_numbers"": true, ""highlight"": false, ""version"": ""4"", ""require_highlight"": true}"
Covid2_Sources_2002_09_20,2502a56b592e600fae9d52b0bf660d8abab40e032503263cb307e13a373160fe,45b28ae3-6239-433e-a74f-fb37b04f1fea,Quote Source Relevance,"{""highlight"": true, ""version"": ""4"", ""hint_type"": """"}",dd7d2cf4-dca6-40e7-9849-824c921902f8,T1.Q10,"How difficult was this task for you, on the whole?",RADIO,,,ordinal,"{""version"": ""4"", ""alpha_distance"": ""ordinal"", ""require_one_or_more"": true, ""hint_type"": """"}",7,35972ddd-082a-42b0-8203-5c6171a807cc,T1.Q10.A7,7 Hardest thing I've ever done in a learning situation,,0,1,"{""case_numbers"": true, ""highlight"": false, ""version"": ""4"", ""require_highlight"": true}"
Covid2_Sources_2002_09_20,2502a56b592e600fae9d52b0bf660d8abab40e032503263cb307e13a373160fe,45b28ae3-6239-433e-a74f-fb37b04f1fea,Quote Source Relevance,"{""highlight"": true, ""version"": ""4"", ""hint_type"": """"}",8aed809c-f29d-458b-b8e4-f7c20be7e25d,T1.Q11,"How confident are you about your answers, on the whole?",RADIO,,,ordinal,"{""version"": ""4"", ""alpha_distance"": ""ordinal"", ""require_one_or_more"": true, ""hint_type"": """"}",7,400636ba-40bb-4c58-84e6-84ebdaba80ba,T1.Q11.A1,1: I was guessing randomly for everything,,0,1,"{""case_numbers"": true, ""highlight"": false, ""version"": ""4"", ""require_highlight"": true}"
Covid2_Sources_2002_09_20,2502a56b592e600fae9d52b0bf660d8abab40e032503263cb307e13a373160fe,45b28ae3-6239-433e-a74f-fb37b04f1fea,Quote Source Relevance,"{""highlight"": true, ""version"": ""4"", ""hint_type"": """"}",8aed809c-f29d-458b-b8e4-f7c20be7e25d,T1.Q11,"How confident are you about your answers, on the whole?",RADIO,,,ordinal,"{""version"": ""4"", ""alpha_distance"": ""ordinal"", ""require_one_or_more"": true, ""hint_type"": """"}",7,62accc50-63c2-48b1-9162-52890b619cd0,T1.Q11.A2,2,,0,1,"{""case_numbers"": true, ""highlight"": false, ""version"": ""4"", ""require_highlight"": true}"
Covid2_Sources_2002_09_20,2502a56b592e600fae9d52b0bf660d8abab40e032503263cb307e13a373160fe,45b28ae3-6239-433e-a74f-fb37b04f1fea,Quote Source Relevance,"{""highlight"": true, ""version"": ""4"", ""hint_type"": """"}",8aed809c-f29d-458b-b8e4-f7c20be7e25d,T1.Q11,"How confident are you about your answers, on the whole?",RADIO,,,ordinal,"{""version"": ""4"", ""alpha_distance"": ""ordinal"", ""require_one_or_more"": true, ""hint_type"": """"}",7,80f328ef-16f8-472a-9b33-c8ea81caee52,T1.Q11.A3,3,,0,1,"{""case_numbers"": true, ""highlight"": false, ""version"": ""4"", ""require_highlight"": true}"
Covid2_Sources_2002_09_20,2502a56b592e600fae9d52b0bf660d8abab40e032503263cb307e13a373160fe,45b28ae3-6239-433e-a74f-fb37b04f1fea,Quote Source Relevance,"{""highlight"": true, ""version"": ""4"", ""hint_type"": """"}",8aed809c-f29d-458b-b8e4-f7c20be7e25d,T1.Q11,"How confident are you about your answers, on the whole?",RADIO,,,ordinal,"{""version"": ""4"", ""alpha_distance"": ""ordinal"", ""require_one_or_more"": true, ""hint_type"": """"}",7,9d9dca5d-285e-45c0-8cf4-b750ec0278fd,T1.Q11.A4,4: Somewhat confident,,0,1,"{""case_numbers"": true, ""highlight"": false, ""version"": ""4"", ""require_highlight"": true}"
Covid2_Sources_2002_09_20,2502a56b592e600fae9d52b0bf660d8abab40e032503263cb307e13a373160fe,45b28ae3-6239-433e-a74f-fb37b04f1fea,Quote Source Relevance,"{""highlight"": true, ""version"": ""4"", ""hint_type"": """"}",8aed809c-f29d-458b-b8e4-f7c20be7e25d,T1.Q11,"How confident are you about your answers, on the whole?",RADIO,,,ordinal,"{""version"": ""4"", ""alpha_distance"": ""ordinal"", ""require_one_or_more"": true, ""hint_type"": """"}",7,a8328bf4-4436-4c0b-a46f-0a797a8e6486,T1.Q11.A5,5,,0,1,"{""case_numbers"": true, ""highlight"": false, ""version"": ""4"", ""require_highlight"": true}"
Covid2_Sources_2002_09_20,2502a56b592e600fae9d52b0bf660d8abab40e032503263cb307e13a373160fe,45b28ae3-6239-433e-a74f-fb37b04f1fea,Quote Source Relevance,"{""highlight"": true, ""version"": ""4"", ""hint_type"": """"}",8aed809c-f29d-458b-b8e4-f7c20be7e25d,T1.Q11,"How confident are you about your answers, on the whole?",RADIO,,,ordinal,"{""version"": ""4"", ""alpha_distance"": ""ordinal"", ""require_one_or_more"": true, ""hint_type"": """"}",7,eaa31a3e-69ae-489c-b02d-b0998805d0a0,T1.Q11.A6,6,,0,1,"{""case_numbers"": true, ""highlight"": false, ""version"": ""4"", ""require_highlight"": true}"
Covid2_Sources_2002_09_20,2502a56b592e600fae9d52b0bf660d8abab40e032503263cb307e13a373160fe,45b28ae3-6239-433e-a74f-fb37b04f1fea,Quote Source Relevance,"{""highlight"": true, ""version"": ""4"", ""hint_type"": """"}",8aed809c-f29d-458b-b8e4-f7c20be7e25d,T1.Q11,"How confident are you about your answers, on the whole?",RADIO,,,ordinal,"{""version"": ""4"", ""alpha_distance"": ""ordinal"", ""require_one_or_more"": true, ""hint_type"": """"}",7,ac3c449d-fd46-465d-9458-57008555f393,T1.Q11.A7,7: 100% certain about all my answers,,0,1,"{""case_numbers"": true, ""highlight"": false, ""version"": ""4"", ""require_highlight"": true}"
Covid2_Sources_2002_09_20,2502a56b592e600fae9d52b0bf660d8abab40e032503263cb307e13a373160fe,45b28ae3-6239-433e-a74f-fb37b04f1fea,Quote Source Relevance,"{""highlight"": true, ""version"": ""4"", ""hint_type"": """"}",af6fea6d-23a6-4a78-9c4d-5f0350c882c4,T1.Q12,"Is there anything about the interface, instructions, or question wording that could be improved to make tasks like this easier?",TEXT,,,nominal,"{""version"": ""4"", ""alpha_distance"": ""nominal"", ""require_one_or_more"": true, ""hint_type"": """"}",1,4326ca55-53be-4dc9-8e8f-8f76055dd792,T1.Q12.A1,placeholder answer for TEXT,,0,1,"{""case_numbers"": true, ""highlight"": false, ""version"": ""4"", ""require_highlight"": true}"
