namespace,schema_sha256,topic_uuid,topic_name,topic_options,question_uuid,question_label,question_text,question_type,question_hint_type,question_next_questions,alpha_distance,question_options,answer_count,answer_uuid,answer_label,answer_content,answer_next_questions,highlight,require_highlight,answer_options
Covid_Evidence2020_03_21,45dce5251bd3ea6e908fa33ac9e6a8e17e6830215912ce1626cf4206e159819c,32fbc0da-a6c1-418d-a1c3-1a62dc841049,Evidence Specialist,"{""highlight"": true, ""version"": ""4"", ""hint_type"": """"}",8fe814cf-0d5c-4291-84c0-7e025657d967,T1.Q1,Is a general or singular causal claim made? Highlight the section(s) that supports your answer.,CHECKBOX,,,nominal,"{""version"": ""4"", ""alpha_distance"": ""nominal"", ""require_one_or_more"": true, ""hint_type"": """"}",3,73d7a14a-9ec6-404c-b2b7-a55508af3b76,T1.Q1.A1,"General Causation (In general, X causes Y.)",T1.Q2,1,1,"{""case_numbers"": true, ""highlight"": true, ""version"": ""4"", ""require_highlight"": true}"
Covid_Evidence2020_03_21,45dce5251bd3ea6e908fa33ac9e6a8e17e6830215912ce1626cf4206e159819c,32fbc0da-a6c1-418d-a1c3-1a62dc841049,Evidence Specialist,"{""highlight"": true, ""version"": ""4"", ""hint_type"": """"}",8fe814cf-0d5c-4291-84c0-7e025657d967,T1.Q1,Is a general or singular causal claim made? Highlight the section(s) that supports your answer.,CHECKBOX,,,nominal,"{""version"": ""4"", ""alpha_distance"": ""nominal"", ""require_one_or_more"": true, ""hint_type"": """"}",3,f91456b2-b2f6-40aa-a347-a537379edb79,T1.Q1.A2,"Singular Causation (In this case, A caused/is causing B)",T1.Q2,1,1,"{""case_numbers"": true, ""highlight"": true, ""version"": ""4"", ""require_highlight"": true}"
Covid_Evidence2020_03_21,45dce5251bd3ea6e908fa33ac9e6a8e17e6830215912ce1626cf4206e159819c,32fbc0da-a6c1-418d-a1c3-1a62dc841049,Evidence Specialist,"{""highlight"": true, ""version"": ""4"", ""hint_type"": """"}",8fe814cf-0d5c-4291-84c0-7e025657d967,T1.Q1,Is a general or singular causal claim made? Highlight the section(s) that supports your answer.,CHECKBOX,,,nominal,"{""version"": ""4"", ""alpha_distance"": ""nominal"", ""require_one_or_more"": true, ""hint_type"": """"}",3,b5c3c5d0-4c59-4e26-8996-97cd64e29b93,T1.Q1.A3,No causal claim made,,0,1,"{""case_numbers"": true, ""highlight"": false, ""version"": ""4"", ""require_highlight"": true}"
Covid_Evidence2020_03_21,45dce5251bd3ea6e908fa33ac9e6a8e17e6830215912ce1626cf4206e159819c,32fbc0da-a6c1-418d-a1c3-1a62dc841049,Evidence Specialist,"{""highlight"": true, ""version"": ""4"", ""hint_type"": """"}",74d61646-391b-4762-8a98-db254ab6d22f,T1.Q2,What evidence is given for the primary causal claim? Select all that apply.,CHECKBOX,,"T1.Q7, T1.Q8",nominal,"{""version"": ""4"", ""alpha_distance"": ""nominal"", ""require_one_or_more"": true, ""hint_type"": """"}",9,5a1fb1f4-d8b7-45c0-bce5-7d4c3b91c55f,T1.Q2.A1,Correlation,T1.Q4,1,1,"{""case_numbers"": false, ""highlight"": true, ""version"": ""4"", ""require_highlight"": true}"
Covid_Evidence2020_03_21,45dce5251bd3ea6e908fa33ac9e6a8e17e6830215912ce1626cf4206e159819c,32fbc0da-a6c1-418d-a1c3-1a62dc841049,Evidence Specialist,"{""highlight"": true, ""version"": ""4"", ""hint_type"": """"}",74d61646-391b-4762-8a98-db254ab6d22f,T1.Q2,What evidence is given for the primary causal claim? Select all that apply.,CHECKBOX,,"T1.Q7, T1.Q8",nominal,"{""version"": ""4"", ""alpha_distance"": ""nominal"", ""require_one_or_more"": true, ""hint_type"": """"}",9,ba2d1638-2509-4ce8-9130-39ea26d1d424,T1.Q2.A2,Cause precedes effect,,1,1,"{""case_numbers"": false, ""highlight"": true, ""version"": ""4"", ""require_highlight"": true}"
Covid_Evidence2020_03_21,45dce5251bd3ea6e908fa33ac9e6a8e17e6830215912ce1626cf4206e159819c,32fbc0da-a6c1-418d-a1c3-1a62dc841049,Evidence Specialist,"{""highlight"": true, ""version"": ""4"", ""hint_type"": """"}",74d61646-391b-4762-8a98-db254ab6d22f,T1.Q2,What evidence is given for the primary causal claim? Select all that apply.,CHECKBOX,,"T1.Q7, T1.Q8",nominal,"{""version"": ""4"", ""alpha_distance"": ""nominal"", ""require_one_or_more"": true, ""hint_type"": """"}",9,fee5e5ec-ce13-43e7-aca6-5babee4eb8a5,T1.Q2.A3,The correlation appears across multiple independent contexts,,1,1,"{""case_numbers"": false, ""highlight"": true, ""version"": ""4"", ""require_highlight"": true}"
Covid_Evidence2020_03_21,45dce5251bd3ea6e908fa33ac9e6a8e17e6830215912ce1626cf4206e159819c,32fbc0da-a6c1-418d-a1c3-1a62dc841049,Evidence Specialist,"{""highlight"": true, ""version"": ""4"", ""hint_type"": """"}",74d61646-391b-4762-8a98-db254ab6d22f,T1.Q2,What evidence is given for the primary causal claim? Select all that apply.,CHECKBOX,,"T1.Q7, T1.Q8",nominal,"{""version"": ""4"", ""alpha_distance"": ""nominal"", ""require_one_or_more"": true, ""hint_type"": """"}",9,0546a258-029e-46ed-a84f-9ea36d69a770,T1.Q2.A4,A plausible mechanism is proposed,,1,1,"{""case_numbers"": false, ""highlight"": true, ""version"": ""4"", ""require_highlight"": true}"
Covid_Evidence2020_03_21,45dce5251bd3ea6e908fa33ac9e6a8e17e6830215912ce1626cf4206e159819c,32fbc0da-a6c1-418d-a1c3-1a62dc841049,Evidence Specialist,"{""highlight"": true, ""version"": ""4"", ""hint_type"": """"}",74d61646-391b-4762-8a98-db254ab6d22f,T1.Q2,What evidence is given for the primary causal claim? Select all that apply.,CHECKBOX,,"T1.Q7, T1.Q8",nominal,"{""version"": ""4"", ""alpha_distance"": ""nominal"", ""require_one_or_more"": true, ""hint_type"": """"}",9,780989ca-2765-4989-9cc3-08f3874489e0,T1.Q2.A5,An experimental study was conducted (natural experiments OK),"T1.Q4, T1.Q5",1,1,"{""case_numbers"": false, ""highlight"": true, ""version"": ""4"", ""require_highlight"": true}"
Covid_Evidence2020_03_21,45dce5251bd3ea6e908fa33ac9e6a8e17e6830215912ce1626cf4206e159819c,32fbc0da-a6c1-418d-a1c3-1a62dc841049,Evidence Specialist,"{""highlight"": true, ""version"": ""4"", ""hint_type"": """"}",74d61646-391b-4762-8a98-db254ab6d22f,T1.Q2,What evidence is given for the primary causal claim? Select all that apply.,CHECKBOX,,"T1.Q7, T1.Q8",nominal,"{""version"": ""4"", ""alpha_distance"": ""nominal"", ""require_one_or_more"": true, ""hint_type"": """"}",9,e9c2715e-6047-4bc3-bd9b-591361023fe9,T1.Q2.A6,There is a clear dose-response curve,,1,1,"{""case_numbers"": false, ""highlight"": true, ""version"": ""4"", ""require_highlight"": true}"
Covid_Evidence2020_03_21,45dce5251bd3ea6e908fa33ac9e6a8e17e6830215912ce1626cf4206e159819c,32fbc0da-a6c1-418d-a1c3-1a62dc841049,Evidence Specialist,"{""highlight"": true, ""version"": ""4"", ""hint_type"": """"}",74d61646-391b-4762-8a98-db254ab6d22f,T1.Q2,What evidence is given for the primary causal claim? Select all that apply.,CHECKBOX,,"T1.Q7, T1.Q8",nominal,"{""version"": ""4"", ""alpha_distance"": ""nominal"", ""require_one_or_more"": true, ""hint_type"": """"}",9,c51b597d-2d96-4337-affe-b92836a08869,T1.Q2.A7,Experts are cited,,1,1,"{""case_numbers"": false, ""highlight"": true, ""version"": ""4"", ""require_highlight"": true}"
Covid_Evidence2020_03_21,45dce5251bd3ea6e908fa33ac9e6a8e17e6830215912ce1626cf4206e159819c,32fbc0da-a6c1-418d-a1c3-1a62dc841049,Evidence Specialist,"{""highlight"": true, ""version"": ""4"", ""hint_type"": """"}",74d61646-391b-4762-8a98-db254ab6d22f,T1.Q2,What evidence is given for the primary causal claim? Select all that apply.,CHECKBOX,,"T1.Q7, T1.Q8",nominal,"{""version"": ""4"", ""alpha_distance"": ""nominal"", ""require_one_or_more"": true, ""hint_type"": """"}",9,857d25f3-1a9c-45a3-b9dc-5cdc41e9d438,T1.Q2.A8,Other evidence,T1.Q3,1,1,"{""case_numbers"": false, ""highlight"": true, ""version"": ""4"", ""require_highlight"": true}"
Covid_Evidence2020_03_21,45dce5251bd3ea6e908fa33ac9e6a8e17e6830215912ce1626cf4206e159819c,32fbc0da-a6c1-418d-a1c3-1a62dc841049,Evidence Specialist,"{""highlight"": true, ""version"": ""4"", ""hint_type"": """"}",74d61646-391b-4762-8a98-db254ab6d22f,T1.Q2,What evidence is given for the primary causal claim? Select all that apply.,CHECKBOX,,"T1.Q7, T1.Q8",nominal,"{""version"": ""4"", ""alpha_distance"": ""nominal"", ""require_one_or_more"": true, ""hint_type"": """"}",9,052b997a-f13c-405d-8fc8-7465208e0b66,T1.Q2.A9,No evidence given,,0,1,"{""case_numbers"": false, ""highlight"": false, ""version"": ""4"", ""require_highlight"": true}"
Covid_Evidence2020_03_21,45dce5251bd3ea6e908fa33ac9e6a8e17e6830215912ce1626cf4206e159819c,32fbc0da-a6c1-418d-a1c3-1a62dc841049,Evidence Specialist,"{""highlight"": true, ""version"": ""4"", ""hint_type"": """"}",fb6276fc-86ef-4448-a7cb-702d82f36e30,T1.Q3,What other evidence is given?,TEXT,,,nominal,"{""version"": ""4"", ""alpha_distance"": ""nominal"", ""require_one_or_more"": true, ""hint_type"": """"}",1,90daa627-a188-44fb-ba2f-bf88f2743701,T1.Q3.A1,placeholder answer for TEXT,,0,1,"{""case_numbers"": true, ""highlight"": false, ""version"": ""4"", ""require_highlight"": true}"
Covid_Evidence2020_03_21,45dce5251bd3ea6e908fa33ac9e6a8e17e6830215912ce1626cf4206e159819c,32fbc0da-a6c1-418d-a1c3-1a62dc841049,Evidence Specialist,"{""highlight"": true, ""version"": ""4"", ""hint_type"": """"}",25b2a9d6-60ec-4527-b8fa-fdea1f8a0475,T1.Q4,How representative is the sample of the population that the claim is made about?,RADIO,,,nominal,"{""version"": ""4"", ""alpha_distance"": ""nominal"", ""require_one_or_more"": true, ""hint_type"": """"}",6,1b8f27c0-91ce-4230-89db-72f6f08af2d8,T1.Q4.A1,Very representative (Also choose this if entire population is examined),,0,1,"{""case_numbers"": true, ""highlight"": false, ""version"": ""4"", ""require_highlight"": true}"
Covid_Evidence2020_03_21,45dce5251bd3ea6e908fa33ac9e6a8e17e6830215912ce1626cf4206e159819c,32fbc0da-a6c1-418d-a1c3-1a62dc841049,Evidence Specialist,"{""highlight"": true, ""version"": ""4"", ""hint_type"": """"}",25b2a9d6-60ec-4527-b8fa-fdea1f8a0475,T1.Q4,How representative is the sample of the population that the claim is made about?,RADIO,,,nominal,"{""version"": ""4"", ""alpha_distance"": ""nominal"", ""require_one_or_more"": true, ""hint_type"": """"}",6,e07bdb8b-fbcc-45c7-8bc2-4dd925f035ca,T1.Q4.A2,Fairly representative,,0,1,"{""case_numbers"": true, ""highlight"": false, ""version"": ""4"", ""require_highlight"": true}"
Covid_Evidence2020_03_21,45dce5251bd3ea6e908fa33ac9e6a8e17e6830215912ce1626cf4206e159819c,32fbc0da-a6c1-418d-a1c3-1a62dc841049,Evidence Specialist,"{""highlight"": true, ""version"": ""4"", ""hint_type"": """"}",25b2a9d6-60ec-4527-b8fa-fdea1f8a0475,T1.Q4,How representative is the sample of the population that the claim is made about?,RADIO,,,nominal,"{""version"": ""4"", ""alpha_distance"": ""nominal"", ""require_one_or_more"": true, ""hint_type"": """"}",6,bb6f79bb-745d-4f1f-aadc-1ca3f294dd1a,T1.Q4.A3,Somewhat representative,,0,1,"{""case_numbers"": true, ""highlight"": false, ""version"": ""4"", ""require_highlight"": true}"
Covid_Evidence2020_03_21,45dce5251bd3ea6e908fa33ac9e6a8e17e6830215912ce1626cf4206e159819c,32fbc0da-a6c1-418d-a1c3-1a62dc841049,Evidence Specialist,"{""highlight"": true, ""version"": ""4"", ""hint_type"": """"}",25b2a9d6-60ec-4527-b8fa-fdea1f8a0475,T1.Q4,How representative is the sample of the population that the claim is made about?,RADIO,,,nominal,"{""version"": ""4"", ""alpha_distance"": ""nominal"", ""require_one_or_more"": true, ""hint_type"": """"}",6,96fde299-cf70-4ac8-b179-7bf7936edad1,T1.Q4.A4,Slightly representative,,0,1,"{""case_numbers"": true, ""highlight"": false, ""version"": ""4"", ""require_highlight"": true}"
Covid_Evidence2020_03_21,45dce5251bd3ea6e908fa33ac9e6a8e17e6830215912ce1626cf4206e159819c,32fbc0da-a6c1-418d-a1c3-1a62dc841049,Evidence Specialist,"{""highlight"": true, ""version"": ""4"", ""hint_type"": """"}",25b2a9d6-60ec-4527-b8fa-fdea1f8a0475,T1.Q4,How representative is the sample of the population that the claim is made about?,RADIO,,,nominal,"{""version"": ""4"", ""alpha_distance"": ""nominal"", ""require_one_or_more"": true, ""hint_type"": """"}",6,b0cd6daf-353b-4bc0-a1cd-1c305a361edd,T1.Q4.A5,Not at all representative,,0,1,"{""case_numbers"": true, ""highlight"": false, ""version"": ""4"", ""require_highlight"": true}"
Covid_Evidence2020_03_21,45dce5251bd3ea6e908fa33ac9e6a8e17e6830215912ce1626cf4206e159819c,32fbc0da-a6c1-418d-a1c3-1a62dc841049,Evidence Specialist,"{""highlight"": true, ""version"": ""4"", ""hint_type"": """"}",25b2a9d6-60ec-4527-b8fa-fdea1f8a0475,T1.Q4,How representative is the sample of the population that the claim is made about?,RADIO,,,nominal,"{""version"": ""4"", ""alpha_distance"": ""nominal"", ""require_one_or_more"": true, ""hint_type"": """"}",6,7369a857-fd09-4a36-8e26-e64e8d5a6641,T1.Q4.A6,Can't tell; not enough info,,0,1,"{""case_numbers"": true, ""highlight"": false, ""version"": ""4"", ""require_highlight"": true}"
Covid_Evidence2020_03_21,45dce5251bd3ea6e908fa33ac9e6a8e17e6830215912ce1626cf4206e159819c,32fbc0da-a6c1-418d-a1c3-1a62dc841049,Evidence Specialist,"{""highlight"": true, ""version"": ""4"", ""hint_type"": """"}",b9c8ffec-24ae-49e1-abb2-a6f0c9a800fb,T1.Q5,"Was there an adequate control? If so, highlight section.",RADIO,,,nominal,"{""version"": ""4"", ""alpha_distance"": ""nominal"", ""require_one_or_more"": true, ""hint_type"": """"}",5,95756885-3992-445b-bd6b-07fa38624cb5,T1.Q5.A1,Appropriate control,T1.Q6,1,1,"{""case_numbers"": false, ""highlight"": true, ""version"": ""4"", ""require_highlight"": true}"
Covid_Evidence2020_03_21,45dce5251bd3ea6e908fa33ac9e6a8e17e6830215912ce1626cf4206e159819c,32fbc0da-a6c1-418d-a1c3-1a62dc841049,Evidence Specialist,"{""highlight"": true, ""version"": ""4"", ""hint_type"": """"}",b9c8ffec-24ae-49e1-abb2-a6f0c9a800fb,T1.Q5,"Was there an adequate control? If so, highlight section.",RADIO,,,nominal,"{""version"": ""4"", ""alpha_distance"": ""nominal"", ""require_one_or_more"": true, ""hint_type"": """"}",5,cf5dd87d-bb5c-433d-abbc-d2a532798b73,T1.Q5.A2,Questionably appropriate control,T1.Q6,1,1,"{""case_numbers"": false, ""highlight"": true, ""version"": ""4"", ""require_highlight"": true}"
Covid_Evidence2020_03_21,45dce5251bd3ea6e908fa33ac9e6a8e17e6830215912ce1626cf4206e159819c,32fbc0da-a6c1-418d-a1c3-1a62dc841049,Evidence Specialist,"{""highlight"": true, ""version"": ""4"", ""hint_type"": """"}",b9c8ffec-24ae-49e1-abb2-a6f0c9a800fb,T1.Q5,"Was there an adequate control? If so, highlight section.",RADIO,,,nominal,"{""version"": ""4"", ""alpha_distance"": ""nominal"", ""require_one_or_more"": true, ""hint_type"": """"}",5,613460a7-bbf4-4c6c-bdbb-8d2d4c291825,T1.Q5.A3,Inappropriate control,T1.Q6,1,1,"{""case_numbers"": false, ""highlight"": true, ""version"": ""4"", ""require_highlight"": true}"
Covid_Evidence2020_03_21,45dce5251bd3ea6e908fa33ac9e6a8e17e6830215912ce1626cf4206e159819c,32fbc0da-a6c1-418d-a1c3-1a62dc841049,Evidence Specialist,"{""highlight"": true, ""version"": ""4"", ""hint_type"": """"}",b9c8ffec-24ae-49e1-abb2-a6f0c9a800fb,T1.Q5,"Was there an adequate control? If so, highlight section.",RADIO,,,nominal,"{""version"": ""4"", ""alpha_distance"": ""nominal"", ""require_one_or_more"": true, ""hint_type"": """"}",5,464a0e54-f7bb-46c7-b51c-9d1af2883ed7,T1.Q5.A4,No control,,0,1,"{""case_numbers"": false, ""highlight"": false, ""version"": ""4"", ""require_highlight"": true}"
Covid_Evidence2020_03_21,45dce5251bd3ea6e908fa33ac9e6a8e17e6830215912ce1626cf4206e159819c,32fbc0da-a6c1-418d-a1c3-1a62dc841049,Evidence Specialist,"{""highlight"": true, ""version"": ""4"", ""hint_type"": """"}",b9c8ffec-24ae-49e1-abb2-a6f0c9a800fb,T1.Q5,"Was there an adequate control? If so, highlight section.",RADIO,,,nominal,"{""version"": ""4"", ""alpha_distance"": ""nominal"", ""require_one_or_more"": true, ""hint_type"": """"}",5,ddb82ce8-8e29-4dfe-9aef-30e54ef42fef,T1.Q5.A5,Can't tell; not enough info,,0,1,"{""case_numbers"": false, ""highlight"": false, ""version"": ""4"", ""require_highlight"": true}"
Covid_Evidence2020_03_21,45dce5251bd3ea6e908fa33ac9e6a8e17e6830215912ce1626cf4206e159819c,32fbc0da-a6c1-418d-a1c3-1a62dc841049,Evidence Specialist,"{""highlight"": true, ""version"": ""4"", ""hint_type"": """"}",8189eace-aa5e-4547-9ede-a5353cd06474,T1.Q6,Was randomized assignment used?,RADIO,,,nominal,"{""version"": ""4"", ""alpha_distance"": ""nominal"", ""require_one_or_more"": true, ""hint_type"": """"}",3,479495fb-6184-486b-8b8b-d77dedac30ab,T1.Q6.A1,Yes,,1,1,"{""case_numbers"": false, ""highlight"": true, ""version"": ""4"", ""require_highlight"": true}"
Covid_Evidence2020_03_21,45dce5251bd3ea6e908fa33ac9e6a8e17e6830215912ce1626cf4206e159819c,32fbc0da-a6c1-418d-a1c3-1a62dc841049,Evidence Specialist,"{""highlight"": true, ""version"": ""4"", ""hint_type"": """"}",8189eace-aa5e-4547-9ede-a5353cd06474,T1.Q6,Was randomized assignment used?,RADIO,,,nominal,"{""version"": ""4"", ""alpha_distance"": ""nominal"", ""require_one_or_more"": true, ""hint_type"": """"}",3,ea08c28a-2a82-4646-8c8a-57cc41eb5628,T1.Q6.A2,No,,0,1,"{""case_numbers"": false, ""highlight"": false, ""version"": ""4"", ""require_highlight"": true}"
Covid_Evidence2020_03_21,45dce5251bd3ea6e908fa33ac9e6a8e17e6830215912ce1626cf4206e159819c,32fbc0da-a6c1-418d-a1c3-1a62dc841049,Evidence Specialist,"{""highlight"": true, ""version"": ""4"", ""hint_type"": """"}",8189eace-aa5e-4547-9ede-a5353cd06474,T1.Q6,Was randomized assignment used?,RADIO,,,nominal,"{""version"": ""4"", ""alpha_distance"": ""nominal"", ""require_one_or_more"": true, ""hint_type"": """"}",3,338272ec-2199-4b25-9d3b-7a55ad0c37fd,T1.Q6.A3,Can't tell; not enough info,,0,1,"{""case_numbers"": false, ""highlight"": false, ""version"": ""4"", ""require_highlight"": true}"
Covid_Evidence2020_03_21,45dce5251bd3ea6e908fa33ac9e6a8e17e6830215912ce1626cf4206e159819c,32fbc0da-a6c1-418d-a1c3-1a62dc841049,Evidence Specialist,"{""highlight"": true, ""version"": ""4"", ""hint_type"": """"}",c75f7563-06fc-4613-ab51-8f3c13c3c38e,T1.Q7,What is the best alternative explanation you can think of that could lead to the same set of evidence?,TEXT,,,nominal,"{""version"": ""4"", ""alpha_distance"": ""nominal"", ""require_one_or_more"": true, ""hint_type"": """"}",1,682be4e9-7e39-45b2-82e6-9f6300bb173c,T1.Q7.A1,placeholder answer for TEXT,,0,1,"{""case_numbers"": true, ""highlight"": false, ""version"": ""4"", ""require_highlight"": true}"
Covid_Evidence2020_03_21,45dce5251bd3ea6e908fa33ac9e6a8e17e6830215912ce1626cf4206e159819c,32fbc0da-a6c1-418d-a1c3-1a62dc841049,Evidence Specialist,"{""highlight"": true, ""version"": ""4"", ""hint_type"": """"}",4bdfc08f-90f0-4880-8f06-2182773b397c,T1.Q8,"How likely is your alternative explanation for the same evidence, as compared to the author’s explanation?",RADIO,,,nominal,"{""version"": ""4"", ""alpha_distance"": ""nominal"", ""require_one_or_more"": true, ""hint_type"": """"}",5,4aa8619b-1f36-468d-8fac-271257a983c2,T1.Q8.A1,Much more likely than author’s,,0,1,"{""case_numbers"": true, ""highlight"": false, ""version"": ""4"", ""require_highlight"": true}"
Covid_Evidence2020_03_21,45dce5251bd3ea6e908fa33ac9e6a8e17e6830215912ce1626cf4206e159819c,32fbc0da-a6c1-418d-a1c3-1a62dc841049,Evidence Specialist,"{""highlight"": true, ""version"": ""4"", ""hint_type"": """"}",4bdfc08f-90f0-4880-8f06-2182773b397c,T1.Q8,"How likely is your alternative explanation for the same evidence, as compared to the author’s explanation?",RADIO,,,nominal,"{""version"": ""4"", ""alpha_distance"": ""nominal"", ""require_one_or_more"": true, ""hint_type"": """"}",5,2c2fee8b-febf-47ea-bc9f-797ec750a137,T1.Q8.A2,Somewhat more likely,,0,1,"{""case_numbers"": true, ""highlight"": false, ""version"": ""4"", ""require_highlight"": true}"
Covid_Evidence2020_03_21,45dce5251bd3ea6e908fa33ac9e6a8e17e6830215912ce1626cf4206e159819c,32fbc0da-a6c1-418d-a1c3-1a62dc841049,Evidence Specialist,"{""highlight"": true, ""version"": ""4"", ""hint_type"": """"}",4bdfc08f-90f0-4880-8f06-2182773b397c,T1.Q8,"How likely is your alternative explanation for the same evidence, as compared to the author’s explanation?",RADIO,,,nominal,"{""version"": ""4"", ""alpha_distance"": ""nominal"", ""require_one_or_more"": true, ""hint_type"": """"}",5,32bf9a23-99db-4331-ab8a-5b73ab849d8f,T1.Q8.A3,Equally likely,,0,1,"{""case_numbers"": true, ""highlight"": false, ""version"": ""4"", ""require_highlight"": true}"
Covid_Evidence2020_03_21,45dce5251bd3ea6e908fa33ac9e6a8e17e6830215912ce1626cf4206e159819c,32fbc0da-a6c1-418d-a1c3-1a62dc841049,Evidence Specialist,"{""highlight"": true, ""version"": ""4"", ""hint_type"": """"}",4bdfc08f-90f0-4880-8f06-2182773b397c,T1.Q8,"How likely is your alternative explanation for the same evidence, as compared to the author’s explanation?",RADIO,,,nominal,"{""version"": ""4"", ""alpha_distance"": ""nominal"", ""require_one_or_more"": true, ""hint_type"": """"}",5,5f82927d-95d4-4506-9d68-259aa66fcc69,T1.Q8.A4,Somewhat less likely,,0,1,"{""case_numbers"": true, ""highlight"": false, ""version"": ""4"", ""require_highlight"": true}"
Covid_Evidence2020_03_21,45dce5251bd3ea6e908fa33ac9e6a8e17e6830215912ce1626cf4206e159819c,32fbc0da-a6c1-418d-a1c3-1a62dc841049,Evidence Specialist,"{""highlight"": true, ""version"": ""4"", ""hint_type"": """"}",4bdfc08f-90f0-4880-8f06-2182773b397c,T1.Q8,"How likely is your alternative explanation for the same evidence, as compared to the author’s explanation?",RADIO,,,nominal,"{""version"": ""4"", ""alpha_distance"": ""nominal"", ""require_one_or_more"": true, ""hint_type"": """"}",5,8eab0dab-e8d4-41ea-af54-5dea4d1e6964,T1.Q8.A5,Much less likely,,0,1,"{""case_numbers"": true, ""highlight"": false, ""version"": ""4"", ""require_highlight"": true}"
Covid_Evidence2020_03_21,45dce5251bd3ea6e908fa33ac9e6a8e17e6830215912ce1626cf4206e159819c,32fbc0da-a6c1-418d-a1c3-1a62dc841049,Evidence Specialist,"{""highlight"": true, ""version"": ""4"", ""hint_type"": """"}",af70892d-ca87-4500-a11e-61a31a5b3509,T1.Q9,Is data presented as evidence for a pattern (e.g. A relationship between two variables)?,RADIO,,,nominal,"{""version"": ""4"", ""alpha_distance"": ""nominal"", ""require_one_or_more"": true, ""hint_type"": """"}",3,2226abe4-b7a9-4ea8-acfd-13387300f3fb,T1.Q9.A1,Yes,"T1.Q10, T1.Q11",1,1,"{""case_numbers"": false, ""highlight"": true, ""version"": ""4"", ""require_highlight"": true}"
Covid_Evidence2020_03_21,45dce5251bd3ea6e908fa33ac9e6a8e17e6830215912ce1626cf4206e159819c,32fbc0da-a6c1-418d-a1c3-1a62dc841049,Evidence Specialist,"{""highlight"": true, ""version"": ""4"", ""hint_type"": """"}",af70892d-ca87-4500-a11e-61a31a5b3509,T1.Q9,Is data presented as evidence for a pattern (e.g. A relationship between two variables)?,RADIO,,,nominal,"{""version"": ""4"", ""alpha_distance"": ""nominal"", ""require_one_or_more"": true, ""hint_type"": """"}",3,ce339f45-14dc-415e-a131-0080183cec70,T1.Q9.A2,Maybe,"T1.Q10, T1.Q11",1,1,"{""case_numbers"": false, ""highlight"": true, ""version"": ""4"", ""require_highlight"": true}"
Covid_Evidence2020_03_21,45dce5251bd3ea6e908fa33ac9e6a8e17e6830215912ce1626cf4206e159819c,32fbc0da-a6c1-418d-a1c3-1a62dc841049,Evidence Specialist,"{""highlight"": true, ""version"": ""4"", ""hint_type"": """"}",af70892d-ca87-4500-a11e-61a31a5b3509,T1.Q9,Is data presented as evidence for a pattern (e.g. A relationship between two variables)?,RADIO,,,nominal,"{""version"": ""4"", ""alpha_distance"": ""nominal"", ""require_one_or_more"": true, ""hint_type"": """"}",3,27ebbcb0-94fa-4477-8644-af3f6c9ea03b,T1.Q9.A3,No,,0,1,"{""case_numbers"": false, ""highlight"": false, ""version"": ""4"", ""require_highlight"": true}"
Covid_Evidence2020_03_21,45dce5251bd3ea6e908fa33ac9e6a8e17e6830215912ce1626cf4206e159819c,32fbc0da-a6c1-418d-a1c3-1a62dc841049,Evidence Specialist,"{""highlight"": true, ""version"": ""4"", ""hint_type"": """"}",1a84fe91-82a0-4391-b25b-6e9674b806d9,T1.Q10,"Given the information you have, how likely is it that the apparent pattern is a result of random statistical variation or error (noise)?",RADIO,,,nominal,"{""version"": ""4"", ""alpha_distance"": ""nominal"", ""require_one_or_more"": true, ""hint_type"": """"}",5,b22b58df-b346-4339-a9fa-b5cd4f726962,T1.Q10.A1,Extremely Likely,,0,1,"{""case_numbers"": true, ""highlight"": false, ""version"": ""4"", ""require_highlight"": true}"
Covid_Evidence2020_03_21,45dce5251bd3ea6e908fa33ac9e6a8e17e6830215912ce1626cf4206e159819c,32fbc0da-a6c1-418d-a1c3-1a62dc841049,Evidence Specialist,"{""highlight"": true, ""version"": ""4"", ""hint_type"": """"}",1a84fe91-82a0-4391-b25b-6e9674b806d9,T1.Q10,"Given the information you have, how likely is it that the apparent pattern is a result of random statistical variation or error (noise)?",RADIO,,,nominal,"{""version"": ""4"", ""alpha_distance"": ""nominal"", ""require_one_or_more"": true, ""hint_type"": """"}",5,14d9f2a5-3d50-4e30-bfe2-2465fa560482,T1.Q10.A2,Somewhat Likely,,0,1,"{""case_numbers"": true, ""highlight"": false, ""version"": ""4"", ""require_highlight"": true}"
Covid_Evidence2020_03_21,45dce5251bd3ea6e908fa33ac9e6a8e17e6830215912ce1626cf4206e159819c,32fbc0da-a6c1-418d-a1c3-1a62dc841049,Evidence Specialist,"{""highlight"": true, ""version"": ""4"", ""hint_type"": """"}",1a84fe91-82a0-4391-b25b-6e9674b806d9,T1.Q10,"Given the information you have, how likely is it that the apparent pattern is a result of random statistical variation or error (noise)?",RADIO,,,nominal,"{""version"": ""4"", ""alpha_distance"": ""nominal"", ""require_one_or_more"": true, ""hint_type"": """"}",5,8887f35b-e3c5-4ef9-b87e-ce3ff1fdbfef,T1.Q10.A3,Neither Likely nor Unlikely,,0,1,"{""case_numbers"": true, ""highlight"": false, ""version"": ""4"", ""require_highlight"": true}"
Covid_Evidence2020_03_21,45dce5251bd3ea6e908fa33ac9e6a8e17e6830215912ce1626cf4206e159819c,32fbc0da-a6c1-418d-a1c3-1a62dc841049,Evidence Specialist,"{""highlight"": true, ""version"": ""4"", ""hint_type"": """"}",1a84fe91-82a0-4391-b25b-6e9674b806d9,T1.Q10,"Given the information you have, how likely is it that the apparent pattern is a result of random statistical variation or error (noise)?",RADIO,,,nominal,"{""version"": ""4"", ""alpha_distance"": ""nominal"", ""require_one_or_more"": true, ""hint_type"": """"}",5,62751dbf-ff76-49e6-9070-66215389acde,T1.Q10.A4,Somewhat Unlikely,,0,1,"{""case_numbers"": true, ""highlight"": false, ""version"": ""4"", ""require_highlight"": true}"
Covid_Evidence2020_03_21,45dce5251bd3ea6e908fa33ac9e6a8e17e6830215912ce1626cf4206e159819c,32fbc0da-a6c1-418d-a1c3-1a62dc841049,Evidence Specialist,"{""highlight"": true, ""version"": ""4"", ""hint_type"": """"}",1a84fe91-82a0-4391-b25b-6e9674b806d9,T1.Q10,"Given the information you have, how likely is it that the apparent pattern is a result of random statistical variation or error (noise)?",RADIO,,,nominal,"{""version"": ""4"", ""alpha_distance"": ""nominal"", ""require_one_or_more"": true, ""hint_type"": """"}",5,443d94fe-c0a2-4a8b-819f-9253a570f788,T1.Q10.A5,Very Unlikely,,0,1,"{""case_numbers"": true, ""highlight"": false, ""version"": ""4"", ""require_highlight"": true}"
Covid_Evidence2020_03_21,45dce5251bd3ea6e908fa33ac9e6a8e17e6830215912ce1626cf4206e159819c,32fbc0da-a6c1-418d-a1c3-1a62dc841049,Evidence Specialist,"{""highlight"": true, ""version"": ""4"", ""hint_type"": """"}",322b3640-23b1-40cd-935e-5fb7a65d17b3,T1.Q11,"Given the information you have, how likely is it that the apparent pattern is a result of some systematic error (a systematic bias in the study that could not be cancelled out by collecting more data)?",RADIO,,,nominal,"{""version"": ""4"", ""alpha_distance"": ""nominal"", ""require_one_or_more"": true, ""hint_type"": """"}",5,33f9bec1-c2d4-4ce3-ba06-a6a50acc5ed6,T1.Q11.A1,Extremely Likely,,0,1,"{""case_numbers"": true, ""highlight"": false, ""version"": ""4"", ""require_highlight"": true}"
Covid_Evidence2020_03_21,45dce5251bd3ea6e908fa33ac9e6a8e17e6830215912ce1626cf4206e159819c,32fbc0da-a6c1-418d-a1c3-1a62dc841049,Evidence Specialist,"{""highlight"": true, ""version"": ""4"", ""hint_type"": """"}",322b3640-23b1-40cd-935e-5fb7a65d17b3,T1.Q11,"Given the information you have, how likely is it that the apparent pattern is a result of some systematic error (a systematic bias in the study that could not be cancelled out by collecting more data)?",RADIO,,,nominal,"{""version"": ""4"", ""alpha_distance"": ""nominal"", ""require_one_or_more"": true, ""hint_type"": """"}",5,0b110378-85db-4778-9524-3f9a263922e9,T1.Q11.A2,Somewhat Likely,,0,1,"{""case_numbers"": true, ""highlight"": false, ""version"": ""4"", ""require_highlight"": true}"
Covid_Evidence2020_03_21,45dce5251bd3ea6e908fa33ac9e6a8e17e6830215912ce1626cf4206e159819c,32fbc0da-a6c1-418d-a1c3-1a62dc841049,Evidence Specialist,"{""highlight"": true, ""version"": ""4"", ""hint_type"": """"}",322b3640-23b1-40cd-935e-5fb7a65d17b3,T1.Q11,"Given the information you have, how likely is it that the apparent pattern is a result of some systematic error (a systematic bias in the study that could not be cancelled out by collecting more data)?",RADIO,,,nominal,"{""version"": ""4"", ""alpha_distance"": ""nominal"", ""require_one_or_more"": true, ""hint_type"": """"}",5,e7da0f8e-592a-4176-9a96-1352acd29b49,T1.Q11.A3,Not Sure,,0,1,"{""case_numbers"": true, ""highlight"": false, ""version"": ""4"", ""require_highlight"": true}"
Covid_Evidence2020_03_21,45dce5251bd3ea6e908fa33ac9e6a8e17e6830215912ce1626cf4206e159819c,32fbc0da-a6c1-418d-a1c3-1a62dc841049,Evidence Specialist,"{""highlight"": true, ""version"": ""4"", ""hint_type"": """"}",322b3640-23b1-40cd-935e-5fb7a65d17b3,T1.Q11,"Given the information you have, how likely is it that the apparent pattern is a result of some systematic error (a systematic bias in the study that could not be cancelled out by collecting more data)?",RADIO,,,nominal,"{""version"": ""4"", ""alpha_distance"": ""nominal"", ""require_one_or_more"": true, ""hint_type"": """"}",5,6a8b58aa-2748-4697-995b-c1a34149f70d,T1.Q11.A4,Somewhat Unlikely,,0,1,"{""case_numbers"": true, ""highlight"": false, ""version"": ""4"", ""require_highlight"": true}"
Covid_Evidence2020_03_21,45dce5251bd3ea6e908fa33ac9e6a8e17e6830215912ce1626cf4206e159819c,32fbc0da-a6c1-418d-a1c3-1a62dc841049,Evidence Specialist,"{""highlight"": true, ""version"": ""4"", ""hint_type"": """"}",322b3640-23b1-40cd-935e-5fb7a65d17b3,T1.Q11,"Given the information you have, how likely is it that the apparent pattern is a result of some systematic error (a systematic bias in the study that could not be cancelled out by collecting more data)?",RADIO,,,nominal,"{""version"": ""4"", ""alpha_distance"": ""nominal"", ""require_one_or_more"": true, ""hint_type"": """"}",5,6969582f-6eee-4c27-97c6-59b5af71ddc5,T1.Q11.A5,Very Unlikely,,0,1,"{""case_numbers"": true, ""highlight"": false, ""version"": ""4"", ""require_highlight"": true}"
Covid_Evidence2020_03_21,45dce5251bd3ea6e908fa33ac9e6a8e17e6830215912ce1626cf4206e159819c,32fbc0da-a6c1-418d-a1c3-1a62dc841049,Evidence Specialist,"{""highlight"": true, ""version"": ""4"", ""hint_type"": """"}",d2630d24-9255-4b41-bfdc-226df5fab20c,T1.Q12,Does the author suggest in any way that further evidence might improve our understanding of the topic?,RADIO,,,nominal,"{""version"": ""4"", ""alpha_distance"": ""nominal"", ""require_one_or_more"": true, ""hint_type"": """"}",4,4feb3c85-9fc3-442c-a1a3-e3690b887444,T1.Q12.A1,"Yes, explicitly",,1,1,"{""case_numbers"": false, ""highlight"": true, ""version"": ""4"", ""require_highlight"": true}"
Covid_Evidence2020_03_21,45dce5251bd3ea6e908fa33ac9e6a8e17e6830215912ce1626cf4206e159819c,32fbc0da-a6c1-418d-a1c3-1a62dc841049,Evidence Specialist,"{""highlight"": true, ""version"": ""4"", ""hint_type"": """"}",d2630d24-9255-4b41-bfdc-226df5fab20c,T1.Q12,Does the author suggest in any way that further evidence might improve our understanding of the topic?,RADIO,,,nominal,"{""version"": ""4"", ""alpha_distance"": ""nominal"", ""require_one_or_more"": true, ""hint_type"": """"}",4,a0972088-cb65-4764-a4ee-3be2b2bd100a,T1.Q12.A2,"Yes, implicitly",,1,1,"{""case_numbers"": false, ""highlight"": true, ""version"": ""4"", ""require_highlight"": true}"
Covid_Evidence2020_03_21,45dce5251bd3ea6e908fa33ac9e6a8e17e6830215912ce1626cf4206e159819c,32fbc0da-a6c1-418d-a1c3-1a62dc841049,Evidence Specialist,"{""highlight"": true, ""version"": ""4"", ""hint_type"": """"}",d2630d24-9255-4b41-bfdc-226df5fab20c,T1.Q12,Does the author suggest in any way that further evidence might improve our understanding of the topic?,RADIO,,,nominal,"{""version"": ""4"", ""alpha_distance"": ""nominal"", ""require_one_or_more"": true, ""hint_type"": """"}",4,3ab5de46-c20d-468f-bc74-4738378bdc11,T1.Q12.A3,I can't tell,,0,1,"{""case_numbers"": false, ""highlight"": false, ""version"": ""4"", ""require_highlight"": true}"
Covid_Evidence2020_03_21,45dce5251bd3ea6e908fa33ac9e6a8e17e6830215912ce1626cf4206e159819c,32fbc0da-a6c1-418d-a1c3-1a62dc841049,Evidence Specialist,"{""highlight"": true, ""version"": ""4"", ""hint_type"": """"}",d2630d24-9255-4b41-bfdc-226df5fab20c,T1.Q12,Does the author suggest in any way that further evidence might improve our understanding of the topic?,RADIO,,,nominal,"{""version"": ""4"", ""alpha_distance"": ""nominal"", ""require_one_or_more"": true, ""hint_type"": """"}",4,e2e6a7d3-ad12-4ba6-ab81-f7f73bc68a83,T1.Q12.A4,"No, not at all",,0,1,"{""case_numbers"": false, ""highlight"": false, ""version"": ""4"", ""require_highlight"": true}"
Covid_Evidence2020_03_21,45dce5251bd3ea6e908fa33ac9e6a8e17e6830215912ce1626cf4206e159819c,32fbc0da-a6c1-418d-a1c3-1a62dc841049,Evidence Specialist,"{""highlight"": true, ""version"": ""4"", ""hint_type"": """"}",6a3b1ddb-9528-4047-9fee-e3d0ab33b363,T1.Q13,"How difficult was this task for you, on the whole?",RADIO,,,nominal,"{""version"": ""4"", ""alpha_distance"": ""nominal"", ""require_one_or_more"": true, ""hint_type"": """"}",10,ddf74435-b922-4e23-a366-0108fac84664,T1.Q13.A1,1: Easier than anything I've ever done in a classroom setting,,0,1,"{""case_numbers"": true, ""highlight"": false, ""version"": ""4"", ""require_highlight"": true}"
Covid_Evidence2020_03_21,45dce5251bd3ea6e908fa33ac9e6a8e17e6830215912ce1626cf4206e159819c,32fbc0da-a6c1-418d-a1c3-1a62dc841049,Evidence Specialist,"{""highlight"": true, ""version"": ""4"", ""hint_type"": """"}",6a3b1ddb-9528-4047-9fee-e3d0ab33b363,T1.Q13,"How difficult was this task for you, on the whole?",RADIO,,,nominal,"{""version"": ""4"", ""alpha_distance"": ""nominal"", ""require_one_or_more"": true, ""hint_type"": """"}",10,10a1ef0b-5c49-4826-9f7b-70b435d65710,T1.Q13.A2,2,,0,1,"{""case_numbers"": true, ""highlight"": false, ""version"": ""4"", ""require_highlight"": true}"
Covid_Evidence2020_03_21,45dce5251bd3ea6e908fa33ac9e6a8e17e6830215912ce1626cf4206e159819c,32fbc0da-a6c1-418d-a1c3-1a62dc841049,Evidence Specialist,"{""highlight"": true, ""version"": ""4"", ""hint_type"": """"}",6a3b1ddb-9528-4047-9fee-e3d0ab33b363,T1.Q13,"How difficult was this task for you, on the whole?",RADIO,,,nominal,"{""version"": ""4"", ""alpha_distance"": ""nominal"", ""require_one_or_more"": true, ""hint_type"": """"}",10,750aba1a-0798-429c-b73b-a12f61a74f31,T1.Q13.A3,3,,0,1,"{""case_numbers"": true, ""highlight"": false, ""version"": ""4"", ""require_highlight"": true}"
Covid_Evidence2020_03_21,45dce5251bd3ea6e908fa33ac9e6a8e17e6830215912ce1626cf4206e159819c,32fbc0da-a6c1-418d-a1c3-1a62dc841049,Evidence Specialist,"{""highlight"": true, ""version"": ""4"", ""hint_type"": """"}",6a3b1ddb-9528-4047-9fee-e3d0ab33b363,T1.Q13,"How difficult was this task for you, on the whole?",RADIO,,,nominal,"{""version"": ""4"", ""alpha_distance"": ""nominal"", ""require_one_or_more"": true, ""hint_type"": """"}",10,1d96c31d-db29-44c0-b9c3-24209075714d,T1.Q13.A4,4,,0,1,"{""case_numbers"": true, ""highlight"": false, ""version"": ""4"", ""require_highlight"": true}"
Covid_Evidence2020_03_21,45dce5251bd3ea6e908fa33ac9e6a8e17e6830215912ce1626cf4206e159819c,32fbc0da-a6c1-418d-a1c3-1a62dc841049,Evidence Specialist,"{""highlight"": true, ""version"": ""4"", ""hint_type"": """"}",6a3b1ddb-9528-4047-9fee-e3d0ab33b363,T1.Q13,"How difficult was this task for you, on the whole?",RADIO,,,nominal,"{""version"": ""4"", ""alpha_distance"": ""nominal"", ""require_one_or_more"": true, ""hint_type"": """"}",10,73d8f381-e2b9-41fd-ac96-e17752b6c26a,T1.Q13.A5,5: Middling difficulty,,0,1,"{""case_numbers"": true, ""highlight"": false, ""version"": ""4"", ""require_highlight"": true}"
Covid_Evidence2020_03_21,45dce5251bd3ea6e908fa33ac9e6a8e17e6830215912ce1626cf4206e159819c,32fbc0da-a6c1-418d-a1c3-1a62dc841049,Evidence Specialist,"{""highlight"": true, ""version"": ""4"", ""hint_type"": """"}",6a3b1ddb-9528-4047-9fee-e3d0ab33b363,T1.Q13,"How difficult was this task for you, on the whole?",RADIO,,,nominal,"{""version"": ""4"", ""alpha_distance"": ""nominal"", ""require_one_or_more"": true, ""hint_type"": """"}",10,c296eb9d-def0-4a2e-91a4-f27215a4333c,T1.Q13.A6,6,,0,1,"{""case_numbers"": true, ""highlight"": false, ""version"": ""4"", ""require_highlight"": true}"
Covid_Evidence2020_03_21,45dce5251bd3ea6e908fa33ac9e6a8e17e6830215912ce1626cf4206e159819c,32fbc0da-a6c1-418d-a1c3-1a62dc841049,Evidence Specialist,"{""highlight"": true, ""version"": ""4"", ""hint_type"": """"}",6a3b1ddb-9528-4047-9fee-e3d0ab33b363,T1.Q13,"How difficult was this task for you, on the whole?",RADIO,,,nominal,"{""version"": ""4"", ""alpha_distance"": ""nominal"", ""require_one_or_more"": true, ""hint_type"": """"}",10,c7baf7d9-9855-429d-a6bb-0101a55b7e57,T1.Q13.A7,7,,0,1,"{""case_numbers"": true, ""highlight"": false, ""version"": ""4"", ""require_highlight"": true}"
Covid_Evidence2020_03_21,45dce5251bd3ea6e908fa33ac9e6a8e17e6830215912ce1626cf4206e159819c,32fbc0da-a6c1-418d-a1c3-1a62dc841049,Evidence Specialist,"{""highlight"": true, ""version"": ""4"", ""hint_type"": """"}",6a3b1ddb-9528-4047-9fee-e3d0ab33b363,T1.Q13,"How difficult was this task for you, on the whole?",RADIO,,,nominal,"{""version"": ""4"", ""alpha_distance"": ""nominal"", ""require_one_or_more"": true, ""hint_type"": """"}",10,ae97521f-592f-434f-a909-1d84ff339d70,T1.Q13.A8,8,,0,1,"{""case_numbers"": true, ""highlight"": false, ""version"": ""4"", ""require_highlight"": true}"
Covid_Evidence2020_03_21,45dce5251bd3ea6e908fa33ac9e6a8e17e6830215912ce1626cf4206e159819c,32fbc0da-a6c1-418d-a1c3-1a62dc841049,Evidence Specialist,"{""highlight"": true, ""version"": ""4"", ""hint_type"": """"}",6a3b1ddb-9528-4047-9fee-e3d0ab33b363,T1.Q13,"How difficult was this task for you, on the whole?",RADIO,,,nominal,"{""version"": ""4"", ""alpha_distance"": ""nominal"", ""require_one_or_more"": true, ""hint_type"": """"}",10,be988095-0b89-4403-824b-d0fef8248cfd,T1.Q13.A9,9,,0,1,"{""case_numbers"": true, ""highlight"": false, ""version"": ""4"", ""require_highlight"": true}"
Covid_Evidence2020_03_21,45dce5251bd3ea6e908fa33ac9e6a8e17e6830215912ce1626cf4206e159819c,32fbc0da-a6c1-418d-a1c3-1a62dc841049,Evidence Specialist,"{""highlight"": true, ""version"": ""4"", ""hint_type"": """"}",6a3b1ddb-9528-4047-9fee-e3d0ab33b363,T1.Q13,"How difficult was this task for you, on the whole?",RADIO,,,nominal,"{""version"": ""4"", ""alpha_distance"": ""nominal"", ""require_one_or_more"": true, ""hint_type"": """"}",10,5b05991b-9880-4e3e-9e16-47af94e4f210,T1.Q13.A10,10: Harder than anything I've ever done in a classroom setting,,0,1,"{""case_numbers"": true, ""highlight"": false, ""version"": ""4"", ""require_highlight"": true}"
Covid_Evidence2020_03_21,45dce5251bd3ea6e908fa33ac9e6a8e17e6830215912ce1626cf4206e159819c,32fbc0da-a6c1-418d-a1c3-1a62dc841049,Evidence Specialist,"{""highlight"": true, ""version"": ""4"", ""hint_type"": """"}",b6aedaf6-39e5-4a2b-b01e-8df580dc86dd,T1.Q14,"How confident are you about your answers, on the whole?",RADIO,,,nominal,"{""version"": ""4"", ""alpha_distance"": ""nominal"", ""require_one_or_more"": true, ""hint_type"": """"}",10,dc83fa58-6237-4cf4-9457-1cb0cb6ba1ea,T1.Q14.A1,1: I was guessing randomly for everything,,0,1,"{""case_numbers"": true, ""highlight"": false, ""version"": ""4"", ""require_highlight"": true}"
Covid_Evidence2020_03_21,45dce5251bd3ea6e908fa33ac9e6a8e17e6830215912ce1626cf4206e159819c,32fbc0da-a6c1-418d-a1c3-1a62dc841049,Evidence Specialist,"{""highlight"": true, ""version"": ""4"", ""hint_type"": """"}",b6aedaf6-39e5-4a2b-b01e-8df580dc86dd,T1.Q14,"How confident are you about your answers, on the whole?",RADIO,,,nominal,"{""version"": ""4"", ""alpha_distance"": ""nominal"", ""require_one_or_more"": true, ""hint_type"": """"}",10,da2d441c-b07b-4aef-a4c4-3a3968623b06,T1.Q14.A2,2,,0,1,"{""case_numbers"": true, ""highlight"": false, ""version"": ""4"", ""require_highlight"": true}"
Covid_Evidence2020_03_21,45dce5251bd3ea6e908fa33ac9e6a8e17e6830215912ce1626cf4206e159819c,32fbc0da-a6c1-418d-a1c3-1a62dc841049,Evidence Specialist,"{""highlight"": true, ""version"": ""4"", ""hint_type"": """"}",b6aedaf6-39e5-4a2b-b01e-8df580dc86dd,T1.Q14,"How confident are you about your answers, on the whole?",RADIO,,,nominal,"{""version"": ""4"", ""alpha_distance"": ""nominal"", ""require_one_or_more"": true, ""hint_type"": """"}",10,6e6b0ea0-8785-4849-a714-a96ac432f889,T1.Q14.A3,3,,0,1,"{""case_numbers"": true, ""highlight"": false, ""version"": ""4"", ""require_highlight"": true}"
Covid_Evidence2020_03_21,45dce5251bd3ea6e908fa33ac9e6a8e17e6830215912ce1626cf4206e159819c,32fbc0da-a6c1-418d-a1c3-1a62dc841049,Evidence Specialist,"{""highlight"": true, ""version"": ""4"", ""hint_type"": """"}",b6aedaf6-39e5-4a2b-b01e-8df580dc86dd,T1.Q14,"How confident are you about your answers, on the whole?",RADIO,,,nominal,"{""version"": ""4"", ""alpha_distance"": ""nominal"", ""require_one_or_more"": true, ""hint_type"": """"}",10,80687d0a-3801-4c36-b7b8-03b0576f1fdf,T1.Q14.A4,4,,0,1,"{""case_numbers"": true, ""highlight"": false, ""version"": ""4"", ""require_highlight"": true}"
Covid_Evidence2020_03_21,45dce5251bd3ea6e908fa33ac9e6a8e17e6830215912ce1626cf4206e159819c,32fbc0da-a6c1-418d-a1c3-1a62dc841049,Evidence Specialist,"{""highlight"": true, ""version"": ""4"", ""hint_type"": """"}",b6aedaf6-39e5-4a2b-b01e-8df580dc86dd,T1.Q14,"How confident are you about your answers, on the whole?",RADIO,,,nominal,"{""version"": ""4"", ""alpha_distance"": ""nominal"", ""require_one_or_more"": true, ""hint_type"": """"}",10,d4696215-f81b-46da-b965-b9377f68e6bb,T1.Q14.A5,5: 50-50,,0,1,"{""case_numbers"": true, ""highlight"": false, ""version"": ""4"", ""require_highlight"": true}"
Covid_Evidence2020_03_21,45dce5251bd3ea6e908fa33ac9e6a8e17e6830215912ce1626cf4206e159819c,32fbc0da-a6c1-418d-a1c3-1a62dc841049,Evidence Specialist,"{""highlight"": true, ""version"": ""4"", ""hint_type"": """"}",b6aedaf6-39e5-4a2b-b01e-8df580dc86dd,T1.Q14,"How confident are you about your answers, on the whole?",RADIO,,,nominal,"{""version"": ""4"", ""alpha_distance"": ""nominal"", ""require_one_or_more"": true, ""hint_type"": """"}",10,93ef2cd9-7070-469a-9360-fd73294348ad,T1.Q14.A6,6,,0,1,"{""case_numbers"": true, ""highlight"": false, ""version"": ""4"", ""require_highlight"": true}"
Covid_Evidence2020_03_21,45dce5251bd3ea6e908fa33ac9e6a8e17e6830215912ce1626cf4206e159819c,32fbc0da-a6c1-418d-a1c3-1a62dc841049,Evidence Specialist,"{""highlight"": true, ""version"": ""4"", ""hint_type"": """"}",b6aedaf6-39e5-4a2b-b01e-8df580dc86dd,T1.Q14,"How confident are you about your answers, on the whole?",RADIO,,,nominal,"{""version"": ""4"", ""alpha_distance"": ""nominal"", ""require_one_or_more"": true, ""hint_type"": """"}",10,d5cfa621-a240-4ac2-b702-13d7117a947a,T1.Q14.A7,7,,0,1,"{""case_numbers"": true, ""highlight"": false, ""version"": ""4"", ""require_highlight"": true}"
Covid_Evidence2020_03_21,45dce5251bd3ea6e908fa33ac9e6a8e17e6830215912ce1626cf4206e159819c,32fbc0da-a6c1-418d-a1c3-1a62dc841049,Evidence Specialist,"{""highlight"": true, ""version"": ""4"", ""hint_type"": """"}",b6aedaf6-39e5-4a2b-b01e-8df580dc86dd,T1.Q14,"How confident are you about your answers, on the whole?",RADIO,,,nominal,"{""version"": ""4"", ""alpha_distance"": ""nominal"", ""require_one_or_more"": true, ""hint_type"": """"}",10,b893fb09-085e-4997-b6b6-c1fd83735056,T1.Q14.A8,8,,0,1,"{""case_numbers"": true, ""highlight"": false, ""version"": ""4"", ""require_highlight"": true}"
Covid_Evidence2020_03_21,45dce5251bd3ea6e908fa33ac9e6a8e17e6830215912ce1626cf4206e159819c,32fbc0da-a6c1-418d-a1c3-1a62dc841049,Evidence Specialist,"{""highlight"": true, ""version"": ""4"", ""hint_type"": """"}",b6aedaf6-39e5-4a2b-b01e-8df580dc86dd,T1.Q14,"How confident are you about your answers, on the whole?",RADIO,,,nominal,"{""version"": ""4"", ""alpha_distance"": ""nominal"", ""require_one_or_more"": true, ""hint_type"": """"}",10,8193d6e2-9ccb-4993-a130-bfcc7c99dd85,T1.Q14.A9,9,,0,1,"{""case_numbers"": true, ""highlight"": false, ""version"": ""4"", ""require_highlight"": true}"
Covid_Evidence2020_03_21,45dce5251bd3ea6e908fa33ac9e6a8e17e6830215912ce1626cf4206e159819c,32fbc0da-a6c1-418d-a1c3-1a62dc841049,Evidence Specialist,"{""highlight"": true, ""version"": ""4"", ""hint_type"": """"}",b6aedaf6-39e5-4a2b-b01e-8df580dc86dd,T1.Q14,"How confident are you about your answers, on the whole?",RADIO,,,nominal,"{""version"": ""4"", ""alpha_distance"": ""nominal"", ""require_one_or_more"": true, ""hint_type"": """"}",10,56469258-37c9-42cb-b5ae-60f5764b08e6,T1.Q14.A10,10: 100% certain about all my answers,,0,1,"{""case_numbers"": true, ""highlight"": false, ""version"": ""4"", ""require_highlight"": true}"
