namespace,schema_sha256,topic_uuid,topic_name,topic_options,question_uuid,question_label,question_text,question_type,question_hint_type,question_next_questions,alpha_distance,question_options,answer_count,answer_uuid,answer_label,answer_content,answer_next_questions,highlight,require_highlight,answer_options
Covid_ArgumentRelevance_2020_03_20v2,64ba62c32ac25cc8ca25584b1cd8f8dcf0af3b967970cd206d6419b3940e4630,11facb90-03ab-4e9f-a3aa-c9a9e040cdaa,Argument relevance,"{""highlight"": true, ""version"": ""4"", ""hint_type"": """"}",482b85d3-cddc-4814-a95a-6a23f7821183,T1.Q1,How important is the argument in bolded text to the overall article?,RADIO,,,nominal,"{""version"": ""4"", ""alpha_distance"": ""nominal"", ""require_one_or_more"": true, ""hint_type"": """"}",6,6a4694fc-791e-4a72-b972-5e96317f8cbb,T1.Q1.A1,It is the main argument of the entire article,,0,1,"{""case_numbers"": false, ""highlight"": false, ""version"": ""4"", ""require_highlight"": true}"
Covid_ArgumentRelevance_2020_03_20v2,64ba62c32ac25cc8ca25584b1cd8f8dcf0af3b967970cd206d6419b3940e4630,11facb90-03ab-4e9f-a3aa-c9a9e040cdaa,Argument relevance,"{""highlight"": true, ""version"": ""4"", ""hint_type"": """"}",482b85d3-cddc-4814-a95a-6a23f7821183,T1.Q1,How important is the argument in bolded text to the overall article?,RADIO,,,nominal,"{""version"": ""4"", ""alpha_distance"": ""nominal"", ""require_one_or_more"": true, ""hint_type"": """"}",6,3240412b-d4e2-4884-b238-7598b0e15789,T1.Q1.A2,It is one of a few arguments the author wants the audience to appreciate,,0,1,"{""case_numbers"": false, ""highlight"": false, ""version"": ""4"", ""require_highlight"": true}"
Covid_ArgumentRelevance_2020_03_20v2,64ba62c32ac25cc8ca25584b1cd8f8dcf0af3b967970cd206d6419b3940e4630,11facb90-03ab-4e9f-a3aa-c9a9e040cdaa,Argument relevance,"{""highlight"": true, ""version"": ""4"", ""hint_type"": """"}",482b85d3-cddc-4814-a95a-6a23f7821183,T1.Q1,How important is the argument in bolded text to the overall article?,RADIO,,,nominal,"{""version"": ""4"", ""alpha_distance"": ""nominal"", ""require_one_or_more"": true, ""hint_type"": """"}",6,763206a4-2a6d-41d6-a72d-a4b0ac870a76,T1.Q1.A3,It is an argument that the author has only limited interest in supporting or refuting,,0,1,"{""case_numbers"": false, ""highlight"": false, ""version"": ""4"", ""require_highlight"": true}"
Covid_ArgumentRelevance_2020_03_20v2,64ba62c32ac25cc8ca25584b1cd8f8dcf0af3b967970cd206d6419b3940e4630,11facb90-03ab-4e9f-a3aa-c9a9e040cdaa,Argument relevance,"{""highlight"": true, ""version"": ""4"", ""hint_type"": """"}",482b85d3-cddc-4814-a95a-6a23f7821183,T1.Q1,How important is the argument in bolded text to the overall article?,RADIO,,,nominal,"{""version"": ""4"", ""alpha_distance"": ""nominal"", ""require_one_or_more"": true, ""hint_type"": """"}",6,a8f02ba6-18b0-4492-a174-f14a9332461b,T1.Q1.A4,It is an argument that is irrelevant to the main argument/s of the article,,0,1,"{""case_numbers"": false, ""highlight"": false, ""version"": ""4"", ""require_highlight"": true}"
Covid_ArgumentRelevance_2020_03_20v2,64ba62c32ac25cc8ca25584b1cd8f8dcf0af3b967970cd206d6419b3940e4630,11facb90-03ab-4e9f-a3aa-c9a9e040cdaa,Argument relevance,"{""highlight"": true, ""version"": ""4"", ""hint_type"": """"}",482b85d3-cddc-4814-a95a-6a23f7821183,T1.Q1,How important is the argument in bolded text to the overall article?,RADIO,,,nominal,"{""version"": ""4"", ""alpha_distance"": ""nominal"", ""require_one_or_more"": true, ""hint_type"": """"}",6,b9461bc7-5740-483e-afd1-89152e589f84,T1.Q1.A5,It is an argument that is effectively and intentionally contradicted by the main argument/s of the article,,0,1,"{""case_numbers"": false, ""highlight"": false, ""version"": ""4"", ""require_highlight"": true}"
Covid_ArgumentRelevance_2020_03_20v2,64ba62c32ac25cc8ca25584b1cd8f8dcf0af3b967970cd206d6419b3940e4630,11facb90-03ab-4e9f-a3aa-c9a9e040cdaa,Argument relevance,"{""highlight"": true, ""version"": ""4"", ""hint_type"": """"}",482b85d3-cddc-4814-a95a-6a23f7821183,T1.Q1,How important is the argument in bolded text to the overall article?,RADIO,,,nominal,"{""version"": ""4"", ""alpha_distance"": ""nominal"", ""require_one_or_more"": true, ""hint_type"": """"}",6,117881a9-d4d1-428b-b0ce-5bb3c5357e6b,T1.Q1.A6,It is an argument that successfully contradicts the author's main argument (intentionally or not),,0,1,"{""case_numbers"": false, ""highlight"": false, ""version"": ""4"", ""require_highlight"": true}"
