namespace,schema_sha256,topic_uuid,topic_name,topic_options,question_uuid,question_label,question_text,question_type,question_hint_type,question_next_questions,alpha_distance,question_options,answer_count,answer_uuid,answer_label,answer_content,answer_next_questions,highlight,require_highlight,answer_options
Covid2_Evidence2020_09_20,7df0fe017a85c95095d48707da0cef35bbf1af0781e67452ecb894472790ee76,e4b3fb5b-0f29-400f-bf38-9d7fa3e39c4e,Evidence Specialist,"{""highlight"": true, ""version"": ""4"", ""hint_type"": """"}",b4df01c1-12fd-400c-90aa-894f2c609083,T1.Q1,Is a general or singular causal claim made? Highlight the section(s) that supports your answer.,CHECKBOX,,,nominal,"{""version"": ""4"", ""alpha_distance"": ""nominal"", ""require_one_or_more"": true, ""hint_type"": """"}",3,fe8a2a45-7677-4a29-87f1-e9d2d9f672e0,T1.Q1.A1,"General Causation (In general, X causes Y.)",T1.Q2,1,1,"{""case_numbers"": true, ""highlight"": true, ""version"": ""4"", ""require_highlight"": true}"
Covid2_Evidence2020_09_20,7df0fe017a85c95095d48707da0cef35bbf1af0781e67452ecb894472790ee76,e4b3fb5b-0f29-400f-bf38-9d7fa3e39c4e,Evidence Specialist,"{""highlight"": true, ""version"": ""4"", ""hint_type"": """"}",b4df01c1-12fd-400c-90aa-894f2c609083,T1.Q1,Is a general or singular causal claim made? Highlight the section(s) that supports your answer.,CHECKBOX,,,nominal,"{""version"": ""4"", ""alpha_distance"": ""nominal"", ""require_one_or_more"": true, ""hint_type"": """"}",3,220251da-4c01-4a36-93e0-23a9f35ed683,T1.Q1.A2,"Singular Causation (In this case, A caused/is causing B)",T1.Q2,1,1,"{""case_numbers"": true, ""highlight"": true, ""version"": ""4"", ""require_highlight"": true}"
Covid2_Evidence2020_09_20,7df0fe017a85c95095d48707da0cef35bbf1af0781e67452ecb894472790ee76,e4b3fb5b-0f29-400f-bf38-9d7fa3e39c4e,Evidence Specialist,"{""highlight"": true, ""version"": ""4"", ""hint_type"": """"}",b4df01c1-12fd-400c-90aa-894f2c609083,T1.Q1,Is a general or singular causal claim made? Highlight the section(s) that supports your answer.,CHECKBOX,,,nominal,"{""version"": ""4"", ""alpha_distance"": ""nominal"", ""require_one_or_more"": true, ""hint_type"": """"}",3,61570807-8e5c-4613-a442-5bcaf6b09ef3,T1.Q1.A3,No causal claim made,,0,1,"{""case_numbers"": true, ""highlight"": false, ""version"": ""4"", ""require_highlight"": true}"
Covid2_Evidence2020_09_20,7df0fe017a85c95095d48707da0cef35bbf1af0781e67452ecb894472790ee76,e4b3fb5b-0f29-400f-bf38-9d7fa3e39c4e,Evidence Specialist,"{""highlight"": true, ""version"": ""4"", ""hint_type"": """"}",83437dd4-86be-421b-8fc0-4e34e51a2fa1,T1.Q2,What evidence is given for the primary causal claim? Select all that apply.,CHECKBOX,,"T1.Q7, T1.Q8",nominal,"{""version"": ""4"", ""alpha_distance"": ""nominal"", ""require_one_or_more"": true, ""hint_type"": """"}",9,697c4d61-e622-49c9-a325-214e86c64fd8,T1.Q2.A1,Correlation,T1.Q4,1,1,"{""case_numbers"": false, ""highlight"": true, ""version"": ""4"", ""require_highlight"": true}"
Covid2_Evidence2020_09_20,7df0fe017a85c95095d48707da0cef35bbf1af0781e67452ecb894472790ee76,e4b3fb5b-0f29-400f-bf38-9d7fa3e39c4e,Evidence Specialist,"{""highlight"": true, ""version"": ""4"", ""hint_type"": """"}",83437dd4-86be-421b-8fc0-4e34e51a2fa1,T1.Q2,What evidence is given for the primary causal claim? Select all that apply.,CHECKBOX,,"T1.Q7, T1.Q8",nominal,"{""version"": ""4"", ""alpha_distance"": ""nominal"", ""require_one_or_more"": true, ""hint_type"": """"}",9,a05fb23e-01d2-41fc-94c3-4e7bbe4a5750,T1.Q2.A2,Cause precedes effect,,1,1,"{""case_numbers"": false, ""highlight"": true, ""version"": ""4"", ""require_highlight"": true}"
Covid2_Evidence2020_09_20,7df0fe017a85c95095d48707da0cef35bbf1af0781e67452ecb894472790ee76,e4b3fb5b-0f29-400f-bf38-9d7fa3e39c4e,Evidence Specialist,"{""highlight"": true, ""version"": ""4"", ""hint_type"": """"}",83437dd4-86be-421b-8fc0-4e34e51a2fa1,T1.Q2,What evidence is given for the primary causal claim? Select all that apply.,CHECKBOX,,"T1.Q7, T1.Q8",nominal,"{""version"": ""4"", ""alpha_distance"": ""nominal"", ""require_one_or_more"": true, ""hint_type"": """"}",9,2972c6c2-f174-4e55-b6a8-b7934b57078f,T1.Q2.A3,The correlation appears across multiple independent contexts,,1,1,"{""case_numbers"": false, ""highlight"": true, ""version"": ""4"", ""require_highlight"": true}"
Covid2_Evidence2020_09_20,7df0fe017a85c95095d48707da0cef35bbf1af0781e67452ecb894472790ee76,e4b3fb5b-0f29-400f-bf38-9d7fa3e39c4e,Evidence Specialist,"{""highlight"": true, ""version"": ""4"", ""hint_type"": """"}",83437dd4-86be-421b-8fc0-4e34e51a2fa1,T1.Q2,What evidence is given for the primary causal claim? Select all that apply.,CHECKBOX,,"T1.Q7, T1.Q8",nominal,"{""version"": ""4"", ""alpha_distance"": ""nominal"", ""require_one_or_more"": true, ""hint_type"": """"}",9,2f543d66-6ace-40b2-af90-7a9c2b3faa58,T1.Q2.A4,A plausible mechanism is proposed,,1,1,"{""case_numbers"": false, ""highlight"": true, ""version"": ""4"", ""require_highlight"": true}"
Covid2_Evidence2020_09_20,7df0fe017a85c95095d48707da0cef35bbf1af0781e67452ecb894472790ee76,e4b3fb5b-0f29-400f-bf38-9d7fa3e39c4e,Evidence Specialist,"{""highlight"": true, ""version"": ""4"", ""hint_type"": """"}",83437dd4-86be-421b-8fc0-4e34e51a2fa1,T1.Q2,What evidence is given for the primary causal claim? Select all that apply.,CHECKBOX,,"T1.Q7, T1.Q8",nominal,"{""version"": ""4"", ""alpha_distance"": ""nominal"", ""require_one_or_more"": true, ""hint_type"": """"}",9,db998abd-fde3-417e-b740-731fe96476d6,T1.Q2.A5,An experimental study was conducted (natural experiments OK),"T1.Q4, T1.Q5",1,1,"{""case_numbers"": false, ""highlight"": true, ""version"": ""4"", ""require_highlight"": true}"
Covid2_Evidence2020_09_20,7df0fe017a85c95095d48707da0cef35bbf1af0781e67452ecb894472790ee76,e4b3fb5b-0f29-400f-bf38-9d7fa3e39c4e,Evidence Specialist,"{""highlight"": true, ""version"": ""4"", ""hint_type"": """"}",83437dd4-86be-421b-8fc0-4e34e51a2fa1,T1.Q2,What evidence is given for the primary causal claim? Select all that apply.,CHECKBOX,,"T1.Q7, T1.Q8",nominal,"{""version"": ""4"", ""alpha_distance"": ""nominal"", ""require_one_or_more"": true, ""hint_type"": """"}",9,ddd21ee2-f079-4708-9136-ae484f65a0b9,T1.Q2.A6,There is a clear dose-response curve,,1,1,"{""case_numbers"": false, ""highlight"": true, ""version"": ""4"", ""require_highlight"": true}"
Covid2_Evidence2020_09_20,7df0fe017a85c95095d48707da0cef35bbf1af0781e67452ecb894472790ee76,e4b3fb5b-0f29-400f-bf38-9d7fa3e39c4e,Evidence Specialist,"{""highlight"": true, ""version"": ""4"", ""hint_type"": """"}",83437dd4-86be-421b-8fc0-4e34e51a2fa1,T1.Q2,What evidence is given for the primary causal claim? Select all that apply.,CHECKBOX,,"T1.Q7, T1.Q8",nominal,"{""version"": ""4"", ""alpha_distance"": ""nominal"", ""require_one_or_more"": true, ""hint_type"": """"}",9,6a19ce05-a93f-455b-ba10-9fc13a6a6a84,T1.Q2.A7,Experts are cited,,1,1,"{""case_numbers"": false, ""highlight"": true, ""version"": ""4"", ""require_highlight"": true}"
Covid2_Evidence2020_09_20,7df0fe017a85c95095d48707da0cef35bbf1af0781e67452ecb894472790ee76,e4b3fb5b-0f29-400f-bf38-9d7fa3e39c4e,Evidence Specialist,"{""highlight"": true, ""version"": ""4"", ""hint_type"": """"}",83437dd4-86be-421b-8fc0-4e34e51a2fa1,T1.Q2,What evidence is given for the primary causal claim? Select all that apply.,CHECKBOX,,"T1.Q7, T1.Q8",nominal,"{""version"": ""4"", ""alpha_distance"": ""nominal"", ""require_one_or_more"": true, ""hint_type"": """"}",9,f57cbb9b-75cb-4c50-a81c-db976b7e831c,T1.Q2.A8,Other evidence,T1.Q3,1,1,"{""case_numbers"": false, ""highlight"": true, ""version"": ""4"", ""require_highlight"": true}"
Covid2_Evidence2020_09_20,7df0fe017a85c95095d48707da0cef35bbf1af0781e67452ecb894472790ee76,e4b3fb5b-0f29-400f-bf38-9d7fa3e39c4e,Evidence Specialist,"{""highlight"": true, ""version"": ""4"", ""hint_type"": """"}",83437dd4-86be-421b-8fc0-4e34e51a2fa1,T1.Q2,What evidence is given for the primary causal claim? Select all that apply.,CHECKBOX,,"T1.Q7, T1.Q8",nominal,"{""version"": ""4"", ""alpha_distance"": ""nominal"", ""require_one_or_more"": true, ""hint_type"": """"}",9,0cfcd7c6-fd9c-4672-bee4-5f4d7529af71,T1.Q2.A9,No evidence given,,0,1,"{""case_numbers"": false, ""highlight"": false, ""version"": ""4"", ""require_highlight"": true}"
Covid2_Evidence2020_09_20,7df0fe017a85c95095d48707da0cef35bbf1af0781e67452ecb894472790ee76,e4b3fb5b-0f29-400f-bf38-9d7fa3e39c4e,Evidence Specialist,"{""highlight"": true, ""version"": ""4"", ""hint_type"": """"}",cd9a19a9-7763-40f4-9fd8-5b01fad9dcaf,T1.Q3,What other evidence is given to support the causal claim?,TEXT,,,nominal,"{""version"": ""4"", ""alpha_distance"": ""nominal"", ""require_one_or_more"": true, ""hint_type"": """"}",1,088004a3-ad11-47e3-8276-70eb6b94788d,T1.Q3.A1,placeholder answer for TEXT,,0,1,"{""case_numbers"": true, ""highlight"": false, ""version"": ""4"", ""require_highlight"": true}"
Covid2_Evidence2020_09_20,7df0fe017a85c95095d48707da0cef35bbf1af0781e67452ecb894472790ee76,e4b3fb5b-0f29-400f-bf38-9d7fa3e39c4e,Evidence Specialist,"{""highlight"": true, ""version"": ""4"", ""hint_type"": """"}",43324562-ffec-4b09-8213-1595709a2fcd,T1.Q4,"If there was evidence of correlation or causation observed, was the sample on which it was observed representative of the broader population about which general conclusions are being made?",RADIO,,,ordinal,"{""version"": ""4"", ""alpha_distance"": ""ordinal"", ""require_one_or_more"": true, ""hint_type"": """"}",6,f13b78d0-8028-4680-89d6-496953115c24,T1.Q4.A1,Very representative (Also choose this if entire population is examined),,0,1,"{""case_numbers"": true, ""highlight"": false, ""version"": ""4"", ""require_highlight"": true}"
Covid2_Evidence2020_09_20,7df0fe017a85c95095d48707da0cef35bbf1af0781e67452ecb894472790ee76,e4b3fb5b-0f29-400f-bf38-9d7fa3e39c4e,Evidence Specialist,"{""highlight"": true, ""version"": ""4"", ""hint_type"": """"}",43324562-ffec-4b09-8213-1595709a2fcd,T1.Q4,"If there was evidence of correlation or causation observed, was the sample on which it was observed representative of the broader population about which general conclusions are being made?",RADIO,,,ordinal,"{""version"": ""4"", ""alpha_distance"": ""ordinal"", ""require_one_or_more"": true, ""hint_type"": """"}",6,1e0ddde4-0851-4636-b588-867a3ac5c932,T1.Q4.A2,Fairly representative,,0,1,"{""case_numbers"": true, ""highlight"": false, ""version"": ""4"", ""require_highlight"": true}"
Covid2_Evidence2020_09_20,7df0fe017a85c95095d48707da0cef35bbf1af0781e67452ecb894472790ee76,e4b3fb5b-0f29-400f-bf38-9d7fa3e39c4e,Evidence Specialist,"{""highlight"": true, ""version"": ""4"", ""hint_type"": """"}",43324562-ffec-4b09-8213-1595709a2fcd,T1.Q4,"If there was evidence of correlation or causation observed, was the sample on which it was observed representative of the broader population about which general conclusions are being made?",RADIO,,,ordinal,"{""version"": ""4"", ""alpha_distance"": ""ordinal"", ""require_one_or_more"": true, ""hint_type"": """"}",6,1e9510a7-de9b-4821-8a81-89a8b68cfcba,T1.Q4.A3,Somewhat representative,,0,1,"{""case_numbers"": true, ""highlight"": false, ""version"": ""4"", ""require_highlight"": true}"
Covid2_Evidence2020_09_20,7df0fe017a85c95095d48707da0cef35bbf1af0781e67452ecb894472790ee76,e4b3fb5b-0f29-400f-bf38-9d7fa3e39c4e,Evidence Specialist,"{""highlight"": true, ""version"": ""4"", ""hint_type"": """"}",43324562-ffec-4b09-8213-1595709a2fcd,T1.Q4,"If there was evidence of correlation or causation observed, was the sample on which it was observed representative of the broader population about which general conclusions are being made?",RADIO,,,ordinal,"{""version"": ""4"", ""alpha_distance"": ""ordinal"", ""require_one_or_more"": true, ""hint_type"": """"}",6,67acdf44-9f32-43d8-bbe2-e079a32f8855,T1.Q4.A4,Slightly representative,,0,1,"{""case_numbers"": true, ""highlight"": false, ""version"": ""4"", ""require_highlight"": true}"
Covid2_Evidence2020_09_20,7df0fe017a85c95095d48707da0cef35bbf1af0781e67452ecb894472790ee76,e4b3fb5b-0f29-400f-bf38-9d7fa3e39c4e,Evidence Specialist,"{""highlight"": true, ""version"": ""4"", ""hint_type"": """"}",43324562-ffec-4b09-8213-1595709a2fcd,T1.Q4,"If there was evidence of correlation or causation observed, was the sample on which it was observed representative of the broader population about which general conclusions are being made?",RADIO,,,ordinal,"{""version"": ""4"", ""alpha_distance"": ""ordinal"", ""require_one_or_more"": true, ""hint_type"": """"}",6,2a17ad4a-e5a3-4f57-9947-47c35951bdef,T1.Q4.A5,Not at all representative,,0,1,"{""case_numbers"": true, ""highlight"": false, ""version"": ""4"", ""require_highlight"": true}"
Covid2_Evidence2020_09_20,7df0fe017a85c95095d48707da0cef35bbf1af0781e67452ecb894472790ee76,e4b3fb5b-0f29-400f-bf38-9d7fa3e39c4e,Evidence Specialist,"{""highlight"": true, ""version"": ""4"", ""hint_type"": """"}",43324562-ffec-4b09-8213-1595709a2fcd,T1.Q4,"If there was evidence of correlation or causation observed, was the sample on which it was observed representative of the broader population about which general conclusions are being made?",RADIO,,,ordinal,"{""version"": ""4"", ""alpha_distance"": ""ordinal"", ""require_one_or_more"": true, ""hint_type"": """"}",6,d4f043e9-d016-4f47-a988-22216e68a099,T1.Q4.A6,Can't tell; not enough info,,0,1,"{""case_numbers"": true, ""highlight"": false, ""version"": ""4"", ""require_highlight"": true}"
Covid2_Evidence2020_09_20,7df0fe017a85c95095d48707da0cef35bbf1af0781e67452ecb894472790ee76,e4b3fb5b-0f29-400f-bf38-9d7fa3e39c4e,Evidence Specialist,"{""highlight"": true, ""version"": ""4"", ""hint_type"": """"}",0f8b8960-08d3-4863-b8ed-42b61a892736,T1.Q5,"Was there an appropriate control condition for the experiment? If so, highlight section.",RADIO,,,ordinal,"{""version"": ""4"", ""alpha_distance"": ""ordinal"", ""require_one_or_more"": true, ""hint_type"": """"}",5,dc3fa357-6a33-4264-af84-b82fcb9fd1f4,T1.Q5.A1,Appropriate control,T1.Q6,1,1,"{""case_numbers"": false, ""highlight"": true, ""version"": ""4"", ""require_highlight"": true}"
Covid2_Evidence2020_09_20,7df0fe017a85c95095d48707da0cef35bbf1af0781e67452ecb894472790ee76,e4b3fb5b-0f29-400f-bf38-9d7fa3e39c4e,Evidence Specialist,"{""highlight"": true, ""version"": ""4"", ""hint_type"": """"}",0f8b8960-08d3-4863-b8ed-42b61a892736,T1.Q5,"Was there an appropriate control condition for the experiment? If so, highlight section.",RADIO,,,ordinal,"{""version"": ""4"", ""alpha_distance"": ""ordinal"", ""require_one_or_more"": true, ""hint_type"": """"}",5,54ff11ea-1817-4bbc-97e1-d28c4767f1ec,T1.Q5.A2,Questionably appropriate control,T1.Q6,1,1,"{""case_numbers"": false, ""highlight"": true, ""version"": ""4"", ""require_highlight"": true}"
Covid2_Evidence2020_09_20,7df0fe017a85c95095d48707da0cef35bbf1af0781e67452ecb894472790ee76,e4b3fb5b-0f29-400f-bf38-9d7fa3e39c4e,Evidence Specialist,"{""highlight"": true, ""version"": ""4"", ""hint_type"": """"}",0f8b8960-08d3-4863-b8ed-42b61a892736,T1.Q5,"Was there an appropriate control condition for the experiment? If so, highlight section.",RADIO,,,ordinal,"{""version"": ""4"", ""alpha_distance"": ""ordinal"", ""require_one_or_more"": true, ""hint_type"": """"}",5,2b590887-af29-43b5-8490-c71a004039fb,T1.Q5.A3,Inappropriate control,T1.Q6,1,1,"{""case_numbers"": false, ""highlight"": true, ""version"": ""4"", ""require_highlight"": true}"
Covid2_Evidence2020_09_20,7df0fe017a85c95095d48707da0cef35bbf1af0781e67452ecb894472790ee76,e4b3fb5b-0f29-400f-bf38-9d7fa3e39c4e,Evidence Specialist,"{""highlight"": true, ""version"": ""4"", ""hint_type"": """"}",0f8b8960-08d3-4863-b8ed-42b61a892736,T1.Q5,"Was there an appropriate control condition for the experiment? If so, highlight section.",RADIO,,,ordinal,"{""version"": ""4"", ""alpha_distance"": ""ordinal"", ""require_one_or_more"": true, ""hint_type"": """"}",5,9dca60cf-bea0-4076-99d6-cbe9fa6f653f,T1.Q5.A4,No control,,0,1,"{""case_numbers"": false, ""highlight"": false, ""version"": ""4"", ""require_highlight"": true}"
Covid2_Evidence2020_09_20,7df0fe017a85c95095d48707da0cef35bbf1af0781e67452ecb894472790ee76,e4b3fb5b-0f29-400f-bf38-9d7fa3e39c4e,Evidence Specialist,"{""highlight"": true, ""version"": ""4"", ""hint_type"": """"}",0f8b8960-08d3-4863-b8ed-42b61a892736,T1.Q5,"Was there an appropriate control condition for the experiment? If so, highlight section.",RADIO,,,ordinal,"{""version"": ""4"", ""alpha_distance"": ""ordinal"", ""require_one_or_more"": true, ""hint_type"": """"}",5,ff41f439-baa5-4061-a68b-799218fdcbb5,T1.Q5.A5,Can't tell; not enough info,,0,1,"{""case_numbers"": false, ""highlight"": false, ""version"": ""4"", ""require_highlight"": true}"
Covid2_Evidence2020_09_20,7df0fe017a85c95095d48707da0cef35bbf1af0781e67452ecb894472790ee76,e4b3fb5b-0f29-400f-bf38-9d7fa3e39c4e,Evidence Specialist,"{""highlight"": true, ""version"": ""4"", ""hint_type"": """"}",24aadb27-3406-4939-83a3-8e07f3c3fd78,T1.Q6,Were participants assigned to the 'control' and 'treatment' groups via a random process?,RADIO,,,nominal,"{""version"": ""4"", ""alpha_distance"": ""nominal"", ""require_one_or_more"": true, ""hint_type"": """"}",3,aac59995-86dc-4a4a-b0fb-dafe054cad68,T1.Q6.A1,Yes,,1,1,"{""case_numbers"": false, ""highlight"": true, ""version"": ""4"", ""require_highlight"": true}"
Covid2_Evidence2020_09_20,7df0fe017a85c95095d48707da0cef35bbf1af0781e67452ecb894472790ee76,e4b3fb5b-0f29-400f-bf38-9d7fa3e39c4e,Evidence Specialist,"{""highlight"": true, ""version"": ""4"", ""hint_type"": """"}",24aadb27-3406-4939-83a3-8e07f3c3fd78,T1.Q6,Were participants assigned to the 'control' and 'treatment' groups via a random process?,RADIO,,,nominal,"{""version"": ""4"", ""alpha_distance"": ""nominal"", ""require_one_or_more"": true, ""hint_type"": """"}",3,0ff1e458-6a19-4963-b595-ccf01e64cb38,T1.Q6.A2,No,,0,1,"{""case_numbers"": false, ""highlight"": false, ""version"": ""4"", ""require_highlight"": true}"
Covid2_Evidence2020_09_20,7df0fe017a85c95095d48707da0cef35bbf1af0781e67452ecb894472790ee76,e4b3fb5b-0f29-400f-bf38-9d7fa3e39c4e,Evidence Specialist,"{""highlight"": true, ""version"": ""4"", ""hint_type"": """"}",24aadb27-3406-4939-83a3-8e07f3c3fd78,T1.Q6,Were participants assigned to the 'control' and 'treatment' groups via a random process?,RADIO,,,nominal,"{""version"": ""4"", ""alpha_distance"": ""nominal"", ""require_one_or_more"": true, ""hint_type"": """"}",3,d1c6e84a-4c25-4d5d-9628-1a81cb82c5e5,T1.Q6.A3,Can't tell; not enough info,,0,1,"{""case_numbers"": false, ""highlight"": false, ""version"": ""4"", ""require_highlight"": true}"
Covid2_Evidence2020_09_20,7df0fe017a85c95095d48707da0cef35bbf1af0781e67452ecb894472790ee76,e4b3fb5b-0f29-400f-bf38-9d7fa3e39c4e,Evidence Specialist,"{""highlight"": true, ""version"": ""4"", ""hint_type"": """"}",e2f4f70c-d49c-4a82-9198-cb0631331f60,T1.Q7,What is the best alternative explanation you can think of that could lead to the same set of evidence?,TEXT,,,nominal,"{""version"": ""4"", ""alpha_distance"": ""nominal"", ""require_one_or_more"": true, ""hint_type"": """"}",1,f1d6f10b-2b7f-472a-8e98-616c1a211754,T1.Q7.A1,placeholder answer for TEXT,,0,1,"{""case_numbers"": true, ""highlight"": false, ""version"": ""4"", ""require_highlight"": true}"
Covid2_Evidence2020_09_20,7df0fe017a85c95095d48707da0cef35bbf1af0781e67452ecb894472790ee76,e4b3fb5b-0f29-400f-bf38-9d7fa3e39c4e,Evidence Specialist,"{""highlight"": true, ""version"": ""4"", ""hint_type"": """"}",f632b921-d57e-4b24-8c83-786eb282a6af,T1.Q8,"How likely is your alternative explanation for the same evidence, as compared to the author’s explanation?",RADIO,,,ordinal,"{""version"": ""4"", ""alpha_distance"": ""ordinal"", ""require_one_or_more"": true, ""hint_type"": """"}",5,67caf715-2de1-4845-a751-b17799a5c87f,T1.Q8.A1,Much more likely than the author’s,,0,1,"{""case_numbers"": true, ""highlight"": false, ""version"": ""4"", ""require_highlight"": true}"
Covid2_Evidence2020_09_20,7df0fe017a85c95095d48707da0cef35bbf1af0781e67452ecb894472790ee76,e4b3fb5b-0f29-400f-bf38-9d7fa3e39c4e,Evidence Specialist,"{""highlight"": true, ""version"": ""4"", ""hint_type"": """"}",f632b921-d57e-4b24-8c83-786eb282a6af,T1.Q8,"How likely is your alternative explanation for the same evidence, as compared to the author’s explanation?",RADIO,,,ordinal,"{""version"": ""4"", ""alpha_distance"": ""ordinal"", ""require_one_or_more"": true, ""hint_type"": """"}",5,162d0eee-cd63-4ece-b42c-0d836f3f2ea8,T1.Q8.A2,Somewhat more likely,,0,1,"{""case_numbers"": true, ""highlight"": false, ""version"": ""4"", ""require_highlight"": true}"
Covid2_Evidence2020_09_20,7df0fe017a85c95095d48707da0cef35bbf1af0781e67452ecb894472790ee76,e4b3fb5b-0f29-400f-bf38-9d7fa3e39c4e,Evidence Specialist,"{""highlight"": true, ""version"": ""4"", ""hint_type"": """"}",f632b921-d57e-4b24-8c83-786eb282a6af,T1.Q8,"How likely is your alternative explanation for the same evidence, as compared to the author’s explanation?",RADIO,,,ordinal,"{""version"": ""4"", ""alpha_distance"": ""ordinal"", ""require_one_or_more"": true, ""hint_type"": """"}",5,f742c416-c754-45d6-8959-94a14e7cf19a,T1.Q8.A3,Equally likely,,0,1,"{""case_numbers"": true, ""highlight"": false, ""version"": ""4"", ""require_highlight"": true}"
Covid2_Evidence2020_09_20,7df0fe017a85c95095d48707da0cef35bbf1af0781e67452ecb894472790ee76,e4b3fb5b-0f29-400f-bf38-9d7fa3e39c4e,Evidence Specialist,"{""highlight"": true, ""version"": ""4"", ""hint_type"": """"}",f632b921-d57e-4b24-8c83-786eb282a6af,T1.Q8,"How likely is your alternative explanation for the same evidence, as compared to the author’s explanation?",RADIO,,,ordinal,"{""version"": ""4"", ""alpha_distance"": ""ordinal"", ""require_one_or_more"": true, ""hint_type"": """"}",5,a55c7164-a19e-41fe-aac9-641363a99635,T1.Q8.A4,Somewhat less likely,,0,1,"{""case_numbers"": true, ""highlight"": false, ""version"": ""4"", ""require_highlight"": true}"
Covid2_Evidence2020_09_20,7df0fe017a85c95095d48707da0cef35bbf1af0781e67452ecb894472790ee76,e4b3fb5b-0f29-400f-bf38-9d7fa3e39c4e,Evidence Specialist,"{""highlight"": true, ""version"": ""4"", ""hint_type"": """"}",f632b921-d57e-4b24-8c83-786eb282a6af,T1.Q8,"How likely is your alternative explanation for the same evidence, as compared to the author’s explanation?",RADIO,,,ordinal,"{""version"": ""4"", ""alpha_distance"": ""ordinal"", ""require_one_or_more"": true, ""hint_type"": """"}",5,94ffd030-75ac-428d-a2bb-d81e05c850f2,T1.Q8.A5,Much less likely than the author's,,0,1,"{""case_numbers"": true, ""highlight"": false, ""version"": ""4"", ""require_highlight"": true}"
Covid2_Evidence2020_09_20,7df0fe017a85c95095d48707da0cef35bbf1af0781e67452ecb894472790ee76,e4b3fb5b-0f29-400f-bf38-9d7fa3e39c4e,Evidence Specialist,"{""highlight"": true, ""version"": ""4"", ""hint_type"": """"}",40568679-cbc1-4034-b0a6-94974ee02bc1,T1.Q9,Is data presented as evidence for a pattern (e.g. A relationship between two variables)?,RADIO,,,nominal,"{""version"": ""4"", ""alpha_distance"": ""nominal"", ""require_one_or_more"": true, ""hint_type"": """"}",3,39e81259-52d3-443e-8bcb-928b5ef33d7c,T1.Q9.A1,Yes,"T1.Q10, T1.Q11",1,1,"{""case_numbers"": false, ""highlight"": true, ""version"": ""4"", ""require_highlight"": true}"
Covid2_Evidence2020_09_20,7df0fe017a85c95095d48707da0cef35bbf1af0781e67452ecb894472790ee76,e4b3fb5b-0f29-400f-bf38-9d7fa3e39c4e,Evidence Specialist,"{""highlight"": true, ""version"": ""4"", ""hint_type"": """"}",40568679-cbc1-4034-b0a6-94974ee02bc1,T1.Q9,Is data presented as evidence for a pattern (e.g. A relationship between two variables)?,RADIO,,,nominal,"{""version"": ""4"", ""alpha_distance"": ""nominal"", ""require_one_or_more"": true, ""hint_type"": """"}",3,5a931d8b-02d3-41b9-a5e3-3e06d5077aec,T1.Q9.A2,Maybe,"T1.Q10, T1.Q11",1,1,"{""case_numbers"": false, ""highlight"": true, ""version"": ""4"", ""require_highlight"": true}"
Covid2_Evidence2020_09_20,7df0fe017a85c95095d48707da0cef35bbf1af0781e67452ecb894472790ee76,e4b3fb5b-0f29-400f-bf38-9d7fa3e39c4e,Evidence Specialist,"{""highlight"": true, ""version"": ""4"", ""hint_type"": """"}",40568679-cbc1-4034-b0a6-94974ee02bc1,T1.Q9,Is data presented as evidence for a pattern (e.g. A relationship between two variables)?,RADIO,,,nominal,"{""version"": ""4"", ""alpha_distance"": ""nominal"", ""require_one_or_more"": true, ""hint_type"": """"}",3,46132ef5-4a7e-40d7-a8c0-b9ede88567d4,T1.Q9.A3,No,,0,1,"{""case_numbers"": false, ""highlight"": false, ""version"": ""4"", ""require_highlight"": true}"
Covid2_Evidence2020_09_20,7df0fe017a85c95095d48707da0cef35bbf1af0781e67452ecb894472790ee76,e4b3fb5b-0f29-400f-bf38-9d7fa3e39c4e,Evidence Specialist,"{""highlight"": true, ""version"": ""4"", ""hint_type"": """"}",5a60ba44-eacb-4fad-a42c-23d07444ef6a,T1.Q10,"Given the information you have, how likely is it that the apparent pattern is a result of statistical error (sometimes called random error or random chance)?",RADIO,,,ordinal,"{""version"": ""4"", ""alpha_distance"": ""ordinal"", ""require_one_or_more"": true, ""hint_type"": """"}",5,0b145cfb-b6e1-473a-83a0-d200cb3bea7a,T1.Q10.A1,Extremely Likely,,0,1,"{""case_numbers"": true, ""highlight"": false, ""version"": ""4"", ""require_highlight"": true}"
Covid2_Evidence2020_09_20,7df0fe017a85c95095d48707da0cef35bbf1af0781e67452ecb894472790ee76,e4b3fb5b-0f29-400f-bf38-9d7fa3e39c4e,Evidence Specialist,"{""highlight"": true, ""version"": ""4"", ""hint_type"": """"}",5a60ba44-eacb-4fad-a42c-23d07444ef6a,T1.Q10,"Given the information you have, how likely is it that the apparent pattern is a result of statistical error (sometimes called random error or random chance)?",RADIO,,,ordinal,"{""version"": ""4"", ""alpha_distance"": ""ordinal"", ""require_one_or_more"": true, ""hint_type"": """"}",5,8f71fca4-cebe-4ef0-bb4b-241cb50d0e9f,T1.Q10.A2,Somewhat Likely,,0,1,"{""case_numbers"": true, ""highlight"": false, ""version"": ""4"", ""require_highlight"": true}"
Covid2_Evidence2020_09_20,7df0fe017a85c95095d48707da0cef35bbf1af0781e67452ecb894472790ee76,e4b3fb5b-0f29-400f-bf38-9d7fa3e39c4e,Evidence Specialist,"{""highlight"": true, ""version"": ""4"", ""hint_type"": """"}",5a60ba44-eacb-4fad-a42c-23d07444ef6a,T1.Q10,"Given the information you have, how likely is it that the apparent pattern is a result of statistical error (sometimes called random error or random chance)?",RADIO,,,ordinal,"{""version"": ""4"", ""alpha_distance"": ""ordinal"", ""require_one_or_more"": true, ""hint_type"": """"}",5,f8b58ee1-98d6-4580-af47-a32ba366083e,T1.Q10.A3,Neither Likely nor Unlikely,,0,1,"{""case_numbers"": true, ""highlight"": false, ""version"": ""4"", ""require_highlight"": true}"
Covid2_Evidence2020_09_20,7df0fe017a85c95095d48707da0cef35bbf1af0781e67452ecb894472790ee76,e4b3fb5b-0f29-400f-bf38-9d7fa3e39c4e,Evidence Specialist,"{""highlight"": true, ""version"": ""4"", ""hint_type"": """"}",5a60ba44-eacb-4fad-a42c-23d07444ef6a,T1.Q10,"Given the information you have, how likely is it that the apparent pattern is a result of statistical error (sometimes called random error or random chance)?",RADIO,,,ordinal,"{""version"": ""4"", ""alpha_distance"": ""ordinal"", ""require_one_or_more"": true, ""hint_type"": """"}",5,85eaccd3-4b68-4da7-b0d7-4b2619b78aaa,T1.Q10.A4,Somewhat Unlikely,,0,1,"{""case_numbers"": true, ""highlight"": false, ""version"": ""4"", ""require_highlight"": true}"
Covid2_Evidence2020_09_20,7df0fe017a85c95095d48707da0cef35bbf1af0781e67452ecb894472790ee76,e4b3fb5b-0f29-400f-bf38-9d7fa3e39c4e,Evidence Specialist,"{""highlight"": true, ""version"": ""4"", ""hint_type"": """"}",5a60ba44-eacb-4fad-a42c-23d07444ef6a,T1.Q10,"Given the information you have, how likely is it that the apparent pattern is a result of statistical error (sometimes called random error or random chance)?",RADIO,,,ordinal,"{""version"": ""4"", ""alpha_distance"": ""ordinal"", ""require_one_or_more"": true, ""hint_type"": """"}",5,80c9d44f-6990-4f9e-be78-91d7f7a60ecc,T1.Q10.A5,Very Unlikely,,0,1,"{""case_numbers"": true, ""highlight"": false, ""version"": ""4"", ""require_highlight"": true}"
Covid2_Evidence2020_09_20,7df0fe017a85c95095d48707da0cef35bbf1af0781e67452ecb894472790ee76,e4b3fb5b-0f29-400f-bf38-9d7fa3e39c4e,Evidence Specialist,"{""highlight"": true, ""version"": ""4"", ""hint_type"": """"}",1ba012a5-4343-44d5-bcd8-7145e8a8fb83,T1.Q11,"Given the information you have, how likely is it that the apparent pattern is a result of some systematic error (a systematic bias in the collection or evaluation of data that could not be cancelled out by simply collecting more data in the same way)?",RADIO,,,ordinal,"{""version"": ""4"", ""alpha_distance"": ""ordinal"", ""require_one_or_more"": true, ""hint_type"": """"}",5,2c65fdf2-e087-4f01-a933-cd59d0c5ceed,T1.Q11.A1,Extremely Likely,,0,1,"{""case_numbers"": true, ""highlight"": false, ""version"": ""4"", ""require_highlight"": true}"
Covid2_Evidence2020_09_20,7df0fe017a85c95095d48707da0cef35bbf1af0781e67452ecb894472790ee76,e4b3fb5b-0f29-400f-bf38-9d7fa3e39c4e,Evidence Specialist,"{""highlight"": true, ""version"": ""4"", ""hint_type"": """"}",1ba012a5-4343-44d5-bcd8-7145e8a8fb83,T1.Q11,"Given the information you have, how likely is it that the apparent pattern is a result of some systematic error (a systematic bias in the collection or evaluation of data that could not be cancelled out by simply collecting more data in the same way)?",RADIO,,,ordinal,"{""version"": ""4"", ""alpha_distance"": ""ordinal"", ""require_one_or_more"": true, ""hint_type"": """"}",5,1e3959f1-29ea-4385-bd57-0b64d4a74bf4,T1.Q11.A2,Somewhat Likely,,0,1,"{""case_numbers"": true, ""highlight"": false, ""version"": ""4"", ""require_highlight"": true}"
Covid2_Evidence2020_09_20,7df0fe017a85c95095d48707da0cef35bbf1af0781e67452ecb894472790ee76,e4b3fb5b-0f29-400f-bf38-9d7fa3e39c4e,Evidence Specialist,"{""highlight"": true, ""version"": ""4"", ""hint_type"": """"}",1ba012a5-4343-44d5-bcd8-7145e8a8fb83,T1.Q11,"Given the information you have, how likely is it that the apparent pattern is a result of some systematic error (a systematic bias in the collection or evaluation of data that could not be cancelled out by simply collecting more data in the same way)?",RADIO,,,ordinal,"{""version"": ""4"", ""alpha_distance"": ""ordinal"", ""require_one_or_more"": true, ""hint_type"": """"}",5,dc7fa783-b636-4329-b00c-1a992dfd4764,T1.Q11.A3,Not Sure,,0,1,"{""case_numbers"": true, ""highlight"": false, ""version"": ""4"", ""require_highlight"": true}"
Covid2_Evidence2020_09_20,7df0fe017a85c95095d48707da0cef35bbf1af0781e67452ecb894472790ee76,e4b3fb5b-0f29-400f-bf38-9d7fa3e39c4e,Evidence Specialist,"{""highlight"": true, ""version"": ""4"", ""hint_type"": """"}",1ba012a5-4343-44d5-bcd8-7145e8a8fb83,T1.Q11,"Given the information you have, how likely is it that the apparent pattern is a result of some systematic error (a systematic bias in the collection or evaluation of data that could not be cancelled out by simply collecting more data in the same way)?",RADIO,,,ordinal,"{""version"": ""4"", ""alpha_distance"": ""ordinal"", ""require_one_or_more"": true, ""hint_type"": """"}",5,e1ca7441-79ab-4c61-811f-3e8143da4b69,T1.Q11.A4,Somewhat Unlikely,,0,1,"{""case_numbers"": true, ""highlight"": false, ""version"": ""4"", ""require_highlight"": true}"
Covid2_Evidence2020_09_20,7df0fe017a85c95095d48707da0cef35bbf1af0781e67452ecb894472790ee76,e4b3fb5b-0f29-400f-bf38-9d7fa3e39c4e,Evidence Specialist,"{""highlight"": true, ""version"": ""4"", ""hint_type"": """"}",1ba012a5-4343-44d5-bcd8-7145e8a8fb83,T1.Q11,"Given the information you have, how likely is it that the apparent pattern is a result of some systematic error (a systematic bias in the collection or evaluation of data that could not be cancelled out by simply collecting more data in the same way)?",RADIO,,,ordinal,"{""version"": ""4"", ""alpha_distance"": ""ordinal"", ""require_one_or_more"": true, ""hint_type"": """"}",5,36eda4b4-8d62-443f-b83c-aee450ef77f2,T1.Q11.A5,Very Unlikely,,0,1,"{""case_numbers"": true, ""highlight"": false, ""version"": ""4"", ""require_highlight"": true}"
Covid2_Evidence2020_09_20,7df0fe017a85c95095d48707da0cef35bbf1af0781e67452ecb894472790ee76,e4b3fb5b-0f29-400f-bf38-9d7fa3e39c4e,Evidence Specialist,"{""highlight"": true, ""version"": ""4"", ""hint_type"": """"}",fde8524b-0cc1-4e0c-812e-af14d7f4288c,T1.Q12,Does the author suggest in any way that further evidence might improve our understanding of the topics discussed in the passage?,RADIO,,,ordinal,"{""version"": ""4"", ""alpha_distance"": ""ordinal"", ""require_one_or_more"": true, ""hint_type"": """"}",4,12f1cedc-b66e-413b-ad97-228d283af00b,T1.Q12.A1,"Yes, explicitly",,1,1,"{""case_numbers"": false, ""highlight"": true, ""version"": ""4"", ""require_highlight"": true}"
Covid2_Evidence2020_09_20,7df0fe017a85c95095d48707da0cef35bbf1af0781e67452ecb894472790ee76,e4b3fb5b-0f29-400f-bf38-9d7fa3e39c4e,Evidence Specialist,"{""highlight"": true, ""version"": ""4"", ""hint_type"": """"}",fde8524b-0cc1-4e0c-812e-af14d7f4288c,T1.Q12,Does the author suggest in any way that further evidence might improve our understanding of the topics discussed in the passage?,RADIO,,,ordinal,"{""version"": ""4"", ""alpha_distance"": ""ordinal"", ""require_one_or_more"": true, ""hint_type"": """"}",4,f935e8f7-00b6-4ca3-abf2-f167ddb92954,T1.Q12.A2,"Yes, implicitly",,1,1,"{""case_numbers"": false, ""highlight"": true, ""version"": ""4"", ""require_highlight"": true}"
Covid2_Evidence2020_09_20,7df0fe017a85c95095d48707da0cef35bbf1af0781e67452ecb894472790ee76,e4b3fb5b-0f29-400f-bf38-9d7fa3e39c4e,Evidence Specialist,"{""highlight"": true, ""version"": ""4"", ""hint_type"": """"}",fde8524b-0cc1-4e0c-812e-af14d7f4288c,T1.Q12,Does the author suggest in any way that further evidence might improve our understanding of the topics discussed in the passage?,RADIO,,,ordinal,"{""version"": ""4"", ""alpha_distance"": ""ordinal"", ""require_one_or_more"": true, ""hint_type"": """"}",4,b0f7960b-59e7-4f6b-a69f-6ec51908b603,T1.Q12.A3,I can't tell,,0,1,"{""case_numbers"": false, ""highlight"": false, ""version"": ""4"", ""require_highlight"": true}"
Covid2_Evidence2020_09_20,7df0fe017a85c95095d48707da0cef35bbf1af0781e67452ecb894472790ee76,e4b3fb5b-0f29-400f-bf38-9d7fa3e39c4e,Evidence Specialist,"{""highlight"": true, ""version"": ""4"", ""hint_type"": """"}",fde8524b-0cc1-4e0c-812e-af14d7f4288c,T1.Q12,Does the author suggest in any way that further evidence might improve our understanding of the topics discussed in the passage?,RADIO,,,ordinal,"{""version"": ""4"", ""alpha_distance"": ""ordinal"", ""require_one_or_more"": true, ""hint_type"": """"}",4,b604120e-28fc-4963-b358-65a2bd6bff7e,T1.Q12.A4,"No, not at all",,0,1,"{""case_numbers"": false, ""highlight"": false, ""version"": ""4"", ""require_highlight"": true}"
Covid2_Evidence2020_09_20,7df0fe017a85c95095d48707da0cef35bbf1af0781e67452ecb894472790ee76,e4b3fb5b-0f29-400f-bf38-9d7fa3e39c4e,Evidence Specialist,"{""highlight"": true, ""version"": ""4"", ""hint_type"": """"}",64f17566-315d-48f7-8a13-774fe1f8d4ff,T1.Q14,"How difficult was this task for you, on the whole?",RADIO,,,ordinal,"{""version"": ""4"", ""alpha_distance"": ""ordinal"", ""require_one_or_more"": true, ""hint_type"": """"}",7,89906ecf-d44d-44e4-a6c2-c39defcc5a6c,T1.Q14.A1,1: Easiest thing I've ever done in a learning situation,,0,1,"{""case_numbers"": true, ""highlight"": false, ""version"": ""4"", ""require_highlight"": true}"
Covid2_Evidence2020_09_20,7df0fe017a85c95095d48707da0cef35bbf1af0781e67452ecb894472790ee76,e4b3fb5b-0f29-400f-bf38-9d7fa3e39c4e,Evidence Specialist,"{""highlight"": true, ""version"": ""4"", ""hint_type"": """"}",64f17566-315d-48f7-8a13-774fe1f8d4ff,T1.Q14,"How difficult was this task for you, on the whole?",RADIO,,,ordinal,"{""version"": ""4"", ""alpha_distance"": ""ordinal"", ""require_one_or_more"": true, ""hint_type"": """"}",7,d3bcd12e-de96-4016-9fd5-efeb521f98fd,T1.Q14.A2,2,,0,1,"{""case_numbers"": true, ""highlight"": false, ""version"": ""4"", ""require_highlight"": true}"
Covid2_Evidence2020_09_20,7df0fe017a85c95095d48707da0cef35bbf1af0781e67452ecb894472790ee76,e4b3fb5b-0f29-400f-bf38-9d7fa3e39c4e,Evidence Specialist,"{""highlight"": true, ""version"": ""4"", ""hint_type"": """"}",64f17566-315d-48f7-8a13-774fe1f8d4ff,T1.Q14,"How difficult was this task for you, on the whole?",RADIO,,,ordinal,"{""version"": ""4"", ""alpha_distance"": ""ordinal"", ""require_one_or_more"": true, ""hint_type"": """"}",7,afb0ee9a-1bf3-4a1a-a12e-707d8f38f70f,T1.Q14.A3,3,,0,1,"{""case_numbers"": true, ""highlight"": false, ""version"": ""4"", ""require_highlight"": true}"
Covid2_Evidence2020_09_20,7df0fe017a85c95095d48707da0cef35bbf1af0781e67452ecb894472790ee76,e4b3fb5b-0f29-400f-bf38-9d7fa3e39c4e,Evidence Specialist,"{""highlight"": true, ""version"": ""4"", ""hint_type"": """"}",64f17566-315d-48f7-8a13-774fe1f8d4ff,T1.Q14,"How difficult was this task for you, on the whole?",RADIO,,,ordinal,"{""version"": ""4"", ""alpha_distance"": ""ordinal"", ""require_one_or_more"": true, ""hint_type"": """"}",7,d407bf5d-81a9-4ea0-a165-a04cd9318c1d,T1.Q14.A4,4: Neither easy nor difficult,,0,1,"{""case_numbers"": true, ""highlight"": false, ""version"": ""4"", ""require_highlight"": true}"
Covid2_Evidence2020_09_20,7df0fe017a85c95095d48707da0cef35bbf1af0781e67452ecb894472790ee76,e4b3fb5b-0f29-400f-bf38-9d7fa3e39c4e,Evidence Specialist,"{""highlight"": true, ""version"": ""4"", ""hint_type"": """"}",64f17566-315d-48f7-8a13-774fe1f8d4ff,T1.Q14,"How difficult was this task for you, on the whole?",RADIO,,,ordinal,"{""version"": ""4"", ""alpha_distance"": ""ordinal"", ""require_one_or_more"": true, ""hint_type"": """"}",7,e64c1a7e-ceb8-4e52-bc14-25c382311a18,T1.Q14.A5,5,,0,1,"{""case_numbers"": true, ""highlight"": false, ""version"": ""4"", ""require_highlight"": true}"
Covid2_Evidence2020_09_20,7df0fe017a85c95095d48707da0cef35bbf1af0781e67452ecb894472790ee76,e4b3fb5b-0f29-400f-bf38-9d7fa3e39c4e,Evidence Specialist,"{""highlight"": true, ""version"": ""4"", ""hint_type"": """"}",64f17566-315d-48f7-8a13-774fe1f8d4ff,T1.Q14,"How difficult was this task for you, on the whole?",RADIO,,,ordinal,"{""version"": ""4"", ""alpha_distance"": ""ordinal"", ""require_one_or_more"": true, ""hint_type"": """"}",7,3a08fced-b000-464b-a06c-9c6caa93df71,T1.Q14.A6,6,,0,1,"{""case_numbers"": true, ""highlight"": false, ""version"": ""4"", ""require_highlight"": true}"
Covid2_Evidence2020_09_20,7df0fe017a85c95095d48707da0cef35bbf1af0781e67452ecb894472790ee76,e4b3fb5b-0f29-400f-bf38-9d7fa3e39c4e,Evidence Specialist,"{""highlight"": true, ""version"": ""4"", ""hint_type"": """"}",64f17566-315d-48f7-8a13-774fe1f8d4ff,T1.Q14,"How difficult was this task for you, on the whole?",RADIO,,,ordinal,"{""version"": ""4"", ""alpha_distance"": ""ordinal"", ""require_one_or_more"": true, ""hint_type"": """"}",7,731d75b2-a207-46d2-b02b-a29b29857ea6,T1.Q14.A7,7 Hardest thing I've ever done in a learning situation,,0,1,"{""case_numbers"": true, ""highlight"": false, ""version"": ""4"", ""require_highlight"": true}"
Covid2_Evidence2020_09_20,7df0fe017a85c95095d48707da0cef35bbf1af0781e67452ecb894472790ee76,e4b3fb5b-0f29-400f-bf38-9d7fa3e39c4e,Evidence Specialist,"{""highlight"": true, ""version"": ""4"", ""hint_type"": """"}",640d5640-0fbc-4174-8cfa-68ee19ce7f38,T1.Q15,"How confident are you about your answers, on the whole?",RADIO,,,ordinal,"{""version"": ""4"", ""alpha_distance"": ""ordinal"", ""require_one_or_more"": true, ""hint_type"": """"}",7,628c3b9c-7d27-4f3d-9e2f-24e5be73a756,T1.Q15.A1,1: I was guessing randomly for everything,,0,1,"{""case_numbers"": true, ""highlight"": false, ""version"": ""4"", ""require_highlight"": true}"
Covid2_Evidence2020_09_20,7df0fe017a85c95095d48707da0cef35bbf1af0781e67452ecb894472790ee76,e4b3fb5b-0f29-400f-bf38-9d7fa3e39c4e,Evidence Specialist,"{""highlight"": true, ""version"": ""4"", ""hint_type"": """"}",640d5640-0fbc-4174-8cfa-68ee19ce7f38,T1.Q15,"How confident are you about your answers, on the whole?",RADIO,,,ordinal,"{""version"": ""4"", ""alpha_distance"": ""ordinal"", ""require_one_or_more"": true, ""hint_type"": """"}",7,865d6a96-04a4-45ff-a0d3-c35d6a003d6f,T1.Q15.A2,2,,0,1,"{""case_numbers"": true, ""highlight"": false, ""version"": ""4"", ""require_highlight"": true}"
Covid2_Evidence2020_09_20,7df0fe017a85c95095d48707da0cef35bbf1af0781e67452ecb894472790ee76,e4b3fb5b-0f29-400f-bf38-9d7fa3e39c4e,Evidence Specialist,"{""highlight"": true, ""version"": ""4"", ""hint_type"": """"}",640d5640-0fbc-4174-8cfa-68ee19ce7f38,T1.Q15,"How confident are you about your answers, on the whole?",RADIO,,,ordinal,"{""version"": ""4"", ""alpha_distance"": ""ordinal"", ""require_one_or_more"": true, ""hint_type"": """"}",7,bcd13bc0-514b-44b5-8b91-b54a99c3c42c,T1.Q15.A3,3,,0,1,"{""case_numbers"": true, ""highlight"": false, ""version"": ""4"", ""require_highlight"": true}"
Covid2_Evidence2020_09_20,7df0fe017a85c95095d48707da0cef35bbf1af0781e67452ecb894472790ee76,e4b3fb5b-0f29-400f-bf38-9d7fa3e39c4e,Evidence Specialist,"{""highlight"": true, ""version"": ""4"", ""hint_type"": """"}",640d5640-0fbc-4174-8cfa-68ee19ce7f38,T1.Q15,"How confident are you about your answers, on the whole?",RADIO,,,ordinal,"{""version"": ""4"", ""alpha_distance"": ""ordinal"", ""require_one_or_more"": true, ""hint_type"": """"}",7,8c074d21-9582-4f27-ac41-27b2964be593,T1.Q15.A4,4: Somewhat confident,,0,1,"{""case_numbers"": true, ""highlight"": false, ""version"": ""4"", ""require_highlight"": true}"
Covid2_Evidence2020_09_20,7df0fe017a85c95095d48707da0cef35bbf1af0781e67452ecb894472790ee76,e4b3fb5b-0f29-400f-bf38-9d7fa3e39c4e,Evidence Specialist,"{""highlight"": true, ""version"": ""4"", ""hint_type"": """"}",640d5640-0fbc-4174-8cfa-68ee19ce7f38,T1.Q15,"How confident are you about your answers, on the whole?",RADIO,,,ordinal,"{""version"": ""4"", ""alpha_distance"": ""ordinal"", ""require_one_or_more"": true, ""hint_type"": """"}",7,7e4f9f59-9fe3-412e-a0b8-ae86f191579f,T1.Q15.A5,5,,0,1,"{""case_numbers"": true, ""highlight"": false, ""version"": ""4"", ""require_highlight"": true}"
Covid2_Evidence2020_09_20,7df0fe017a85c95095d48707da0cef35bbf1af0781e67452ecb894472790ee76,e4b3fb5b-0f29-400f-bf38-9d7fa3e39c4e,Evidence Specialist,"{""highlight"": true, ""version"": ""4"", ""hint_type"": """"}",640d5640-0fbc-4174-8cfa-68ee19ce7f38,T1.Q15,"How confident are you about your answers, on the whole?",RADIO,,,ordinal,"{""version"": ""4"", ""alpha_distance"": ""ordinal"", ""require_one_or_more"": true, ""hint_type"": """"}",7,595f4ab9-3167-47e4-a507-5b812df20249,T1.Q15.A6,6,,0,1,"{""case_numbers"": true, ""highlight"": false, ""version"": ""4"", ""require_highlight"": true}"
Covid2_Evidence2020_09_20,7df0fe017a85c95095d48707da0cef35bbf1af0781e67452ecb894472790ee76,e4b3fb5b-0f29-400f-bf38-9d7fa3e39c4e,Evidence Specialist,"{""highlight"": true, ""version"": ""4"", ""hint_type"": """"}",640d5640-0fbc-4174-8cfa-68ee19ce7f38,T1.Q15,"How confident are you about your answers, on the whole?",RADIO,,,ordinal,"{""version"": ""4"", ""alpha_distance"": ""ordinal"", ""require_one_or_more"": true, ""hint_type"": """"}",7,77238d62-8a24-430c-9067-f83fc6612fc5,T1.Q15.A7,7: 100% certain about all my answers,,0,1,"{""case_numbers"": true, ""highlight"": false, ""version"": ""4"", ""require_highlight"": true}"
Covid2_Evidence2020_09_20,7df0fe017a85c95095d48707da0cef35bbf1af0781e67452ecb894472790ee76,e4b3fb5b-0f29-400f-bf38-9d7fa3e39c4e,Evidence Specialist,"{""highlight"": true, ""version"": ""4"", ""hint_type"": """"}",5a4795cd-1ea7-428b-85a5-58cfe8102213,T1.Q16,"Is there anything about the interface, instructions, or question wording that could be improved to make tasks like this easier?",TEXT,,,nominal,"{""version"": ""4"", ""alpha_distance"": ""nominal"", ""require_one_or_more"": true, ""hint_type"": """"}",1,7f483d26-b601-4afe-ad9f-20c083b7074f,T1.Q16.A1,placeholder answer for TEXT,,0,1,"{""case_numbers"": true, ""highlight"": false, ""version"": ""4"", ""require_highlight"": true}"
