namespace,schema_sha256,topic_uuid,topic_name,topic_options,question_uuid,question_label,question_text,question_type,question_hint_type,question_next_questions,alpha_distance,question_options,answer_count,answer_uuid,answer_label,answer_content,answer_next_questions,highlight,require_highlight,answer_options
Covid_Holisticv1.2,81f0137d4cfd132ce9019c58308d2675c4de86bac1dcadbf309af97c97d7cabe,01bd5dc4-343b-472a-afef-0888c758c27f,Holistic Evaluation of Article,"{""highlight"": true, ""version"": ""4"", ""hint_type"": """"}",f654513e-e0fc-4c38-9d07-d979bda04b49,T1.Q1,What type of article is this?,RADIO,,,nominal,"{""version"": ""4"", ""alpha_distance"": ""nominal"", ""require_one_or_more"": true, ""hint_type"": """"}",9,5aff36a3-f8c5-4e24-b28f-6b1bc7527694,T1.Q1.A1,News report,,0,1,"{""case_numbers"": false, ""highlight"": false, ""version"": ""4"", ""require_highlight"": true}"
Covid_Holisticv1.2,81f0137d4cfd132ce9019c58308d2675c4de86bac1dcadbf309af97c97d7cabe,01bd5dc4-343b-472a-afef-0888c758c27f,Holistic Evaluation of Article,"{""highlight"": true, ""version"": ""4"", ""hint_type"": """"}",f654513e-e0fc-4c38-9d07-d979bda04b49,T1.Q1,What type of article is this?,RADIO,,,nominal,"{""version"": ""4"", ""alpha_distance"": ""nominal"", ""require_one_or_more"": true, ""hint_type"": """"}",9,357cd3dd-70ea-44c5-b3ed-69de22de6bba,T1.Q1.A2,Feature article/In depth analysis,,0,1,"{""case_numbers"": false, ""highlight"": false, ""version"": ""4"", ""require_highlight"": true}"
Covid_Holisticv1.2,81f0137d4cfd132ce9019c58308d2675c4de86bac1dcadbf309af97c97d7cabe,01bd5dc4-343b-472a-afef-0888c758c27f,Holistic Evaluation of Article,"{""highlight"": true, ""version"": ""4"", ""hint_type"": """"}",f654513e-e0fc-4c38-9d07-d979bda04b49,T1.Q1,What type of article is this?,RADIO,,,nominal,"{""version"": ""4"", ""alpha_distance"": ""nominal"", ""require_one_or_more"": true, ""hint_type"": """"}",9,a2f97bce-2512-43e0-9605-0d137d30d8e6,T1.Q1.A3,Opinion piece/Editorial/Op Ed,,0,1,"{""case_numbers"": false, ""highlight"": false, ""version"": ""4"", ""require_highlight"": true}"
Covid_Holisticv1.2,81f0137d4cfd132ce9019c58308d2675c4de86bac1dcadbf309af97c97d7cabe,01bd5dc4-343b-472a-afef-0888c758c27f,Holistic Evaluation of Article,"{""highlight"": true, ""version"": ""4"", ""hint_type"": """"}",f654513e-e0fc-4c38-9d07-d979bda04b49,T1.Q1,What type of article is this?,RADIO,,,nominal,"{""version"": ""4"", ""alpha_distance"": ""nominal"", ""require_one_or_more"": true, ""hint_type"": """"}",9,a751e1df-3c0a-49cc-83fb-e0e68a2cfbbc,T1.Q1.A4,Sponsored content,,0,1,"{""case_numbers"": false, ""highlight"": false, ""version"": ""4"", ""require_highlight"": true}"
Covid_Holisticv1.2,81f0137d4cfd132ce9019c58308d2675c4de86bac1dcadbf309af97c97d7cabe,01bd5dc4-343b-472a-afef-0888c758c27f,Holistic Evaluation of Article,"{""highlight"": true, ""version"": ""4"", ""hint_type"": """"}",f654513e-e0fc-4c38-9d07-d979bda04b49,T1.Q1,What type of article is this?,RADIO,,,nominal,"{""version"": ""4"", ""alpha_distance"": ""nominal"", ""require_one_or_more"": true, ""hint_type"": """"}",9,72bd3bb2-e302-486a-a901-6368e7216c9e,T1.Q1.A5,Letter to the Editor,,0,1,"{""case_numbers"": false, ""highlight"": false, ""version"": ""4"", ""require_highlight"": true}"
Covid_Holisticv1.2,81f0137d4cfd132ce9019c58308d2675c4de86bac1dcadbf309af97c97d7cabe,01bd5dc4-343b-472a-afef-0888c758c27f,Holistic Evaluation of Article,"{""highlight"": true, ""version"": ""4"", ""hint_type"": """"}",f654513e-e0fc-4c38-9d07-d979bda04b49,T1.Q1,What type of article is this?,RADIO,,,nominal,"{""version"": ""4"", ""alpha_distance"": ""nominal"", ""require_one_or_more"": true, ""hint_type"": """"}",9,251e628c-2cd1-467a-9204-6f1b7c80cf79,T1.Q1.A6,Interview,,0,1,"{""case_numbers"": false, ""highlight"": false, ""version"": ""4"", ""require_highlight"": true}"
Covid_Holisticv1.2,81f0137d4cfd132ce9019c58308d2675c4de86bac1dcadbf309af97c97d7cabe,01bd5dc4-343b-472a-afef-0888c758c27f,Holistic Evaluation of Article,"{""highlight"": true, ""version"": ""4"", ""hint_type"": """"}",f654513e-e0fc-4c38-9d07-d979bda04b49,T1.Q1,What type of article is this?,RADIO,,,nominal,"{""version"": ""4"", ""alpha_distance"": ""nominal"", ""require_one_or_more"": true, ""hint_type"": """"}",9,3a15ec1d-16b3-4281-9a1b-47d9e621c700,T1.Q1.A7,Hyper-Partisan,,0,1,"{""case_numbers"": false, ""highlight"": false, ""version"": ""4"", ""require_highlight"": true}"
Covid_Holisticv1.2,81f0137d4cfd132ce9019c58308d2675c4de86bac1dcadbf309af97c97d7cabe,01bd5dc4-343b-472a-afef-0888c758c27f,Holistic Evaluation of Article,"{""highlight"": true, ""version"": ""4"", ""hint_type"": """"}",f654513e-e0fc-4c38-9d07-d979bda04b49,T1.Q1,What type of article is this?,RADIO,,,nominal,"{""version"": ""4"", ""alpha_distance"": ""nominal"", ""require_one_or_more"": true, ""hint_type"": """"}",9,6d895466-d7d2-4e50-89d1-bc5ee74dc2e5,T1.Q1.A8,Listicle,,0,1,"{""case_numbers"": false, ""highlight"": false, ""version"": ""4"", ""require_highlight"": true}"
Covid_Holisticv1.2,81f0137d4cfd132ce9019c58308d2675c4de86bac1dcadbf309af97c97d7cabe,01bd5dc4-343b-472a-afef-0888c758c27f,Holistic Evaluation of Article,"{""highlight"": true, ""version"": ""4"", ""hint_type"": """"}",f654513e-e0fc-4c38-9d07-d979bda04b49,T1.Q1,What type of article is this?,RADIO,,,nominal,"{""version"": ""4"", ""alpha_distance"": ""nominal"", ""require_one_or_more"": true, ""hint_type"": """"}",9,04f7518e-e323-4851-ad38-343c148a7c9c,T1.Q1.A9,Other/Can't tell,T1.Q2,0,1,"{""case_numbers"": false, ""highlight"": false, ""version"": ""4"", ""require_highlight"": true}"
Covid_Holisticv1.2,81f0137d4cfd132ce9019c58308d2675c4de86bac1dcadbf309af97c97d7cabe,01bd5dc4-343b-472a-afef-0888c758c27f,Holistic Evaluation of Article,"{""highlight"": true, ""version"": ""4"", ""hint_type"": """"}",abfc57cb-729f-4c00-9a85-adb38f454f41,T1.Q2,You said it was some “Other” type of article. What type of article is it?,TEXT,,,nominal,"{""version"": ""4"", ""alpha_distance"": ""nominal"", ""require_one_or_more"": true, ""hint_type"": """"}",1,50a71b98-5768-482a-8247-a5923e309015,T1.Q2.A1,placeholder answer for TEXT,,0,1,"{""case_numbers"": true, ""highlight"": false, ""version"": ""4"", ""require_highlight"": true}"
Covid_Holisticv1.2,81f0137d4cfd132ce9019c58308d2675c4de86bac1dcadbf309af97c97d7cabe,01bd5dc4-343b-472a-afef-0888c758c27f,Holistic Evaluation of Article,"{""highlight"": true, ""version"": ""4"", ""hint_type"": """"}",2f571cc4-f9ef-4839-a5fb-32256ec8fb07,T1.Q3,What is the article's topic area? (check all that apply),CHECKBOX,,,nominal,"{""version"": ""4"", ""alpha_distance"": ""nominal"", ""require_one_or_more"": true, ""hint_type"": """"}",12,f438b7f8-8de0-4ac8-9c03-939382292cd8,T1.Q3.A1,U.S. Events,,0,1,"{""case_numbers"": true, ""highlight"": false, ""version"": ""4"", ""require_highlight"": true}"
Covid_Holisticv1.2,81f0137d4cfd132ce9019c58308d2675c4de86bac1dcadbf309af97c97d7cabe,01bd5dc4-343b-472a-afef-0888c758c27f,Holistic Evaluation of Article,"{""highlight"": true, ""version"": ""4"", ""hint_type"": """"}",2f571cc4-f9ef-4839-a5fb-32256ec8fb07,T1.Q3,What is the article's topic area? (check all that apply),CHECKBOX,,,nominal,"{""version"": ""4"", ""alpha_distance"": ""nominal"", ""require_one_or_more"": true, ""hint_type"": """"}",12,b289907b-e23e-47f0-814e-068098e555b5,T1.Q3.A2,World Events,,0,1,"{""case_numbers"": true, ""highlight"": false, ""version"": ""4"", ""require_highlight"": true}"
Covid_Holisticv1.2,81f0137d4cfd132ce9019c58308d2675c4de86bac1dcadbf309af97c97d7cabe,01bd5dc4-343b-472a-afef-0888c758c27f,Holistic Evaluation of Article,"{""highlight"": true, ""version"": ""4"", ""hint_type"": """"}",2f571cc4-f9ef-4839-a5fb-32256ec8fb07,T1.Q3,What is the article's topic area? (check all that apply),CHECKBOX,,,nominal,"{""version"": ""4"", ""alpha_distance"": ""nominal"", ""require_one_or_more"": true, ""hint_type"": """"}",12,2e70f447-45ef-4535-a385-1a385dbbb4f0,T1.Q3.A3,Politics,,0,1,"{""case_numbers"": true, ""highlight"": false, ""version"": ""4"", ""require_highlight"": true}"
Covid_Holisticv1.2,81f0137d4cfd132ce9019c58308d2675c4de86bac1dcadbf309af97c97d7cabe,01bd5dc4-343b-472a-afef-0888c758c27f,Holistic Evaluation of Article,"{""highlight"": true, ""version"": ""4"", ""hint_type"": """"}",2f571cc4-f9ef-4839-a5fb-32256ec8fb07,T1.Q3,What is the article's topic area? (check all that apply),CHECKBOX,,,nominal,"{""version"": ""4"", ""alpha_distance"": ""nominal"", ""require_one_or_more"": true, ""hint_type"": """"}",12,4d5ac563-1ee0-4fb0-a6f9-7b397583c91d,T1.Q3.A4,Science,,0,1,"{""case_numbers"": true, ""highlight"": false, ""version"": ""4"", ""require_highlight"": true}"
Covid_Holisticv1.2,81f0137d4cfd132ce9019c58308d2675c4de86bac1dcadbf309af97c97d7cabe,01bd5dc4-343b-472a-afef-0888c758c27f,Holistic Evaluation of Article,"{""highlight"": true, ""version"": ""4"", ""hint_type"": """"}",2f571cc4-f9ef-4839-a5fb-32256ec8fb07,T1.Q3,What is the article's topic area? (check all that apply),CHECKBOX,,,nominal,"{""version"": ""4"", ""alpha_distance"": ""nominal"", ""require_one_or_more"": true, ""hint_type"": """"}",12,81470c96-ba06-44b1-b70e-10eeaea4093b,T1.Q3.A5,Health,,0,1,"{""case_numbers"": true, ""highlight"": false, ""version"": ""4"", ""require_highlight"": true}"
Covid_Holisticv1.2,81f0137d4cfd132ce9019c58308d2675c4de86bac1dcadbf309af97c97d7cabe,01bd5dc4-343b-472a-afef-0888c758c27f,Holistic Evaluation of Article,"{""highlight"": true, ""version"": ""4"", ""hint_type"": """"}",2f571cc4-f9ef-4839-a5fb-32256ec8fb07,T1.Q3,What is the article's topic area? (check all that apply),CHECKBOX,,,nominal,"{""version"": ""4"", ""alpha_distance"": ""nominal"", ""require_one_or_more"": true, ""hint_type"": """"}",12,b9912efe-f2b1-4dc1-bc44-605bbc3f747a,T1.Q3.A6,Business,,0,1,"{""case_numbers"": true, ""highlight"": false, ""version"": ""4"", ""require_highlight"": true}"
Covid_Holisticv1.2,81f0137d4cfd132ce9019c58308d2675c4de86bac1dcadbf309af97c97d7cabe,01bd5dc4-343b-472a-afef-0888c758c27f,Holistic Evaluation of Article,"{""highlight"": true, ""version"": ""4"", ""hint_type"": """"}",2f571cc4-f9ef-4839-a5fb-32256ec8fb07,T1.Q3,What is the article's topic area? (check all that apply),CHECKBOX,,,nominal,"{""version"": ""4"", ""alpha_distance"": ""nominal"", ""require_one_or_more"": true, ""hint_type"": """"}",12,643c832c-1c88-4112-8083-2b4950a79992,T1.Q3.A7,Tech,,0,1,"{""case_numbers"": true, ""highlight"": false, ""version"": ""4"", ""require_highlight"": true}"
Covid_Holisticv1.2,81f0137d4cfd132ce9019c58308d2675c4de86bac1dcadbf309af97c97d7cabe,01bd5dc4-343b-472a-afef-0888c758c27f,Holistic Evaluation of Article,"{""highlight"": true, ""version"": ""4"", ""hint_type"": """"}",2f571cc4-f9ef-4839-a5fb-32256ec8fb07,T1.Q3,What is the article's topic area? (check all that apply),CHECKBOX,,,nominal,"{""version"": ""4"", ""alpha_distance"": ""nominal"", ""require_one_or_more"": true, ""hint_type"": """"}",12,3a049948-1190-439a-9c29-2adc98530dab,T1.Q3.A8,Celebrity,,0,1,"{""case_numbers"": true, ""highlight"": false, ""version"": ""4"", ""require_highlight"": true}"
Covid_Holisticv1.2,81f0137d4cfd132ce9019c58308d2675c4de86bac1dcadbf309af97c97d7cabe,01bd5dc4-343b-472a-afef-0888c758c27f,Holistic Evaluation of Article,"{""highlight"": true, ""version"": ""4"", ""hint_type"": """"}",2f571cc4-f9ef-4839-a5fb-32256ec8fb07,T1.Q3,What is the article's topic area? (check all that apply),CHECKBOX,,,nominal,"{""version"": ""4"", ""alpha_distance"": ""nominal"", ""require_one_or_more"": true, ""hint_type"": """"}",12,80b87b66-2e6e-4c6c-9c2b-74ebdfb574c3,T1.Q3.A9,Sports,,0,1,"{""case_numbers"": true, ""highlight"": false, ""version"": ""4"", ""require_highlight"": true}"
Covid_Holisticv1.2,81f0137d4cfd132ce9019c58308d2675c4de86bac1dcadbf309af97c97d7cabe,01bd5dc4-343b-472a-afef-0888c758c27f,Holistic Evaluation of Article,"{""highlight"": true, ""version"": ""4"", ""hint_type"": """"}",2f571cc4-f9ef-4839-a5fb-32256ec8fb07,T1.Q3,What is the article's topic area? (check all that apply),CHECKBOX,,,nominal,"{""version"": ""4"", ""alpha_distance"": ""nominal"", ""require_one_or_more"": true, ""hint_type"": """"}",12,417cc63a-efc8-42ac-8123-ed589716363e,T1.Q3.A10,Arts,,0,1,"{""case_numbers"": true, ""highlight"": false, ""version"": ""4"", ""require_highlight"": true}"
Covid_Holisticv1.2,81f0137d4cfd132ce9019c58308d2675c4de86bac1dcadbf309af97c97d7cabe,01bd5dc4-343b-472a-afef-0888c758c27f,Holistic Evaluation of Article,"{""highlight"": true, ""version"": ""4"", ""hint_type"": """"}",2f571cc4-f9ef-4839-a5fb-32256ec8fb07,T1.Q3,What is the article's topic area? (check all that apply),CHECKBOX,,,nominal,"{""version"": ""4"", ""alpha_distance"": ""nominal"", ""require_one_or_more"": true, ""hint_type"": """"}",12,75189daf-9bec-4a1e-bf67-6d34ddcc0678,T1.Q3.A11,"Lifestyle (food, fashion, travel, etc.)",,0,1,"{""case_numbers"": true, ""highlight"": false, ""version"": ""4"", ""require_highlight"": true}"
Covid_Holisticv1.2,81f0137d4cfd132ce9019c58308d2675c4de86bac1dcadbf309af97c97d7cabe,01bd5dc4-343b-472a-afef-0888c758c27f,Holistic Evaluation of Article,"{""highlight"": true, ""version"": ""4"", ""hint_type"": """"}",2f571cc4-f9ef-4839-a5fb-32256ec8fb07,T1.Q3,What is the article's topic area? (check all that apply),CHECKBOX,,,nominal,"{""version"": ""4"", ""alpha_distance"": ""nominal"", ""require_one_or_more"": true, ""hint_type"": """"}",12,8df80eb0-2724-43a9-9d90-b701906e9758,T1.Q3.A12,Other,T1.Q4,0,1,"{""case_numbers"": true, ""highlight"": false, ""version"": ""4"", ""require_highlight"": true}"
Covid_Holisticv1.2,81f0137d4cfd132ce9019c58308d2675c4de86bac1dcadbf309af97c97d7cabe,01bd5dc4-343b-472a-afef-0888c758c27f,Holistic Evaluation of Article,"{""highlight"": true, ""version"": ""4"", ""hint_type"": """"}",bb8e998a-5a8b-4485-b189-ff878faad8fc,T1.Q4,You said an “Other” topic was discussed in the article. What was the topic?,TEXT,,,nominal,"{""version"": ""4"", ""alpha_distance"": ""nominal"", ""require_one_or_more"": true, ""hint_type"": """"}",1,22f2d686-bbd4-4d52-b70d-89c2e4fd260d,T1.Q4.A1,placeholder answer for TEXT,,0,1,"{""case_numbers"": true, ""highlight"": false, ""version"": ""4"", ""require_highlight"": true}"
Covid_Holisticv1.2,81f0137d4cfd132ce9019c58308d2675c4de86bac1dcadbf309af97c97d7cabe,01bd5dc4-343b-472a-afef-0888c758c27f,Holistic Evaluation of Article,"{""highlight"": true, ""version"": ""4"", ""hint_type"": """"}",2e39fff8-062a-4b24-ad73-0f3f51394d0f,T1.Q5,"Before carefully reading the article, would you have been inclined to agree or disagree with its point of view?",RADIO,,,nominal,"{""version"": ""4"", ""alpha_distance"": ""nominal"", ""require_one_or_more"": true, ""hint_type"": """"}",5,85a1ba9c-0321-4c33-90f5-6949f12b1705,T1.Q5.A1,Strongly Agree with the article's point of view,,0,1,"{""case_numbers"": true, ""highlight"": false, ""version"": ""4"", ""require_highlight"": true}"
Covid_Holisticv1.2,81f0137d4cfd132ce9019c58308d2675c4de86bac1dcadbf309af97c97d7cabe,01bd5dc4-343b-472a-afef-0888c758c27f,Holistic Evaluation of Article,"{""highlight"": true, ""version"": ""4"", ""hint_type"": """"}",2e39fff8-062a-4b24-ad73-0f3f51394d0f,T1.Q5,"Before carefully reading the article, would you have been inclined to agree or disagree with its point of view?",RADIO,,,nominal,"{""version"": ""4"", ""alpha_distance"": ""nominal"", ""require_one_or_more"": true, ""hint_type"": """"}",5,bb46e280-15ad-4429-b29e-714e8577bf55,T1.Q5.A2,Somewhat Agree,,0,1,"{""case_numbers"": true, ""highlight"": false, ""version"": ""4"", ""require_highlight"": true}"
Covid_Holisticv1.2,81f0137d4cfd132ce9019c58308d2675c4de86bac1dcadbf309af97c97d7cabe,01bd5dc4-343b-472a-afef-0888c758c27f,Holistic Evaluation of Article,"{""highlight"": true, ""version"": ""4"", ""hint_type"": """"}",2e39fff8-062a-4b24-ad73-0f3f51394d0f,T1.Q5,"Before carefully reading the article, would you have been inclined to agree or disagree with its point of view?",RADIO,,,nominal,"{""version"": ""4"", ""alpha_distance"": ""nominal"", ""require_one_or_more"": true, ""hint_type"": """"}",5,4f1b0a2e-6049-426c-961d-1cfad6ee2d8c,T1.Q5.A3,Neutral,,0,1,"{""case_numbers"": true, ""highlight"": false, ""version"": ""4"", ""require_highlight"": true}"
Covid_Holisticv1.2,81f0137d4cfd132ce9019c58308d2675c4de86bac1dcadbf309af97c97d7cabe,01bd5dc4-343b-472a-afef-0888c758c27f,Holistic Evaluation of Article,"{""highlight"": true, ""version"": ""4"", ""hint_type"": """"}",2e39fff8-062a-4b24-ad73-0f3f51394d0f,T1.Q5,"Before carefully reading the article, would you have been inclined to agree or disagree with its point of view?",RADIO,,,nominal,"{""version"": ""4"", ""alpha_distance"": ""nominal"", ""require_one_or_more"": true, ""hint_type"": """"}",5,ebdce287-e257-40a3-b67a-c444e6bfd83e,T1.Q5.A4,Somewhat Disagree,,0,1,"{""case_numbers"": true, ""highlight"": false, ""version"": ""4"", ""require_highlight"": true}"
Covid_Holisticv1.2,81f0137d4cfd132ce9019c58308d2675c4de86bac1dcadbf309af97c97d7cabe,01bd5dc4-343b-472a-afef-0888c758c27f,Holistic Evaluation of Article,"{""highlight"": true, ""version"": ""4"", ""hint_type"": """"}",2e39fff8-062a-4b24-ad73-0f3f51394d0f,T1.Q5,"Before carefully reading the article, would you have been inclined to agree or disagree with its point of view?",RADIO,,,nominal,"{""version"": ""4"", ""alpha_distance"": ""nominal"", ""require_one_or_more"": true, ""hint_type"": """"}",5,3632c357-5a94-436e-ba07-ceb533ab17c5,T1.Q5.A5,Strongly Disagree with the article's point of view,,0,1,"{""case_numbers"": true, ""highlight"": false, ""version"": ""4"", ""require_highlight"": true}"
Covid_Holisticv1.2,81f0137d4cfd132ce9019c58308d2675c4de86bac1dcadbf309af97c97d7cabe,01bd5dc4-343b-472a-afef-0888c758c27f,Holistic Evaluation of Article,"{""highlight"": true, ""version"": ""4"", ""hint_type"": """"}",ec4680ae-ad52-4b35-81b0-1cd175e83bcc,T1.Q6,What kind of information does the article include?  (Check all that apply.),CHECKBOX,,,nominal,"{""version"": ""4"", ""alpha_distance"": ""nominal"", ""require_one_or_more"": true, ""hint_type"": """"}",8,7777bc23-3ddb-407f-b3cb-509cadc136ba,T1.Q6.A1,Arguments,,0,1,"{""case_numbers"": true, ""highlight"": false, ""version"": ""4"", ""require_highlight"": true}"
Covid_Holisticv1.2,81f0137d4cfd132ce9019c58308d2675c4de86bac1dcadbf309af97c97d7cabe,01bd5dc4-343b-472a-afef-0888c758c27f,Holistic Evaluation of Article,"{""highlight"": true, ""version"": ""4"", ""hint_type"": """"}",ec4680ae-ad52-4b35-81b0-1cd175e83bcc,T1.Q6,What kind of information does the article include?  (Check all that apply.),CHECKBOX,,,nominal,"{""version"": ""4"", ""alpha_distance"": ""nominal"", ""require_one_or_more"": true, ""hint_type"": """"}",8,345578b2-f548-4542-bba9-dab2eadafe27,T1.Q6.A2,Proposed explanation(s),,0,1,"{""case_numbers"": true, ""highlight"": false, ""version"": ""4"", ""require_highlight"": true}"
Covid_Holisticv1.2,81f0137d4cfd132ce9019c58308d2675c4de86bac1dcadbf309af97c97d7cabe,01bd5dc4-343b-472a-afef-0888c758c27f,Holistic Evaluation of Article,"{""highlight"": true, ""version"": ""4"", ""hint_type"": """"}",ec4680ae-ad52-4b35-81b0-1cd175e83bcc,T1.Q6,What kind of information does the article include?  (Check all that apply.),CHECKBOX,,,nominal,"{""version"": ""4"", ""alpha_distance"": ""nominal"", ""require_one_or_more"": true, ""hint_type"": """"}",8,bff2db5d-a0b0-44ca-a0a4-6914f4a8b730,T1.Q6.A3,Neutral descriptions of events,,0,1,"{""case_numbers"": true, ""highlight"": false, ""version"": ""4"", ""require_highlight"": true}"
Covid_Holisticv1.2,81f0137d4cfd132ce9019c58308d2675c4de86bac1dcadbf309af97c97d7cabe,01bd5dc4-343b-472a-afef-0888c758c27f,Holistic Evaluation of Article,"{""highlight"": true, ""version"": ""4"", ""hint_type"": """"}",ec4680ae-ad52-4b35-81b0-1cd175e83bcc,T1.Q6,What kind of information does the article include?  (Check all that apply.),CHECKBOX,,,nominal,"{""version"": ""4"", ""alpha_distance"": ""nominal"", ""require_one_or_more"": true, ""hint_type"": """"}",8,9a97db06-64f5-4515-923f-f11af377d9e0,T1.Q6.A4,Quotes,,0,1,"{""case_numbers"": true, ""highlight"": false, ""version"": ""4"", ""require_highlight"": true}"
Covid_Holisticv1.2,81f0137d4cfd132ce9019c58308d2675c4de86bac1dcadbf309af97c97d7cabe,01bd5dc4-343b-472a-afef-0888c758c27f,Holistic Evaluation of Article,"{""highlight"": true, ""version"": ""4"", ""hint_type"": """"}",ec4680ae-ad52-4b35-81b0-1cd175e83bcc,T1.Q6,What kind of information does the article include?  (Check all that apply.),CHECKBOX,,,nominal,"{""version"": ""4"", ""alpha_distance"": ""nominal"", ""require_one_or_more"": true, ""hint_type"": """"}",8,0f15553b-95da-4eec-84f7-6809f5205ff2,T1.Q6.A5,Scientific study or discovery,,0,1,"{""case_numbers"": true, ""highlight"": false, ""version"": ""4"", ""require_highlight"": true}"
Covid_Holisticv1.2,81f0137d4cfd132ce9019c58308d2675c4de86bac1dcadbf309af97c97d7cabe,01bd5dc4-343b-472a-afef-0888c758c27f,Holistic Evaluation of Article,"{""highlight"": true, ""version"": ""4"", ""hint_type"": """"}",ec4680ae-ad52-4b35-81b0-1cd175e83bcc,T1.Q6,What kind of information does the article include?  (Check all that apply.),CHECKBOX,,,nominal,"{""version"": ""4"", ""alpha_distance"": ""nominal"", ""require_one_or_more"": true, ""hint_type"": """"}",8,a15388ae-06d8-4017-bc17-913ded9c6479,T1.Q6.A6,Human interest story,,0,1,"{""case_numbers"": true, ""highlight"": false, ""version"": ""4"", ""require_highlight"": true}"
Covid_Holisticv1.2,81f0137d4cfd132ce9019c58308d2675c4de86bac1dcadbf309af97c97d7cabe,01bd5dc4-343b-472a-afef-0888c758c27f,Holistic Evaluation of Article,"{""highlight"": true, ""version"": ""4"", ""hint_type"": """"}",ec4680ae-ad52-4b35-81b0-1cd175e83bcc,T1.Q6,What kind of information does the article include?  (Check all that apply.),CHECKBOX,,,nominal,"{""version"": ""4"", ""alpha_distance"": ""nominal"", ""require_one_or_more"": true, ""hint_type"": """"}",8,c286e1bc-1151-4875-9e03-e9ba54a2a80e,T1.Q6.A7,Potentially controversial or flawed information,,0,1,"{""case_numbers"": true, ""highlight"": false, ""version"": ""4"", ""require_highlight"": true}"
Covid_Holisticv1.2,81f0137d4cfd132ce9019c58308d2675c4de86bac1dcadbf309af97c97d7cabe,01bd5dc4-343b-472a-afef-0888c758c27f,Holistic Evaluation of Article,"{""highlight"": true, ""version"": ""4"", ""hint_type"": """"}",ec4680ae-ad52-4b35-81b0-1cd175e83bcc,T1.Q6,What kind of information does the article include?  (Check all that apply.),CHECKBOX,,,nominal,"{""version"": ""4"", ""alpha_distance"": ""nominal"", ""require_one_or_more"": true, ""hint_type"": """"}",8,a35917de-639b-4cbf-83c4-28893b38f0b6,T1.Q6.A8,Emotional or biased presentation,,0,1,"{""case_numbers"": true, ""highlight"": false, ""version"": ""4"", ""require_highlight"": true}"
Covid_Holisticv1.2,81f0137d4cfd132ce9019c58308d2675c4de86bac1dcadbf309af97c97d7cabe,01bd5dc4-343b-472a-afef-0888c758c27f,Holistic Evaluation of Article,"{""highlight"": true, ""version"": ""4"", ""hint_type"": """"}",dd89f52c-25a1-435d-aa9b-397611618030,T1.Q7,"Given what you know about the world, how *credible* does the article seem to you, overall?",RADIO,,,nominal,"{""version"": ""4"", ""alpha_distance"": ""nominal"", ""require_one_or_more"": true, ""hint_type"": """"}",5,af27a7eb-0092-4087-9c93-3fc4fbd6b9dc,T1.Q7.A1,Very credible,,0,1,"{""case_numbers"": true, ""highlight"": false, ""version"": ""4"", ""require_highlight"": true}"
Covid_Holisticv1.2,81f0137d4cfd132ce9019c58308d2675c4de86bac1dcadbf309af97c97d7cabe,01bd5dc4-343b-472a-afef-0888c758c27f,Holistic Evaluation of Article,"{""highlight"": true, ""version"": ""4"", ""hint_type"": """"}",dd89f52c-25a1-435d-aa9b-397611618030,T1.Q7,"Given what you know about the world, how *credible* does the article seem to you, overall?",RADIO,,,nominal,"{""version"": ""4"", ""alpha_distance"": ""nominal"", ""require_one_or_more"": true, ""hint_type"": """"}",5,bf9fadc4-259c-400e-acd4-55d1ad65fe3f,T1.Q7.A2,Fairly credible,,0,1,"{""case_numbers"": true, ""highlight"": false, ""version"": ""4"", ""require_highlight"": true}"
Covid_Holisticv1.2,81f0137d4cfd132ce9019c58308d2675c4de86bac1dcadbf309af97c97d7cabe,01bd5dc4-343b-472a-afef-0888c758c27f,Holistic Evaluation of Article,"{""highlight"": true, ""version"": ""4"", ""hint_type"": """"}",dd89f52c-25a1-435d-aa9b-397611618030,T1.Q7,"Given what you know about the world, how *credible* does the article seem to you, overall?",RADIO,,,nominal,"{""version"": ""4"", ""alpha_distance"": ""nominal"", ""require_one_or_more"": true, ""hint_type"": """"}",5,836f10da-28e4-44b5-a5d8-5c53ac9d6a49,T1.Q7.A3,Somewhat credible,,0,1,"{""case_numbers"": true, ""highlight"": false, ""version"": ""4"", ""require_highlight"": true}"
Covid_Holisticv1.2,81f0137d4cfd132ce9019c58308d2675c4de86bac1dcadbf309af97c97d7cabe,01bd5dc4-343b-472a-afef-0888c758c27f,Holistic Evaluation of Article,"{""highlight"": true, ""version"": ""4"", ""hint_type"": """"}",dd89f52c-25a1-435d-aa9b-397611618030,T1.Q7,"Given what you know about the world, how *credible* does the article seem to you, overall?",RADIO,,,nominal,"{""version"": ""4"", ""alpha_distance"": ""nominal"", ""require_one_or_more"": true, ""hint_type"": """"}",5,8cfdaf61-806d-40da-8fe0-1eb5f69ecd46,T1.Q7.A4,Slightly credible,,0,1,"{""case_numbers"": true, ""highlight"": false, ""version"": ""4"", ""require_highlight"": true}"
Covid_Holisticv1.2,81f0137d4cfd132ce9019c58308d2675c4de86bac1dcadbf309af97c97d7cabe,01bd5dc4-343b-472a-afef-0888c758c27f,Holistic Evaluation of Article,"{""highlight"": true, ""version"": ""4"", ""hint_type"": """"}",dd89f52c-25a1-435d-aa9b-397611618030,T1.Q7,"Given what you know about the world, how *credible* does the article seem to you, overall?",RADIO,,,nominal,"{""version"": ""4"", ""alpha_distance"": ""nominal"", ""require_one_or_more"": true, ""hint_type"": """"}",5,5155d95e-d0d4-4b04-8ded-acef55eae774,T1.Q7.A5,Not at all credible,,0,1,"{""case_numbers"": true, ""highlight"": false, ""version"": ""4"", ""require_highlight"": true}"
Covid_Holisticv1.2,81f0137d4cfd132ce9019c58308d2675c4de86bac1dcadbf309af97c97d7cabe,01bd5dc4-343b-472a-afef-0888c758c27f,Holistic Evaluation of Article,"{""highlight"": true, ""version"": ""4"", ""hint_type"": """"}",c9c0ddc9-0765-48a5-973c-c05d0ded0dea,T1.Q8,"Given what you know about the world, how *biased* does the article seem to you, overall?",RADIO,,,nominal,"{""version"": ""4"", ""alpha_distance"": ""nominal"", ""require_one_or_more"": true, ""hint_type"": """"}",5,8c518ac6-389a-4268-aa7a-0fa9f2f8fb4e,T1.Q8.A1,Extremely biased,T1.Q9,0,1,"{""case_numbers"": true, ""highlight"": false, ""version"": ""4"", ""require_highlight"": true}"
Covid_Holisticv1.2,81f0137d4cfd132ce9019c58308d2675c4de86bac1dcadbf309af97c97d7cabe,01bd5dc4-343b-472a-afef-0888c758c27f,Holistic Evaluation of Article,"{""highlight"": true, ""version"": ""4"", ""hint_type"": """"}",c9c0ddc9-0765-48a5-973c-c05d0ded0dea,T1.Q8,"Given what you know about the world, how *biased* does the article seem to you, overall?",RADIO,,,nominal,"{""version"": ""4"", ""alpha_distance"": ""nominal"", ""require_one_or_more"": true, ""hint_type"": """"}",5,56e34e86-f6d4-43e2-9a3a-f2b9162bd88d,T1.Q8.A2,Very biased,T1.Q9,0,1,"{""case_numbers"": true, ""highlight"": false, ""version"": ""4"", ""require_highlight"": true}"
Covid_Holisticv1.2,81f0137d4cfd132ce9019c58308d2675c4de86bac1dcadbf309af97c97d7cabe,01bd5dc4-343b-472a-afef-0888c758c27f,Holistic Evaluation of Article,"{""highlight"": true, ""version"": ""4"", ""hint_type"": """"}",c9c0ddc9-0765-48a5-973c-c05d0ded0dea,T1.Q8,"Given what you know about the world, how *biased* does the article seem to you, overall?",RADIO,,,nominal,"{""version"": ""4"", ""alpha_distance"": ""nominal"", ""require_one_or_more"": true, ""hint_type"": """"}",5,baa2d0c0-00a6-4acd-b825-d09ad0d386cb,T1.Q8.A3,Somewhat biased,T1.Q9,0,1,"{""case_numbers"": true, ""highlight"": false, ""version"": ""4"", ""require_highlight"": true}"
Covid_Holisticv1.2,81f0137d4cfd132ce9019c58308d2675c4de86bac1dcadbf309af97c97d7cabe,01bd5dc4-343b-472a-afef-0888c758c27f,Holistic Evaluation of Article,"{""highlight"": true, ""version"": ""4"", ""hint_type"": """"}",c9c0ddc9-0765-48a5-973c-c05d0ded0dea,T1.Q8,"Given what you know about the world, how *biased* does the article seem to you, overall?",RADIO,,,nominal,"{""version"": ""4"", ""alpha_distance"": ""nominal"", ""require_one_or_more"": true, ""hint_type"": """"}",5,5a8ae4eb-c2df-4e58-b0c8-cd2d07204c11,T1.Q8.A4,Mildly biased,T1.Q9,0,1,"{""case_numbers"": true, ""highlight"": false, ""version"": ""4"", ""require_highlight"": true}"
Covid_Holisticv1.2,81f0137d4cfd132ce9019c58308d2675c4de86bac1dcadbf309af97c97d7cabe,01bd5dc4-343b-472a-afef-0888c758c27f,Holistic Evaluation of Article,"{""highlight"": true, ""version"": ""4"", ""hint_type"": """"}",c9c0ddc9-0765-48a5-973c-c05d0ded0dea,T1.Q8,"Given what you know about the world, how *biased* does the article seem to you, overall?",RADIO,,,nominal,"{""version"": ""4"", ""alpha_distance"": ""nominal"", ""require_one_or_more"": true, ""hint_type"": """"}",5,e3092d45-b35d-4ef3-a370-10ebad3ac66c,T1.Q8.A5,Not at all biased,,0,1,"{""case_numbers"": true, ""highlight"": false, ""version"": ""4"", ""require_highlight"": true}"
Covid_Holisticv1.2,81f0137d4cfd132ce9019c58308d2675c4de86bac1dcadbf309af97c97d7cabe,01bd5dc4-343b-472a-afef-0888c758c27f,Holistic Evaluation of Article,"{""highlight"": true, ""version"": ""4"", ""hint_type"": """"}",d723cd8e-f473-4dc2-8bb4-166f5ef618f1,T1.Q9,What kind of bias is apparent in the article? Check all that apply.,CHECKBOX,,,nominal,"{""version"": ""4"", ""alpha_distance"": ""nominal"", ""require_one_or_more"": true, ""hint_type"": """"}",9,42a06b28-3512-4894-a0f2-bbb9e1fac7b4,T1.Q9.A1,Right partisan,,0,1,"{""case_numbers"": true, ""highlight"": false, ""version"": ""4"", ""require_highlight"": true}"
Covid_Holisticv1.2,81f0137d4cfd132ce9019c58308d2675c4de86bac1dcadbf309af97c97d7cabe,01bd5dc4-343b-472a-afef-0888c758c27f,Holistic Evaluation of Article,"{""highlight"": true, ""version"": ""4"", ""hint_type"": """"}",d723cd8e-f473-4dc2-8bb4-166f5ef618f1,T1.Q9,What kind of bias is apparent in the article? Check all that apply.,CHECKBOX,,,nominal,"{""version"": ""4"", ""alpha_distance"": ""nominal"", ""require_one_or_more"": true, ""hint_type"": """"}",9,c7e64c1a-3e30-4ac0-afa4-5d26de60c94b,T1.Q9.A2,Left partisan,,0,1,"{""case_numbers"": true, ""highlight"": false, ""version"": ""4"", ""require_highlight"": true}"
Covid_Holisticv1.2,81f0137d4cfd132ce9019c58308d2675c4de86bac1dcadbf309af97c97d7cabe,01bd5dc4-343b-472a-afef-0888c758c27f,Holistic Evaluation of Article,"{""highlight"": true, ""version"": ""4"", ""hint_type"": """"}",d723cd8e-f473-4dc2-8bb4-166f5ef618f1,T1.Q9,What kind of bias is apparent in the article? Check all that apply.,CHECKBOX,,,nominal,"{""version"": ""4"", ""alpha_distance"": ""nominal"", ""require_one_or_more"": true, ""hint_type"": """"}",9,73922483-f18f-4d11-a8d2-7b762d448800,T1.Q9.A3,Elitist,,0,1,"{""case_numbers"": true, ""highlight"": false, ""version"": ""4"", ""require_highlight"": true}"
Covid_Holisticv1.2,81f0137d4cfd132ce9019c58308d2675c4de86bac1dcadbf309af97c97d7cabe,01bd5dc4-343b-472a-afef-0888c758c27f,Holistic Evaluation of Article,"{""highlight"": true, ""version"": ""4"", ""hint_type"": """"}",d723cd8e-f473-4dc2-8bb4-166f5ef618f1,T1.Q9,What kind of bias is apparent in the article? Check all that apply.,CHECKBOX,,,nominal,"{""version"": ""4"", ""alpha_distance"": ""nominal"", ""require_one_or_more"": true, ""hint_type"": """"}",9,f50b2790-f0e3-469a-a647-2ed8c2dbc00d,T1.Q9.A4,Populist,,0,1,"{""case_numbers"": true, ""highlight"": false, ""version"": ""4"", ""require_highlight"": true}"
Covid_Holisticv1.2,81f0137d4cfd132ce9019c58308d2675c4de86bac1dcadbf309af97c97d7cabe,01bd5dc4-343b-472a-afef-0888c758c27f,Holistic Evaluation of Article,"{""highlight"": true, ""version"": ""4"", ""hint_type"": """"}",d723cd8e-f473-4dc2-8bb4-166f5ef618f1,T1.Q9,What kind of bias is apparent in the article? Check all that apply.,CHECKBOX,,,nominal,"{""version"": ""4"", ""alpha_distance"": ""nominal"", ""require_one_or_more"": true, ""hint_type"": """"}",9,4c709074-55a9-4c81-b7d5-a21c8e404ee9,T1.Q9.A5,Class/Economic status,,0,1,"{""case_numbers"": true, ""highlight"": false, ""version"": ""4"", ""require_highlight"": true}"
Covid_Holisticv1.2,81f0137d4cfd132ce9019c58308d2675c4de86bac1dcadbf309af97c97d7cabe,01bd5dc4-343b-472a-afef-0888c758c27f,Holistic Evaluation of Article,"{""highlight"": true, ""version"": ""4"", ""hint_type"": """"}",d723cd8e-f473-4dc2-8bb4-166f5ef618f1,T1.Q9,What kind of bias is apparent in the article? Check all that apply.,CHECKBOX,,,nominal,"{""version"": ""4"", ""alpha_distance"": ""nominal"", ""require_one_or_more"": true, ""hint_type"": """"}",9,6fba4a1e-a303-49a3-be2c-5baa777ceaf8,T1.Q9.A6,Gender/Sexuality,,0,1,"{""case_numbers"": true, ""highlight"": false, ""version"": ""4"", ""require_highlight"": true}"
Covid_Holisticv1.2,81f0137d4cfd132ce9019c58308d2675c4de86bac1dcadbf309af97c97d7cabe,01bd5dc4-343b-472a-afef-0888c758c27f,Holistic Evaluation of Article,"{""highlight"": true, ""version"": ""4"", ""hint_type"": """"}",d723cd8e-f473-4dc2-8bb4-166f5ef618f1,T1.Q9,What kind of bias is apparent in the article? Check all that apply.,CHECKBOX,,,nominal,"{""version"": ""4"", ""alpha_distance"": ""nominal"", ""require_one_or_more"": true, ""hint_type"": """"}",9,d9701f3c-df05-47c7-bd5b-b3fb619c1618,T1.Q9.A7,Race/Ethnicity,,0,1,"{""case_numbers"": true, ""highlight"": false, ""version"": ""4"", ""require_highlight"": true}"
Covid_Holisticv1.2,81f0137d4cfd132ce9019c58308d2675c4de86bac1dcadbf309af97c97d7cabe,01bd5dc4-343b-472a-afef-0888c758c27f,Holistic Evaluation of Article,"{""highlight"": true, ""version"": ""4"", ""hint_type"": """"}",d723cd8e-f473-4dc2-8bb4-166f5ef618f1,T1.Q9,What kind of bias is apparent in the article? Check all that apply.,CHECKBOX,,,nominal,"{""version"": ""4"", ""alpha_distance"": ""nominal"", ""require_one_or_more"": true, ""hint_type"": """"}",9,dcff20e1-b6fa-4a74-8b40-730403ac06e0,T1.Q9.A8,Age/Generational,,0,1,"{""case_numbers"": true, ""highlight"": false, ""version"": ""4"", ""require_highlight"": true}"
Covid_Holisticv1.2,81f0137d4cfd132ce9019c58308d2675c4de86bac1dcadbf309af97c97d7cabe,01bd5dc4-343b-472a-afef-0888c758c27f,Holistic Evaluation of Article,"{""highlight"": true, ""version"": ""4"", ""hint_type"": """"}",d723cd8e-f473-4dc2-8bb4-166f5ef618f1,T1.Q9,What kind of bias is apparent in the article? Check all that apply.,CHECKBOX,,,nominal,"{""version"": ""4"", ""alpha_distance"": ""nominal"", ""require_one_or_more"": true, ""hint_type"": """"}",9,787942e7-d565-4881-a077-c6784df39f91,T1.Q9.A9,Other,,0,1,"{""case_numbers"": true, ""highlight"": false, ""version"": ""4"", ""require_highlight"": true}"
Covid_Holisticv1.2,81f0137d4cfd132ce9019c58308d2675c4de86bac1dcadbf309af97c97d7cabe,01bd5dc4-343b-472a-afef-0888c758c27f,Holistic Evaluation of Article,"{""highlight"": true, ""version"": ""4"", ""hint_type"": """"}",a6d5f298-adb9-4020-9f7e-ca37fa435489,T1.Q10,How would you describe the approach of the article? (Check all that apply.),CHECKBOX,,,nominal,"{""version"": ""4"", ""alpha_distance"": ""nominal"", ""require_one_or_more"": true, ""hint_type"": """"}",5,e2d4dd5f-df25-40af-b03c-e6b274996324,T1.Q10.A1,Neutral description of a recent or ongoing event,,0,1,"{""case_numbers"": true, ""highlight"": false, ""version"": ""4"", ""require_highlight"": true}"
Covid_Holisticv1.2,81f0137d4cfd132ce9019c58308d2675c4de86bac1dcadbf309af97c97d7cabe,01bd5dc4-343b-472a-afef-0888c758c27f,Holistic Evaluation of Article,"{""highlight"": true, ""version"": ""4"", ""hint_type"": """"}",a6d5f298-adb9-4020-9f7e-ca37fa435489,T1.Q10,How would you describe the approach of the article? (Check all that apply.),CHECKBOX,,,nominal,"{""version"": ""4"", ""alpha_distance"": ""nominal"", ""require_one_or_more"": true, ""hint_type"": """"}",5,ad87bdb1-2247-4660-b0fd-64b19aa050fb,T1.Q10.A2,"Report of what some person, body, or group said",,0,1,"{""case_numbers"": true, ""highlight"": false, ""version"": ""4"", ""require_highlight"": true}"
Covid_Holisticv1.2,81f0137d4cfd132ce9019c58308d2675c4de86bac1dcadbf309af97c97d7cabe,01bd5dc4-343b-472a-afef-0888c758c27f,Holistic Evaluation of Article,"{""highlight"": true, ""version"": ""4"", ""hint_type"": """"}",a6d5f298-adb9-4020-9f7e-ca37fa435489,T1.Q10,How would you describe the approach of the article? (Check all that apply.),CHECKBOX,,,nominal,"{""version"": ""4"", ""alpha_distance"": ""nominal"", ""require_one_or_more"": true, ""hint_type"": """"}",5,47b62850-79c3-413e-967b-4e6ae25d0add,T1.Q10.A3,Evaluation/analysis of a recent or ongoing event,,0,1,"{""case_numbers"": true, ""highlight"": false, ""version"": ""4"", ""require_highlight"": true}"
Covid_Holisticv1.2,81f0137d4cfd132ce9019c58308d2675c4de86bac1dcadbf309af97c97d7cabe,01bd5dc4-343b-472a-afef-0888c758c27f,Holistic Evaluation of Article,"{""highlight"": true, ""version"": ""4"", ""hint_type"": """"}",a6d5f298-adb9-4020-9f7e-ca37fa435489,T1.Q10,How would you describe the approach of the article? (Check all that apply.),CHECKBOX,,,nominal,"{""version"": ""4"", ""alpha_distance"": ""nominal"", ""require_one_or_more"": true, ""hint_type"": """"}",5,8ce854d0-0704-45a1-9dfd-3ea211ee73f2,T1.Q10.A4,Proposed explanation of a phenomenon or event,,0,1,"{""case_numbers"": true, ""highlight"": false, ""version"": ""4"", ""require_highlight"": true}"
Covid_Holisticv1.2,81f0137d4cfd132ce9019c58308d2675c4de86bac1dcadbf309af97c97d7cabe,01bd5dc4-343b-472a-afef-0888c758c27f,Holistic Evaluation of Article,"{""highlight"": true, ""version"": ""4"", ""hint_type"": """"}",a6d5f298-adb9-4020-9f7e-ca37fa435489,T1.Q10,How would you describe the approach of the article? (Check all that apply.),CHECKBOX,,,nominal,"{""version"": ""4"", ""alpha_distance"": ""nominal"", ""require_one_or_more"": true, ""hint_type"": """"}",5,26d952a4-ff71-4bbe-bb5a-f1a661946e8b,T1.Q10.A5,Other,,0,1,"{""case_numbers"": true, ""highlight"": false, ""version"": ""4"", ""require_highlight"": true}"
Covid_Holisticv1.2,81f0137d4cfd132ce9019c58308d2675c4de86bac1dcadbf309af97c97d7cabe,01bd5dc4-343b-472a-afef-0888c758c27f,Holistic Evaluation of Article,"{""highlight"": true, ""version"": ""4"", ""hint_type"": """"}",ef6a926e-27e1-4516-9562-a55a10c5c6f2,T1.Q11,Does the article’s title/headline match the text?,RADIO,,,nominal,"{""version"": ""4"", ""alpha_distance"": ""nominal"", ""require_one_or_more"": true, ""hint_type"": """"}",4,2b407292-869f-4835-a008-ed202bb49d5f,T1.Q11.A1,"Yes, without exaggeration (no clickbait)",,0,1,"{""case_numbers"": true, ""highlight"": false, ""version"": ""4"", ""require_highlight"": true}"
Covid_Holisticv1.2,81f0137d4cfd132ce9019c58308d2675c4de86bac1dcadbf309af97c97d7cabe,01bd5dc4-343b-472a-afef-0888c758c27f,Holistic Evaluation of Article,"{""highlight"": true, ""version"": ""4"", ""hint_type"": """"}",ef6a926e-27e1-4516-9562-a55a10c5c6f2,T1.Q11,Does the article’s title/headline match the text?,RADIO,,,nominal,"{""version"": ""4"", ""alpha_distance"": ""nominal"", ""require_one_or_more"": true, ""hint_type"": """"}",4,b657f95a-a7dd-45bb-9da4-0aa5bf1c7643,T1.Q11.A2,"Yes, but with some exaggeration/clickbaitiness",,0,1,"{""case_numbers"": true, ""highlight"": false, ""version"": ""4"", ""require_highlight"": true}"
Covid_Holisticv1.2,81f0137d4cfd132ce9019c58308d2675c4de86bac1dcadbf309af97c97d7cabe,01bd5dc4-343b-472a-afef-0888c758c27f,Holistic Evaluation of Article,"{""highlight"": true, ""version"": ""4"", ""hint_type"": """"}",ef6a926e-27e1-4516-9562-a55a10c5c6f2,T1.Q11,Does the article’s title/headline match the text?,RADIO,,,nominal,"{""version"": ""4"", ""alpha_distance"": ""nominal"", ""require_one_or_more"": true, ""hint_type"": """"}",4,c1fb2a19-cb5e-4e92-8778-daaf1354da55,T1.Q11.A3,"Yes, but with a lot of exaggeration/clickbaitiness",,0,1,"{""case_numbers"": true, ""highlight"": false, ""version"": ""4"", ""require_highlight"": true}"
Covid_Holisticv1.2,81f0137d4cfd132ce9019c58308d2675c4de86bac1dcadbf309af97c97d7cabe,01bd5dc4-343b-472a-afef-0888c758c27f,Holistic Evaluation of Article,"{""highlight"": true, ""version"": ""4"", ""hint_type"": """"}",ef6a926e-27e1-4516-9562-a55a10c5c6f2,T1.Q11,Does the article’s title/headline match the text?,RADIO,,,nominal,"{""version"": ""4"", ""alpha_distance"": ""nominal"", ""require_one_or_more"": true, ""hint_type"": """"}",4,5077435a-6b51-49a5-a701-f28922b1c0cf,T1.Q11.A4,The text does not support the claim made in the title at all (pure clickbait),,0,1,"{""case_numbers"": true, ""highlight"": false, ""version"": ""4"", ""require_highlight"": true}"
Covid_Holisticv1.2,81f0137d4cfd132ce9019c58308d2675c4de86bac1dcadbf309af97c97d7cabe,01bd5dc4-343b-472a-afef-0888c758c27f,Holistic Evaluation of Article,"{""highlight"": true, ""version"": ""4"", ""hint_type"": """"}",a4e4cbb4-c8d2-487b-a39e-f809458c8798,T1.Q12,"Does the article exaggerate the importance of a relatively minor event, person, or group?",RADIO,,,nominal,"{""version"": ""4"", ""alpha_distance"": ""nominal"", ""require_one_or_more"": true, ""hint_type"": """"}",5,9c468bae-5141-44e3-a9d4-aa4bcd33f904,T1.Q12.A1,Enormously,,0,1,"{""case_numbers"": true, ""highlight"": false, ""version"": ""4"", ""require_highlight"": true}"
Covid_Holisticv1.2,81f0137d4cfd132ce9019c58308d2675c4de86bac1dcadbf309af97c97d7cabe,01bd5dc4-343b-472a-afef-0888c758c27f,Holistic Evaluation of Article,"{""highlight"": true, ""version"": ""4"", ""hint_type"": """"}",a4e4cbb4-c8d2-487b-a39e-f809458c8798,T1.Q12,"Does the article exaggerate the importance of a relatively minor event, person, or group?",RADIO,,,nominal,"{""version"": ""4"", ""alpha_distance"": ""nominal"", ""require_one_or_more"": true, ""hint_type"": """"}",5,384792a2-8d47-4c16-97a6-dfd5b4272bcc,T1.Q12.A2,Quite a bit,,0,1,"{""case_numbers"": true, ""highlight"": false, ""version"": ""4"", ""require_highlight"": true}"
Covid_Holisticv1.2,81f0137d4cfd132ce9019c58308d2675c4de86bac1dcadbf309af97c97d7cabe,01bd5dc4-343b-472a-afef-0888c758c27f,Holistic Evaluation of Article,"{""highlight"": true, ""version"": ""4"", ""hint_type"": """"}",a4e4cbb4-c8d2-487b-a39e-f809458c8798,T1.Q12,"Does the article exaggerate the importance of a relatively minor event, person, or group?",RADIO,,,nominal,"{""version"": ""4"", ""alpha_distance"": ""nominal"", ""require_one_or_more"": true, ""hint_type"": """"}",5,94e43368-3506-4349-b395-3cdd57fd7c02,T1.Q12.A3,Somewhat,,0,1,"{""case_numbers"": true, ""highlight"": false, ""version"": ""4"", ""require_highlight"": true}"
Covid_Holisticv1.2,81f0137d4cfd132ce9019c58308d2675c4de86bac1dcadbf309af97c97d7cabe,01bd5dc4-343b-472a-afef-0888c758c27f,Holistic Evaluation of Article,"{""highlight"": true, ""version"": ""4"", ""hint_type"": """"}",a4e4cbb4-c8d2-487b-a39e-f809458c8798,T1.Q12,"Does the article exaggerate the importance of a relatively minor event, person, or group?",RADIO,,,nominal,"{""version"": ""4"", ""alpha_distance"": ""nominal"", ""require_one_or_more"": true, ""hint_type"": """"}",5,806aea26-1713-4f04-b2a7-3f3c2755e54e,T1.Q12.A4,Slightly,,0,1,"{""case_numbers"": true, ""highlight"": false, ""version"": ""4"", ""require_highlight"": true}"
Covid_Holisticv1.2,81f0137d4cfd132ce9019c58308d2675c4de86bac1dcadbf309af97c97d7cabe,01bd5dc4-343b-472a-afef-0888c758c27f,Holistic Evaluation of Article,"{""highlight"": true, ""version"": ""4"", ""hint_type"": """"}",a4e4cbb4-c8d2-487b-a39e-f809458c8798,T1.Q12,"Does the article exaggerate the importance of a relatively minor event, person, or group?",RADIO,,,nominal,"{""version"": ""4"", ""alpha_distance"": ""nominal"", ""require_one_or_more"": true, ""hint_type"": """"}",5,1ccec24c-b736-4fff-909f-3ef86ca193ab,T1.Q12.A5,Not at all,,0,1,"{""case_numbers"": true, ""highlight"": false, ""version"": ""4"", ""require_highlight"": true}"
Covid_Holisticv1.2,81f0137d4cfd132ce9019c58308d2675c4de86bac1dcadbf309af97c97d7cabe,01bd5dc4-343b-472a-afef-0888c758c27f,Holistic Evaluation of Article,"{""highlight"": true, ""version"": ""4"", ""hint_type"": """"}",246ea820-5176-4620-ada6-a215e2a29637,T1.Q13,How likely is this article to affect anyone’s behavior or beliefs?,RADIO,,,nominal,"{""version"": ""4"", ""alpha_distance"": ""nominal"", ""require_one_or_more"": true, ""hint_type"": """"}",5,43160303-d17c-481a-92d1-46758ff35fa2,T1.Q13.A1,Very Likely,,0,1,"{""case_numbers"": true, ""highlight"": false, ""version"": ""4"", ""require_highlight"": true}"
Covid_Holisticv1.2,81f0137d4cfd132ce9019c58308d2675c4de86bac1dcadbf309af97c97d7cabe,01bd5dc4-343b-472a-afef-0888c758c27f,Holistic Evaluation of Article,"{""highlight"": true, ""version"": ""4"", ""hint_type"": """"}",246ea820-5176-4620-ada6-a215e2a29637,T1.Q13,How likely is this article to affect anyone’s behavior or beliefs?,RADIO,,,nominal,"{""version"": ""4"", ""alpha_distance"": ""nominal"", ""require_one_or_more"": true, ""hint_type"": """"}",5,458acc8d-8d50-43bb-a25e-5426efaaff76,T1.Q13.A2,Somewhat Likely,,0,1,"{""case_numbers"": true, ""highlight"": false, ""version"": ""4"", ""require_highlight"": true}"
Covid_Holisticv1.2,81f0137d4cfd132ce9019c58308d2675c4de86bac1dcadbf309af97c97d7cabe,01bd5dc4-343b-472a-afef-0888c758c27f,Holistic Evaluation of Article,"{""highlight"": true, ""version"": ""4"", ""hint_type"": """"}",246ea820-5176-4620-ada6-a215e2a29637,T1.Q13,How likely is this article to affect anyone’s behavior or beliefs?,RADIO,,,nominal,"{""version"": ""4"", ""alpha_distance"": ""nominal"", ""require_one_or_more"": true, ""hint_type"": """"}",5,2571a14b-18c3-471c-a066-b71e00a516af,T1.Q13.A3,Don’t Know,,0,1,"{""case_numbers"": true, ""highlight"": false, ""version"": ""4"", ""require_highlight"": true}"
Covid_Holisticv1.2,81f0137d4cfd132ce9019c58308d2675c4de86bac1dcadbf309af97c97d7cabe,01bd5dc4-343b-472a-afef-0888c758c27f,Holistic Evaluation of Article,"{""highlight"": true, ""version"": ""4"", ""hint_type"": """"}",246ea820-5176-4620-ada6-a215e2a29637,T1.Q13,How likely is this article to affect anyone’s behavior or beliefs?,RADIO,,,nominal,"{""version"": ""4"", ""alpha_distance"": ""nominal"", ""require_one_or_more"": true, ""hint_type"": """"}",5,c8159825-0382-4300-bc1d-7b4ea110f346,T1.Q13.A4,Somewhat Unlikely,,0,1,"{""case_numbers"": true, ""highlight"": false, ""version"": ""4"", ""require_highlight"": true}"
Covid_Holisticv1.2,81f0137d4cfd132ce9019c58308d2675c4de86bac1dcadbf309af97c97d7cabe,01bd5dc4-343b-472a-afef-0888c758c27f,Holistic Evaluation of Article,"{""highlight"": true, ""version"": ""4"", ""hint_type"": """"}",246ea820-5176-4620-ada6-a215e2a29637,T1.Q13,How likely is this article to affect anyone’s behavior or beliefs?,RADIO,,,nominal,"{""version"": ""4"", ""alpha_distance"": ""nominal"", ""require_one_or_more"": true, ""hint_type"": """"}",5,34db75c1-cfe7-486b-8adb-2bc7e38cb3f2,T1.Q13.A5,Very Unlikely,,0,1,"{""case_numbers"": true, ""highlight"": false, ""version"": ""4"", ""require_highlight"": true}"
Covid_Holisticv1.2,81f0137d4cfd132ce9019c58308d2675c4de86bac1dcadbf309af97c97d7cabe,01bd5dc4-343b-472a-afef-0888c758c27f,Holistic Evaluation of Article,"{""highlight"": true, ""version"": ""4"", ""hint_type"": """"}",219d829d-daed-4a95-97d2-c6dce5f10be0,T1.Q14,Are there claims in the article that seem suspicious or wrong?,RADIO,,,nominal,"{""version"": ""4"", ""alpha_distance"": ""nominal"", ""require_one_or_more"": true, ""hint_type"": """"}",2,f4a0fed1-ecde-46e0-b517-8b31f99e15e5,T1.Q14.A1,No,,0,1,"{""case_numbers"": true, ""highlight"": false, ""version"": ""4"", ""require_highlight"": true}"
Covid_Holisticv1.2,81f0137d4cfd132ce9019c58308d2675c4de86bac1dcadbf309af97c97d7cabe,01bd5dc4-343b-472a-afef-0888c758c27f,Holistic Evaluation of Article,"{""highlight"": true, ""version"": ""4"", ""hint_type"": """"}",219d829d-daed-4a95-97d2-c6dce5f10be0,T1.Q14,Are there claims in the article that seem suspicious or wrong?,RADIO,,,nominal,"{""version"": ""4"", ""alpha_distance"": ""nominal"", ""require_one_or_more"": true, ""hint_type"": """"}",2,aae08aaa-be78-48b1-ad99-b19ee8ff3fa3,T1.Q14.A2,Yes (Please highlight them.),,1,1,"{""case_numbers"": true, ""highlight"": true, ""version"": ""4"", ""require_highlight"": true}"
Covid_Holisticv1.2,81f0137d4cfd132ce9019c58308d2675c4de86bac1dcadbf309af97c97d7cabe,01bd5dc4-343b-472a-afef-0888c758c27f,Holistic Evaluation of Article,"{""highlight"": true, ""version"": ""4"", ""hint_type"": """"}",715a067b-e114-43f3-9d67-3e9402e20d4d,T1.Q15,What is/are the problem/s with the suspicious claim/s?,CHECKBOX,,,nominal,"{""version"": ""4"", ""alpha_distance"": ""nominal"", ""require_one_or_more"": true, ""hint_type"": """"}",4,16689975-c664-403e-bac2-517192789609,T1.Q15.A1,The claim needs a fact check before readers can trust it.,,1,1,"{""case_numbers"": true, ""highlight"": true, ""version"": ""4"", ""require_highlight"": true}"
Covid_Holisticv1.2,81f0137d4cfd132ce9019c58308d2675c4de86bac1dcadbf309af97c97d7cabe,01bd5dc4-343b-472a-afef-0888c758c27f,Holistic Evaluation of Article,"{""highlight"": true, ""version"": ""4"", ""hint_type"": """"}",715a067b-e114-43f3-9d67-3e9402e20d4d,T1.Q15,What is/are the problem/s with the suspicious claim/s?,CHECKBOX,,,nominal,"{""version"": ""4"", ""alpha_distance"": ""nominal"", ""require_one_or_more"": true, ""hint_type"": """"}",4,cb3a1b93-aafa-4a92-bc79-aa70355b3dc6,T1.Q15.A2,The claim needs some more credible source/s to corroborate it.,,1,1,"{""case_numbers"": true, ""highlight"": true, ""version"": ""4"", ""require_highlight"": true}"
Covid_Holisticv1.2,81f0137d4cfd132ce9019c58308d2675c4de86bac1dcadbf309af97c97d7cabe,01bd5dc4-343b-472a-afef-0888c758c27f,Holistic Evaluation of Article,"{""highlight"": true, ""version"": ""4"", ""hint_type"": """"}",715a067b-e114-43f3-9d67-3e9402e20d4d,T1.Q15,What is/are the problem/s with the suspicious claim/s?,CHECKBOX,,,nominal,"{""version"": ""4"", ""alpha_distance"": ""nominal"", ""require_one_or_more"": true, ""hint_type"": """"}",4,a2a3db7b-25a1-4a37-bbc8-c8c9f65984bf,T1.Q15.A3,The author needs to more specifically describe the source making (or supporting) the claim so readers know how to evaluate the source's crediblity?,,1,1,"{""case_numbers"": true, ""highlight"": true, ""version"": ""4"", ""require_highlight"": true}"
Covid_Holisticv1.2,81f0137d4cfd132ce9019c58308d2675c4de86bac1dcadbf309af97c97d7cabe,01bd5dc4-343b-472a-afef-0888c758c27f,Holistic Evaluation of Article,"{""highlight"": true, ""version"": ""4"", ""hint_type"": """"}",715a067b-e114-43f3-9d67-3e9402e20d4d,T1.Q15,What is/are the problem/s with the suspicious claim/s?,CHECKBOX,,,nominal,"{""version"": ""4"", ""alpha_distance"": ""nominal"", ""require_one_or_more"": true, ""hint_type"": """"}",4,712346c8-03b3-46e8-98a8-3792a8b33954,T1.Q15.A4,Other,T1.Q16,1,1,"{""case_numbers"": true, ""highlight"": true, ""version"": ""4"", ""require_highlight"": true}"
Covid_Holisticv1.2,81f0137d4cfd132ce9019c58308d2675c4de86bac1dcadbf309af97c97d7cabe,01bd5dc4-343b-472a-afef-0888c758c27f,Holistic Evaluation of Article,"{""highlight"": true, ""version"": ""4"", ""hint_type"": """"}",33f87255-da89-4b88-8743-15fbc2d54d81,T1.Q16,You said there was some other reason the claim/s were suspicious. What are they?,TEXT,,,nominal,"{""version"": ""4"", ""alpha_distance"": ""nominal"", ""require_one_or_more"": true, ""hint_type"": """"}",1,4c273b48-88ce-4c78-bc3c-d03c2a0f21fd,T1.Q16.A1,placeholder answer for TEXT,,0,1,"{""case_numbers"": true, ""highlight"": false, ""version"": ""4"", ""require_highlight"": true}"
Covid_Holisticv1.2,81f0137d4cfd132ce9019c58308d2675c4de86bac1dcadbf309af97c97d7cabe,01bd5dc4-343b-472a-afef-0888c758c27f,Holistic Evaluation of Article,"{""highlight"": true, ""version"": ""4"", ""hint_type"": """"}",eb90008d-a340-46b4-aab2-abf9a25c9a69,T1.Q17,"How difficult was this task for you, on the whole?",RADIO,,,nominal,"{""version"": ""4"", ""alpha_distance"": ""nominal"", ""require_one_or_more"": true, ""hint_type"": """"}",10,1d3ce3b8-75f6-470c-b2f1-5638f30e5e07,T1.Q17.A1,1: Easier than anything I've ever done in a classroom setting,,0,1,"{""case_numbers"": true, ""highlight"": false, ""version"": ""4"", ""require_highlight"": true}"
Covid_Holisticv1.2,81f0137d4cfd132ce9019c58308d2675c4de86bac1dcadbf309af97c97d7cabe,01bd5dc4-343b-472a-afef-0888c758c27f,Holistic Evaluation of Article,"{""highlight"": true, ""version"": ""4"", ""hint_type"": """"}",eb90008d-a340-46b4-aab2-abf9a25c9a69,T1.Q17,"How difficult was this task for you, on the whole?",RADIO,,,nominal,"{""version"": ""4"", ""alpha_distance"": ""nominal"", ""require_one_or_more"": true, ""hint_type"": """"}",10,fc73efb8-759e-4d14-bb97-b773cdc6c5d1,T1.Q17.A2,2,,0,1,"{""case_numbers"": true, ""highlight"": false, ""version"": ""4"", ""require_highlight"": true}"
Covid_Holisticv1.2,81f0137d4cfd132ce9019c58308d2675c4de86bac1dcadbf309af97c97d7cabe,01bd5dc4-343b-472a-afef-0888c758c27f,Holistic Evaluation of Article,"{""highlight"": true, ""version"": ""4"", ""hint_type"": """"}",eb90008d-a340-46b4-aab2-abf9a25c9a69,T1.Q17,"How difficult was this task for you, on the whole?",RADIO,,,nominal,"{""version"": ""4"", ""alpha_distance"": ""nominal"", ""require_one_or_more"": true, ""hint_type"": """"}",10,32a148a5-0bfc-4c75-81db-7fbd295d89e6,T1.Q17.A3,3,,0,1,"{""case_numbers"": true, ""highlight"": false, ""version"": ""4"", ""require_highlight"": true}"
Covid_Holisticv1.2,81f0137d4cfd132ce9019c58308d2675c4de86bac1dcadbf309af97c97d7cabe,01bd5dc4-343b-472a-afef-0888c758c27f,Holistic Evaluation of Article,"{""highlight"": true, ""version"": ""4"", ""hint_type"": """"}",eb90008d-a340-46b4-aab2-abf9a25c9a69,T1.Q17,"How difficult was this task for you, on the whole?",RADIO,,,nominal,"{""version"": ""4"", ""alpha_distance"": ""nominal"", ""require_one_or_more"": true, ""hint_type"": """"}",10,8f4d302b-3718-431a-8cf2-0ce497d0fe78,T1.Q17.A4,4,,0,1,"{""case_numbers"": true, ""highlight"": false, ""version"": ""4"", ""require_highlight"": true}"
Covid_Holisticv1.2,81f0137d4cfd132ce9019c58308d2675c4de86bac1dcadbf309af97c97d7cabe,01bd5dc4-343b-472a-afef-0888c758c27f,Holistic Evaluation of Article,"{""highlight"": true, ""version"": ""4"", ""hint_type"": """"}",eb90008d-a340-46b4-aab2-abf9a25c9a69,T1.Q17,"How difficult was this task for you, on the whole?",RADIO,,,nominal,"{""version"": ""4"", ""alpha_distance"": ""nominal"", ""require_one_or_more"": true, ""hint_type"": """"}",10,e4c0690b-25bb-467a-9710-46c6db00a976,T1.Q17.A5,5: Middling difficulty,,0,1,"{""case_numbers"": true, ""highlight"": false, ""version"": ""4"", ""require_highlight"": true}"
Covid_Holisticv1.2,81f0137d4cfd132ce9019c58308d2675c4de86bac1dcadbf309af97c97d7cabe,01bd5dc4-343b-472a-afef-0888c758c27f,Holistic Evaluation of Article,"{""highlight"": true, ""version"": ""4"", ""hint_type"": """"}",eb90008d-a340-46b4-aab2-abf9a25c9a69,T1.Q17,"How difficult was this task for you, on the whole?",RADIO,,,nominal,"{""version"": ""4"", ""alpha_distance"": ""nominal"", ""require_one_or_more"": true, ""hint_type"": """"}",10,01819dc3-bedb-4877-b11c-a3e86d853336,T1.Q17.A6,6,,0,1,"{""case_numbers"": true, ""highlight"": false, ""version"": ""4"", ""require_highlight"": true}"
Covid_Holisticv1.2,81f0137d4cfd132ce9019c58308d2675c4de86bac1dcadbf309af97c97d7cabe,01bd5dc4-343b-472a-afef-0888c758c27f,Holistic Evaluation of Article,"{""highlight"": true, ""version"": ""4"", ""hint_type"": """"}",eb90008d-a340-46b4-aab2-abf9a25c9a69,T1.Q17,"How difficult was this task for you, on the whole?",RADIO,,,nominal,"{""version"": ""4"", ""alpha_distance"": ""nominal"", ""require_one_or_more"": true, ""hint_type"": """"}",10,8d72f510-82fa-4704-b872-6466b72dd4bb,T1.Q17.A7,7,,0,1,"{""case_numbers"": true, ""highlight"": false, ""version"": ""4"", ""require_highlight"": true}"
Covid_Holisticv1.2,81f0137d4cfd132ce9019c58308d2675c4de86bac1dcadbf309af97c97d7cabe,01bd5dc4-343b-472a-afef-0888c758c27f,Holistic Evaluation of Article,"{""highlight"": true, ""version"": ""4"", ""hint_type"": """"}",eb90008d-a340-46b4-aab2-abf9a25c9a69,T1.Q17,"How difficult was this task for you, on the whole?",RADIO,,,nominal,"{""version"": ""4"", ""alpha_distance"": ""nominal"", ""require_one_or_more"": true, ""hint_type"": """"}",10,3fe6e686-115b-48ea-8751-475776d3b8cb,T1.Q17.A8,8,,0,1,"{""case_numbers"": true, ""highlight"": false, ""version"": ""4"", ""require_highlight"": true}"
Covid_Holisticv1.2,81f0137d4cfd132ce9019c58308d2675c4de86bac1dcadbf309af97c97d7cabe,01bd5dc4-343b-472a-afef-0888c758c27f,Holistic Evaluation of Article,"{""highlight"": true, ""version"": ""4"", ""hint_type"": """"}",eb90008d-a340-46b4-aab2-abf9a25c9a69,T1.Q17,"How difficult was this task for you, on the whole?",RADIO,,,nominal,"{""version"": ""4"", ""alpha_distance"": ""nominal"", ""require_one_or_more"": true, ""hint_type"": """"}",10,9c0bf2e3-3409-4769-8f02-e7dbc273ecc9,T1.Q17.A9,9,,0,1,"{""case_numbers"": true, ""highlight"": false, ""version"": ""4"", ""require_highlight"": true}"
Covid_Holisticv1.2,81f0137d4cfd132ce9019c58308d2675c4de86bac1dcadbf309af97c97d7cabe,01bd5dc4-343b-472a-afef-0888c758c27f,Holistic Evaluation of Article,"{""highlight"": true, ""version"": ""4"", ""hint_type"": """"}",eb90008d-a340-46b4-aab2-abf9a25c9a69,T1.Q17,"How difficult was this task for you, on the whole?",RADIO,,,nominal,"{""version"": ""4"", ""alpha_distance"": ""nominal"", ""require_one_or_more"": true, ""hint_type"": """"}",10,cb187f0b-f465-47f7-bb28-287c0ae75fff,T1.Q17.A10,10: Harder than anything I've ever done in a classroom setting,,0,1,"{""case_numbers"": true, ""highlight"": false, ""version"": ""4"", ""require_highlight"": true}"
Covid_Holisticv1.2,81f0137d4cfd132ce9019c58308d2675c4de86bac1dcadbf309af97c97d7cabe,01bd5dc4-343b-472a-afef-0888c758c27f,Holistic Evaluation of Article,"{""highlight"": true, ""version"": ""4"", ""hint_type"": """"}",aa17b815-497a-4ce2-bc38-dc5bcdb1deb3,T1.Q18,"How confident are you about your answers, on the whole?",RADIO,,,nominal,"{""version"": ""4"", ""alpha_distance"": ""nominal"", ""require_one_or_more"": true, ""hint_type"": """"}",10,8969ddd4-90f9-4be1-8aff-9e771e722712,T1.Q18.A1,1: I was guessing randomly for everything,,0,1,"{""case_numbers"": true, ""highlight"": false, ""version"": ""4"", ""require_highlight"": true}"
Covid_Holisticv1.2,81f0137d4cfd132ce9019c58308d2675c4de86bac1dcadbf309af97c97d7cabe,01bd5dc4-343b-472a-afef-0888c758c27f,Holistic Evaluation of Article,"{""highlight"": true, ""version"": ""4"", ""hint_type"": """"}",aa17b815-497a-4ce2-bc38-dc5bcdb1deb3,T1.Q18,"How confident are you about your answers, on the whole?",RADIO,,,nominal,"{""version"": ""4"", ""alpha_distance"": ""nominal"", ""require_one_or_more"": true, ""hint_type"": """"}",10,a60ccd45-7ad3-49bd-8381-3028a41c5619,T1.Q18.A2,2,,0,1,"{""case_numbers"": true, ""highlight"": false, ""version"": ""4"", ""require_highlight"": true}"
Covid_Holisticv1.2,81f0137d4cfd132ce9019c58308d2675c4de86bac1dcadbf309af97c97d7cabe,01bd5dc4-343b-472a-afef-0888c758c27f,Holistic Evaluation of Article,"{""highlight"": true, ""version"": ""4"", ""hint_type"": """"}",aa17b815-497a-4ce2-bc38-dc5bcdb1deb3,T1.Q18,"How confident are you about your answers, on the whole?",RADIO,,,nominal,"{""version"": ""4"", ""alpha_distance"": ""nominal"", ""require_one_or_more"": true, ""hint_type"": """"}",10,7c86eea2-0b1f-4aa7-87d0-ace2f07a2ce7,T1.Q18.A3,3,,0,1,"{""case_numbers"": true, ""highlight"": false, ""version"": ""4"", ""require_highlight"": true}"
Covid_Holisticv1.2,81f0137d4cfd132ce9019c58308d2675c4de86bac1dcadbf309af97c97d7cabe,01bd5dc4-343b-472a-afef-0888c758c27f,Holistic Evaluation of Article,"{""highlight"": true, ""version"": ""4"", ""hint_type"": """"}",aa17b815-497a-4ce2-bc38-dc5bcdb1deb3,T1.Q18,"How confident are you about your answers, on the whole?",RADIO,,,nominal,"{""version"": ""4"", ""alpha_distance"": ""nominal"", ""require_one_or_more"": true, ""hint_type"": """"}",10,f0e7c84c-1fa3-4f38-aa70-d28a5c479e66,T1.Q18.A4,4,,0,1,"{""case_numbers"": true, ""highlight"": false, ""version"": ""4"", ""require_highlight"": true}"
Covid_Holisticv1.2,81f0137d4cfd132ce9019c58308d2675c4de86bac1dcadbf309af97c97d7cabe,01bd5dc4-343b-472a-afef-0888c758c27f,Holistic Evaluation of Article,"{""highlight"": true, ""version"": ""4"", ""hint_type"": """"}",aa17b815-497a-4ce2-bc38-dc5bcdb1deb3,T1.Q18,"How confident are you about your answers, on the whole?",RADIO,,,nominal,"{""version"": ""4"", ""alpha_distance"": ""nominal"", ""require_one_or_more"": true, ""hint_type"": """"}",10,c3d56480-0660-46c4-8efa-c949057b8d77,T1.Q18.A5,5: 50-50,,0,1,"{""case_numbers"": true, ""highlight"": false, ""version"": ""4"", ""require_highlight"": true}"
Covid_Holisticv1.2,81f0137d4cfd132ce9019c58308d2675c4de86bac1dcadbf309af97c97d7cabe,01bd5dc4-343b-472a-afef-0888c758c27f,Holistic Evaluation of Article,"{""highlight"": true, ""version"": ""4"", ""hint_type"": """"}",aa17b815-497a-4ce2-bc38-dc5bcdb1deb3,T1.Q18,"How confident are you about your answers, on the whole?",RADIO,,,nominal,"{""version"": ""4"", ""alpha_distance"": ""nominal"", ""require_one_or_more"": true, ""hint_type"": """"}",10,02620677-4aa3-4fec-ac47-3a5fb6a6e6cf,T1.Q18.A6,6,,0,1,"{""case_numbers"": true, ""highlight"": false, ""version"": ""4"", ""require_highlight"": true}"
Covid_Holisticv1.2,81f0137d4cfd132ce9019c58308d2675c4de86bac1dcadbf309af97c97d7cabe,01bd5dc4-343b-472a-afef-0888c758c27f,Holistic Evaluation of Article,"{""highlight"": true, ""version"": ""4"", ""hint_type"": """"}",aa17b815-497a-4ce2-bc38-dc5bcdb1deb3,T1.Q18,"How confident are you about your answers, on the whole?",RADIO,,,nominal,"{""version"": ""4"", ""alpha_distance"": ""nominal"", ""require_one_or_more"": true, ""hint_type"": """"}",10,b0641d6b-ddad-49b6-9ad7-c7ce1485a0dc,T1.Q18.A7,7,,0,1,"{""case_numbers"": true, ""highlight"": false, ""version"": ""4"", ""require_highlight"": true}"
Covid_Holisticv1.2,81f0137d4cfd132ce9019c58308d2675c4de86bac1dcadbf309af97c97d7cabe,01bd5dc4-343b-472a-afef-0888c758c27f,Holistic Evaluation of Article,"{""highlight"": true, ""version"": ""4"", ""hint_type"": """"}",aa17b815-497a-4ce2-bc38-dc5bcdb1deb3,T1.Q18,"How confident are you about your answers, on the whole?",RADIO,,,nominal,"{""version"": ""4"", ""alpha_distance"": ""nominal"", ""require_one_or_more"": true, ""hint_type"": """"}",10,e5a0a91b-78f0-46e7-ab59-78503ac0ef9f,T1.Q18.A8,8,,0,1,"{""case_numbers"": true, ""highlight"": false, ""version"": ""4"", ""require_highlight"": true}"
Covid_Holisticv1.2,81f0137d4cfd132ce9019c58308d2675c4de86bac1dcadbf309af97c97d7cabe,01bd5dc4-343b-472a-afef-0888c758c27f,Holistic Evaluation of Article,"{""highlight"": true, ""version"": ""4"", ""hint_type"": """"}",aa17b815-497a-4ce2-bc38-dc5bcdb1deb3,T1.Q18,"How confident are you about your answers, on the whole?",RADIO,,,nominal,"{""version"": ""4"", ""alpha_distance"": ""nominal"", ""require_one_or_more"": true, ""hint_type"": """"}",10,dd9c1c5f-d92e-4433-8361-7c8a30ba48a5,T1.Q18.A9,9,,0,1,"{""case_numbers"": true, ""highlight"": false, ""version"": ""4"", ""require_highlight"": true}"
Covid_Holisticv1.2,81f0137d4cfd132ce9019c58308d2675c4de86bac1dcadbf309af97c97d7cabe,01bd5dc4-343b-472a-afef-0888c758c27f,Holistic Evaluation of Article,"{""highlight"": true, ""version"": ""4"", ""hint_type"": """"}",aa17b815-497a-4ce2-bc38-dc5bcdb1deb3,T1.Q18,"How confident are you about your answers, on the whole?",RADIO,,,nominal,"{""version"": ""4"", ""alpha_distance"": ""nominal"", ""require_one_or_more"": true, ""hint_type"": """"}",10,85f1fbbe-c509-4853-8907-ffc5c59438b8,T1.Q18.A10,10: 100% certain about all my answers,,0,1,"{""case_numbers"": true, ""highlight"": false, ""version"": ""4"", ""require_highlight"": true}"
