namespace,schema_sha256,topic_uuid,topic_name,topic_options,question_uuid,question_label,question_text,question_type,question_hint_type,question_next_questions,alpha_distance,question_options,answer_count,answer_uuid,answer_label,answer_content,answer_next_questions,highlight,require_highlight,answer_options
Covid_Sources_2002_03_20v2.1,a6b4870c9329437fdad00a93adde41702f8693f96167ef4198b7d68912b699c4,daed9911-8870-4b20-ab48-ac46941e6a02,Quote Source Relevance,"{""highlight"": true, ""version"": ""4"", ""hint_type"": """"}",e7ac54a1-b5c7-4e11-a7c3-2b9157675d69,T1.Q1,Why is the source being quoted?,CHECKBOX,,,nominal,"{""version"": ""4"", ""alpha_distance"": ""nominal"", ""require_one_or_more"": true, ""hint_type"": """"}",2,cb44583b-2234-463b-a084-1daaf1890d88,T1.Q1.A1,"What the source has said or written is newsworthy by itself. It is important, interesting, and/or meaningful to some newsreaders.",,0,1,"{""case_numbers"": false, ""highlight"": false, ""version"": ""4"", ""require_highlight"": true}"
Covid_Sources_2002_03_20v2.1,a6b4870c9329437fdad00a93adde41702f8693f96167ef4198b7d68912b699c4,daed9911-8870-4b20-ab48-ac46941e6a02,Quote Source Relevance,"{""highlight"": true, ""version"": ""4"", ""hint_type"": """"}",e7ac54a1-b5c7-4e11-a7c3-2b9157675d69,T1.Q1,Why is the source being quoted?,CHECKBOX,,,nominal,"{""version"": ""4"", ""alpha_distance"": ""nominal"", ""require_one_or_more"": true, ""hint_type"": """"}",2,02b19f99-74a1-44a8-bfe3-8efd4b016a97,T1.Q1.A2,"The source is offering commentary, explanation, judgment, or context about something newsworthy.",,0,1,"{""case_numbers"": false, ""highlight"": false, ""version"": ""4"", ""require_highlight"": true}"
Covid_Sources_2002_03_20v2.1,a6b4870c9329437fdad00a93adde41702f8693f96167ef4198b7d68912b699c4,daed9911-8870-4b20-ab48-ac46941e6a02,Quote Source Relevance,"{""highlight"": true, ""version"": ""4"", ""hint_type"": """"}",e66f6f7e-27e8-43d9-b037-11ecbee25ca1,T1.Q2,Does the experience/knowledge/position of the quoted source qualify them to speak or write such claims?,RADIO,,,nominal,"{""version"": ""4"", ""alpha_distance"": ""nominal"", ""require_one_or_more"": true, ""hint_type"": """"}",8,0d9f8841-407c-43af-8103-486c2c6aab56,T1.Q2.A1,"Yes, definitely",,0,1,"{""case_numbers"": false, ""highlight"": false, ""version"": ""4"", ""require_highlight"": true}"
Covid_Sources_2002_03_20v2.1,a6b4870c9329437fdad00a93adde41702f8693f96167ef4198b7d68912b699c4,daed9911-8870-4b20-ab48-ac46941e6a02,Quote Source Relevance,"{""highlight"": true, ""version"": ""4"", ""hint_type"": """"}",e66f6f7e-27e8-43d9-b037-11ecbee25ca1,T1.Q2,Does the experience/knowledge/position of the quoted source qualify them to speak or write such claims?,RADIO,,,nominal,"{""version"": ""4"", ""alpha_distance"": ""nominal"", ""require_one_or_more"": true, ""hint_type"": """"}",8,fd35ec7d-6745-4fc7-a330-7768977eb58f,T1.Q2.A2,Yes,,0,1,"{""case_numbers"": false, ""highlight"": false, ""version"": ""4"", ""require_highlight"": true}"
Covid_Sources_2002_03_20v2.1,a6b4870c9329437fdad00a93adde41702f8693f96167ef4198b7d68912b699c4,daed9911-8870-4b20-ab48-ac46941e6a02,Quote Source Relevance,"{""highlight"": true, ""version"": ""4"", ""hint_type"": """"}",e66f6f7e-27e8-43d9-b037-11ecbee25ca1,T1.Q2,Does the experience/knowledge/position of the quoted source qualify them to speak or write such claims?,RADIO,,,nominal,"{""version"": ""4"", ""alpha_distance"": ""nominal"", ""require_one_or_more"": true, ""hint_type"": """"}",8,bfb4ba57-2b15-408e-9a89-553d0e2ecc9d,T1.Q2.A3,"Somewhat, yes",,0,1,"{""case_numbers"": false, ""highlight"": false, ""version"": ""4"", ""require_highlight"": true}"
Covid_Sources_2002_03_20v2.1,a6b4870c9329437fdad00a93adde41702f8693f96167ef4198b7d68912b699c4,daed9911-8870-4b20-ab48-ac46941e6a02,Quote Source Relevance,"{""highlight"": true, ""version"": ""4"", ""hint_type"": """"}",e66f6f7e-27e8-43d9-b037-11ecbee25ca1,T1.Q2,Does the experience/knowledge/position of the quoted source qualify them to speak or write such claims?,RADIO,,,nominal,"{""version"": ""4"", ""alpha_distance"": ""nominal"", ""require_one_or_more"": true, ""hint_type"": """"}",8,61660ddc-522c-4d10-a594-a90b89ad3233,T1.Q2.A4,Barely,,0,1,"{""case_numbers"": false, ""highlight"": false, ""version"": ""4"", ""require_highlight"": true}"
Covid_Sources_2002_03_20v2.1,a6b4870c9329437fdad00a93adde41702f8693f96167ef4198b7d68912b699c4,daed9911-8870-4b20-ab48-ac46941e6a02,Quote Source Relevance,"{""highlight"": true, ""version"": ""4"", ""hint_type"": """"}",e66f6f7e-27e8-43d9-b037-11ecbee25ca1,T1.Q2,Does the experience/knowledge/position of the quoted source qualify them to speak or write such claims?,RADIO,,,nominal,"{""version"": ""4"", ""alpha_distance"": ""nominal"", ""require_one_or_more"": true, ""hint_type"": """"}",8,5af878ea-0efd-4ea4-9ee9-9f2f496df7ec,T1.Q2.A5,There's no way to know based on the information given,,0,1,"{""case_numbers"": false, ""highlight"": false, ""version"": ""4"", ""require_highlight"": true}"
Covid_Sources_2002_03_20v2.1,a6b4870c9329437fdad00a93adde41702f8693f96167ef4198b7d68912b699c4,daed9911-8870-4b20-ab48-ac46941e6a02,Quote Source Relevance,"{""highlight"": true, ""version"": ""4"", ""hint_type"": """"}",e66f6f7e-27e8-43d9-b037-11ecbee25ca1,T1.Q2,Does the experience/knowledge/position of the quoted source qualify them to speak or write such claims?,RADIO,,,nominal,"{""version"": ""4"", ""alpha_distance"": ""nominal"", ""require_one_or_more"": true, ""hint_type"": """"}",8,1c658b4c-ef1d-443b-bf41-5bc5019ad7a4,T1.Q2.A6,Not really,,0,1,"{""case_numbers"": false, ""highlight"": false, ""version"": ""4"", ""require_highlight"": true}"
Covid_Sources_2002_03_20v2.1,a6b4870c9329437fdad00a93adde41702f8693f96167ef4198b7d68912b699c4,daed9911-8870-4b20-ab48-ac46941e6a02,Quote Source Relevance,"{""highlight"": true, ""version"": ""4"", ""hint_type"": """"}",e66f6f7e-27e8-43d9-b037-11ecbee25ca1,T1.Q2,Does the experience/knowledge/position of the quoted source qualify them to speak or write such claims?,RADIO,,,nominal,"{""version"": ""4"", ""alpha_distance"": ""nominal"", ""require_one_or_more"": true, ""hint_type"": """"}",8,ea5a00f8-1bec-42fc-8e0d-9f1defd8c024,T1.Q2.A7,Not at all,,0,1,"{""case_numbers"": false, ""highlight"": false, ""version"": ""4"", ""require_highlight"": true}"
Covid_Sources_2002_03_20v2.1,a6b4870c9329437fdad00a93adde41702f8693f96167ef4198b7d68912b699c4,daed9911-8870-4b20-ab48-ac46941e6a02,Quote Source Relevance,"{""highlight"": true, ""version"": ""4"", ""hint_type"": """"}",e66f6f7e-27e8-43d9-b037-11ecbee25ca1,T1.Q2,Does the experience/knowledge/position of the quoted source qualify them to speak or write such claims?,RADIO,,,nominal,"{""version"": ""4"", ""alpha_distance"": ""nominal"", ""require_one_or_more"": true, ""hint_type"": """"}",8,785bf454-ffda-4782-93d7-ba37040e0812,T1.Q2.A8,Their experience/knowledge/position disqualifies them from making such claims,,0,1,"{""case_numbers"": false, ""highlight"": false, ""version"": ""4"", ""require_highlight"": true}"
Covid_Sources_2002_03_20v2.1,a6b4870c9329437fdad00a93adde41702f8693f96167ef4198b7d68912b699c4,daed9911-8870-4b20-ab48-ac46941e6a02,Quote Source Relevance,"{""highlight"": true, ""version"": ""4"", ""hint_type"": """"}",bd653117-e0ee-492a-9f4e-1fc698f242e1,T1.Q3,Is the source anonymous or unnamed?,RADIO,,,nominal,"{""version"": ""4"", ""alpha_distance"": ""nominal"", ""require_one_or_more"": true, ""hint_type"": """"}",2,465ce63e-b0b9-412c-9762-390522d83f87,T1.Q3.A1,Yes,T1.Q4,0,1,"{""case_numbers"": false, ""highlight"": false, ""version"": ""4"", ""require_highlight"": true}"
Covid_Sources_2002_03_20v2.1,a6b4870c9329437fdad00a93adde41702f8693f96167ef4198b7d68912b699c4,daed9911-8870-4b20-ab48-ac46941e6a02,Quote Source Relevance,"{""highlight"": true, ""version"": ""4"", ""hint_type"": """"}",bd653117-e0ee-492a-9f4e-1fc698f242e1,T1.Q3,Is the source anonymous or unnamed?,RADIO,,,nominal,"{""version"": ""4"", ""alpha_distance"": ""nominal"", ""require_one_or_more"": true, ""hint_type"": """"}",2,830590a6-c418-4ac8-ae04-a37ef06981a1,T1.Q3.A2,No,,0,1,"{""case_numbers"": false, ""highlight"": false, ""version"": ""4"", ""require_highlight"": true}"
Covid_Sources_2002_03_20v2.1,a6b4870c9329437fdad00a93adde41702f8693f96167ef4198b7d68912b699c4,daed9911-8870-4b20-ab48-ac46941e6a02,Quote Source Relevance,"{""highlight"": true, ""version"": ""4"", ""hint_type"": """"}",5bf42187-390f-487e-ab57-ca3134bb3590,T1.Q4,Has the author indicated why the source is unnamed?,CHECKBOX,,,nominal,"{""version"": ""4"", ""alpha_distance"": ""nominal"", ""require_one_or_more"": true, ""hint_type"": """"}",9,2a6afb3b-4d56-4789-9604-393b55a3f836,T1.Q4.A1,No,,0,1,"{""case_numbers"": false, ""highlight"": false, ""version"": ""4"", ""require_highlight"": true}"
Covid_Sources_2002_03_20v2.1,a6b4870c9329437fdad00a93adde41702f8693f96167ef4198b7d68912b699c4,daed9911-8870-4b20-ab48-ac46941e6a02,Quote Source Relevance,"{""highlight"": true, ""version"": ""4"", ""hint_type"": """"}",5bf42187-390f-487e-ab57-ca3134bb3590,T1.Q4,Has the author indicated why the source is unnamed?,CHECKBOX,,,nominal,"{""version"": ""4"", ""alpha_distance"": ""nominal"", ""require_one_or_more"": true, ""hint_type"": """"}",9,177cff86-dbeb-4723-8d85-b2a245659ee3,T1.Q4.A2,To protect national security,,1,1,"{""case_numbers"": false, ""highlight"": true, ""version"": ""4"", ""require_highlight"": true}"
Covid_Sources_2002_03_20v2.1,a6b4870c9329437fdad00a93adde41702f8693f96167ef4198b7d68912b699c4,daed9911-8870-4b20-ab48-ac46941e6a02,Quote Source Relevance,"{""highlight"": true, ""version"": ""4"", ""hint_type"": """"}",5bf42187-390f-487e-ab57-ca3134bb3590,T1.Q4,Has the author indicated why the source is unnamed?,CHECKBOX,,,nominal,"{""version"": ""4"", ""alpha_distance"": ""nominal"", ""require_one_or_more"": true, ""hint_type"": """"}",9,94b642dc-2ba8-423b-8b67-59219374980a,T1.Q4.A3,To protect an ongoing investigation/inquiry,,1,1,"{""case_numbers"": false, ""highlight"": true, ""version"": ""4"", ""require_highlight"": true}"
Covid_Sources_2002_03_20v2.1,a6b4870c9329437fdad00a93adde41702f8693f96167ef4198b7d68912b699c4,daed9911-8870-4b20-ab48-ac46941e6a02,Quote Source Relevance,"{""highlight"": true, ""version"": ""4"", ""hint_type"": """"}",5bf42187-390f-487e-ab57-ca3134bb3590,T1.Q4,Has the author indicated why the source is unnamed?,CHECKBOX,,,nominal,"{""version"": ""4"", ""alpha_distance"": ""nominal"", ""require_one_or_more"": true, ""hint_type"": """"}",9,ac5be5b4-814f-4168-a24d-1d9f8cd138cc,T1.Q4.A4,To protect the privacy of victims,,1,1,"{""case_numbers"": false, ""highlight"": true, ""version"": ""4"", ""require_highlight"": true}"
Covid_Sources_2002_03_20v2.1,a6b4870c9329437fdad00a93adde41702f8693f96167ef4198b7d68912b699c4,daed9911-8870-4b20-ab48-ac46941e6a02,Quote Source Relevance,"{""highlight"": true, ""version"": ""4"", ""hint_type"": """"}",5bf42187-390f-487e-ab57-ca3134bb3590,T1.Q4,Has the author indicated why the source is unnamed?,CHECKBOX,,,nominal,"{""version"": ""4"", ""alpha_distance"": ""nominal"", ""require_one_or_more"": true, ""hint_type"": """"}",9,bc3ddbe1-019d-430c-ad2b-e067b65ec651,T1.Q4.A5,To protect the privacy of family members,,1,1,"{""case_numbers"": false, ""highlight"": true, ""version"": ""4"", ""require_highlight"": true}"
Covid_Sources_2002_03_20v2.1,a6b4870c9329437fdad00a93adde41702f8693f96167ef4198b7d68912b699c4,daed9911-8870-4b20-ab48-ac46941e6a02,Quote Source Relevance,"{""highlight"": true, ""version"": ""4"", ""hint_type"": """"}",5bf42187-390f-487e-ab57-ca3134bb3590,T1.Q4,Has the author indicated why the source is unnamed?,CHECKBOX,,,nominal,"{""version"": ""4"", ""alpha_distance"": ""nominal"", ""require_one_or_more"": true, ""hint_type"": """"}",9,baacd2d8-82d2-45ae-a453-aed9f87aeab2,T1.Q4.A6,So the source can speak freely or candidly,,1,1,"{""case_numbers"": false, ""highlight"": true, ""version"": ""4"", ""require_highlight"": true}"
Covid_Sources_2002_03_20v2.1,a6b4870c9329437fdad00a93adde41702f8693f96167ef4198b7d68912b699c4,daed9911-8870-4b20-ab48-ac46941e6a02,Quote Source Relevance,"{""highlight"": true, ""version"": ""4"", ""hint_type"": """"}",5bf42187-390f-487e-ab57-ca3134bb3590,T1.Q4,Has the author indicated why the source is unnamed?,CHECKBOX,,,nominal,"{""version"": ""4"", ""alpha_distance"": ""nominal"", ""require_one_or_more"": true, ""hint_type"": """"}",9,82d649fe-3096-4ad5-9b8c-912c1910b869,T1.Q4.A7,Because the source is not supposed to be speaking to reporters,,1,1,"{""case_numbers"": false, ""highlight"": true, ""version"": ""4"", ""require_highlight"": true}"
Covid_Sources_2002_03_20v2.1,a6b4870c9329437fdad00a93adde41702f8693f96167ef4198b7d68912b699c4,daed9911-8870-4b20-ab48-ac46941e6a02,Quote Source Relevance,"{""highlight"": true, ""version"": ""4"", ""hint_type"": """"}",5bf42187-390f-487e-ab57-ca3134bb3590,T1.Q4,Has the author indicated why the source is unnamed?,CHECKBOX,,,nominal,"{""version"": ""4"", ""alpha_distance"": ""nominal"", ""require_one_or_more"": true, ""hint_type"": """"}",9,0cf1a8a0-64bd-45d6-8a6c-2a64e4341cc1,T1.Q4.A8,Because the source is a whistleblower,,1,1,"{""case_numbers"": false, ""highlight"": true, ""version"": ""4"", ""require_highlight"": true}"
Covid_Sources_2002_03_20v2.1,a6b4870c9329437fdad00a93adde41702f8693f96167ef4198b7d68912b699c4,daed9911-8870-4b20-ab48-ac46941e6a02,Quote Source Relevance,"{""highlight"": true, ""version"": ""4"", ""hint_type"": """"}",5bf42187-390f-487e-ab57-ca3134bb3590,T1.Q4,Has the author indicated why the source is unnamed?,CHECKBOX,,,nominal,"{""version"": ""4"", ""alpha_distance"": ""nominal"", ""require_one_or_more"": true, ""hint_type"": """"}",9,d6ca1bb9-4d77-4226-864b-e2b25a7f780a,T1.Q4.A9,Other (please highlight),,1,1,"{""case_numbers"": false, ""highlight"": true, ""version"": ""4"", ""require_highlight"": true}"
Covid_Sources_2002_03_20v2.1,a6b4870c9329437fdad00a93adde41702f8693f96167ef4198b7d68912b699c4,daed9911-8870-4b20-ab48-ac46941e6a02,Quote Source Relevance,"{""highlight"": true, ""version"": ""4"", ""hint_type"": """"}",a7bb02ad-3734-49d0-b8ba-80a17462700b,T1.Q5,Highlight all the ways the source is described ...(check & highlight all that apply),CHECKBOX,,,nominal,"{""version"": ""4"", ""alpha_distance"": ""nominal"", ""require_one_or_more"": true, ""hint_type"": """"}",9,f2c0db3e-4b58-4d01-a6b2-de7f16e7aebd,T1.Q5.A1,"Honorific (e.g. Mr. Mrs., Dr.)",,1,1,"{""case_numbers"": false, ""highlight"": true, ""version"": ""4"", ""require_highlight"": true}"
Covid_Sources_2002_03_20v2.1,a6b4870c9329437fdad00a93adde41702f8693f96167ef4198b7d68912b699c4,daed9911-8870-4b20-ab48-ac46941e6a02,Quote Source Relevance,"{""highlight"": true, ""version"": ""4"", ""hint_type"": """"}",a7bb02ad-3734-49d0-b8ba-80a17462700b,T1.Q5,Highlight all the ways the source is described ...(check & highlight all that apply),CHECKBOX,,,nominal,"{""version"": ""4"", ""alpha_distance"": ""nominal"", ""require_one_or_more"": true, ""hint_type"": """"}",9,ce605c86-4fbc-4cab-a138-d372fe03d391,T1.Q5.A2,"Title, role, or position (e.g. ""Professor of Paleontology"")",,1,1,"{""case_numbers"": false, ""highlight"": true, ""version"": ""4"", ""require_highlight"": true}"
Covid_Sources_2002_03_20v2.1,a6b4870c9329437fdad00a93adde41702f8693f96167ef4198b7d68912b699c4,daed9911-8870-4b20-ab48-ac46941e6a02,Quote Source Relevance,"{""highlight"": true, ""version"": ""4"", ""hint_type"": """"}",a7bb02ad-3734-49d0-b8ba-80a17462700b,T1.Q5,Highlight all the ways the source is described ...(check & highlight all that apply),CHECKBOX,,,nominal,"{""version"": ""4"", ""alpha_distance"": ""nominal"", ""require_one_or_more"": true, ""hint_type"": """"}",9,853e3aa2-66a5-43cc-8bf0-52734b226f92,T1.Q5.A3,"First name (e.g. ""Jon"")",,1,1,"{""case_numbers"": false, ""highlight"": true, ""version"": ""4"", ""require_highlight"": true}"
Covid_Sources_2002_03_20v2.1,a6b4870c9329437fdad00a93adde41702f8693f96167ef4198b7d68912b699c4,daed9911-8870-4b20-ab48-ac46941e6a02,Quote Source Relevance,"{""highlight"": true, ""version"": ""4"", ""hint_type"": """"}",a7bb02ad-3734-49d0-b8ba-80a17462700b,T1.Q5,Highlight all the ways the source is described ...(check & highlight all that apply),CHECKBOX,,,nominal,"{""version"": ""4"", ""alpha_distance"": ""nominal"", ""require_one_or_more"": true, ""hint_type"": """"}",9,06af4025-299a-4b5b-b4d7-5be8b5a61642,T1.Q5.A4,Middle name or initial,,1,1,"{""case_numbers"": false, ""highlight"": true, ""version"": ""4"", ""require_highlight"": true}"
Covid_Sources_2002_03_20v2.1,a6b4870c9329437fdad00a93adde41702f8693f96167ef4198b7d68912b699c4,daed9911-8870-4b20-ab48-ac46941e6a02,Quote Source Relevance,"{""highlight"": true, ""version"": ""4"", ""hint_type"": """"}",a7bb02ad-3734-49d0-b8ba-80a17462700b,T1.Q5,Highlight all the ways the source is described ...(check & highlight all that apply),CHECKBOX,,,nominal,"{""version"": ""4"", ""alpha_distance"": ""nominal"", ""require_one_or_more"": true, ""hint_type"": """"}",9,7cc2e40b-10cc-4390-bf1b-9b74dbdc7195,T1.Q5.A5,"Last name (e.g. ""Snow"")",,1,1,"{""case_numbers"": false, ""highlight"": true, ""version"": ""4"", ""require_highlight"": true}"
Covid_Sources_2002_03_20v2.1,a6b4870c9329437fdad00a93adde41702f8693f96167ef4198b7d68912b699c4,daed9911-8870-4b20-ab48-ac46941e6a02,Quote Source Relevance,"{""highlight"": true, ""version"": ""4"", ""hint_type"": """"}",a7bb02ad-3734-49d0-b8ba-80a17462700b,T1.Q5,Highlight all the ways the source is described ...(check & highlight all that apply),CHECKBOX,,,nominal,"{""version"": ""4"", ""alpha_distance"": ""nominal"", ""require_one_or_more"": true, ""hint_type"": """"}",9,38facd55-9bda-4907-aad4-9b956563e6c7,T1.Q5.A6,"Other description of person (e.g. ""Boston's favorite ice cream heiress"")",,1,1,"{""case_numbers"": false, ""highlight"": true, ""version"": ""4"", ""require_highlight"": true}"
Covid_Sources_2002_03_20v2.1,a6b4870c9329437fdad00a93adde41702f8693f96167ef4198b7d68912b699c4,daed9911-8870-4b20-ab48-ac46941e6a02,Quote Source Relevance,"{""highlight"": true, ""version"": ""4"", ""hint_type"": """"}",a7bb02ad-3734-49d0-b8ba-80a17462700b,T1.Q5,Highlight all the ways the source is described ...(check & highlight all that apply),CHECKBOX,,,nominal,"{""version"": ""4"", ""alpha_distance"": ""nominal"", ""require_one_or_more"": true, ""hint_type"": """"}",9,b769a715-d94f-40c0-819e-7583c8d74f5e,T1.Q5.A7,"Organization (e.g. ""from House Stark"" or ""of the University of Lichfield"")",,1,1,"{""case_numbers"": false, ""highlight"": true, ""version"": ""4"", ""require_highlight"": true}"
Covid_Sources_2002_03_20v2.1,a6b4870c9329437fdad00a93adde41702f8693f96167ef4198b7d68912b699c4,daed9911-8870-4b20-ab48-ac46941e6a02,Quote Source Relevance,"{""highlight"": true, ""version"": ""4"", ""hint_type"": """"}",a7bb02ad-3734-49d0-b8ba-80a17462700b,T1.Q5,Highlight all the ways the source is described ...(check & highlight all that apply),CHECKBOX,,,nominal,"{""version"": ""4"", ""alpha_distance"": ""nominal"", ""require_one_or_more"": true, ""hint_type"": """"}",9,953acbf2-da29-452d-a081-f06c7ea8a359,T1.Q5.A8,"Description of Organization (i.e. ""a Springfield institution"")",,1,1,"{""case_numbers"": false, ""highlight"": true, ""version"": ""4"", ""require_highlight"": true}"
Covid_Sources_2002_03_20v2.1,a6b4870c9329437fdad00a93adde41702f8693f96167ef4198b7d68912b699c4,daed9911-8870-4b20-ab48-ac46941e6a02,Quote Source Relevance,"{""highlight"": true, ""version"": ""4"", ""hint_type"": """"}",a7bb02ad-3734-49d0-b8ba-80a17462700b,T1.Q5,Highlight all the ways the source is described ...(check & highlight all that apply),CHECKBOX,,,nominal,"{""version"": ""4"", ""alpha_distance"": ""nominal"", ""require_one_or_more"": true, ""hint_type"": """"}",9,fcd891a5-40a2-4af0-bfbf-c609d91958a6,T1.Q5.A9,"Only a vague description (e.g. ""experts say ..."")",,1,1,"{""case_numbers"": false, ""highlight"": true, ""version"": ""4"", ""require_highlight"": true}"
Covid_Sources_2002_03_20v2.1,a6b4870c9329437fdad00a93adde41702f8693f96167ef4198b7d68912b699c4,daed9911-8870-4b20-ab48-ac46941e6a02,Quote Source Relevance,"{""highlight"": true, ""version"": ""4"", ""hint_type"": """"}",fd1d28ad-b310-4e84-9e0e-1e4ed6d14731,T1.Q6,"Using the highlighter options below, indicate which portions of the bolded text are:",CHECKBOX,,,nominal,"{""version"": ""4"", ""alpha_distance"": ""nominal"", ""require_one_or_more"": true, ""hint_type"": """"}",2,fd3e139d-e365-488f-97c3-4a4131f238e2,T1.Q6.A1,Direct quote,,1,1,"{""case_numbers"": false, ""highlight"": true, ""version"": ""4"", ""require_highlight"": true}"
Covid_Sources_2002_03_20v2.1,a6b4870c9329437fdad00a93adde41702f8693f96167ef4198b7d68912b699c4,daed9911-8870-4b20-ab48-ac46941e6a02,Quote Source Relevance,"{""highlight"": true, ""version"": ""4"", ""hint_type"": """"}",fd1d28ad-b310-4e84-9e0e-1e4ed6d14731,T1.Q6,"Using the highlighter options below, indicate which portions of the bolded text are:",CHECKBOX,,,nominal,"{""version"": ""4"", ""alpha_distance"": ""nominal"", ""require_one_or_more"": true, ""hint_type"": """"}",2,557c5d51-1a69-4168-a738-c69eeb0faee8,T1.Q6.A2,Paraphrase,,1,1,"{""case_numbers"": false, ""highlight"": true, ""version"": ""4"", ""require_highlight"": true}"
Covid_Sources_2002_03_20v2.1,a6b4870c9329437fdad00a93adde41702f8693f96167ef4198b7d68912b699c4,daed9911-8870-4b20-ab48-ac46941e6a02,Quote Source Relevance,"{""highlight"": true, ""version"": ""4"", ""hint_type"": """"}",8c1b4b2c-d251-4dc9-aa2d-6566c5f6f35c,T1.Q7,"Using the highlight options below, indicate how the quotes/paraphrases were gathered by the reporter:",CHECKBOX,,,nominal,"{""version"": ""4"", ""alpha_distance"": ""nominal"", ""require_one_or_more"": true, ""hint_type"": """"}",6,2e00d759-6c1c-46c3-81e0-e281136f9382,T1.Q7.A1,Spoken directly to the reporter,,1,1,"{""case_numbers"": false, ""highlight"": true, ""version"": ""4"", ""require_highlight"": true}"
Covid_Sources_2002_03_20v2.1,a6b4870c9329437fdad00a93adde41702f8693f96167ef4198b7d68912b699c4,daed9911-8870-4b20-ab48-ac46941e6a02,Quote Source Relevance,"{""highlight"": true, ""version"": ""4"", ""hint_type"": """"}",8c1b4b2c-d251-4dc9-aa2d-6566c5f6f35c,T1.Q7,"Using the highlight options below, indicate how the quotes/paraphrases were gathered by the reporter:",CHECKBOX,,,nominal,"{""version"": ""4"", ""alpha_distance"": ""nominal"", ""require_one_or_more"": true, ""hint_type"": """"}",6,d1a7303b-ad6f-41ad-863e-e951b843e484,T1.Q7.A2,Spoken into a video and/or audio recording device,,1,1,"{""case_numbers"": false, ""highlight"": true, ""version"": ""4"", ""require_highlight"": true}"
Covid_Sources_2002_03_20v2.1,a6b4870c9329437fdad00a93adde41702f8693f96167ef4198b7d68912b699c4,daed9911-8870-4b20-ab48-ac46941e6a02,Quote Source Relevance,"{""highlight"": true, ""version"": ""4"", ""hint_type"": """"}",8c1b4b2c-d251-4dc9-aa2d-6566c5f6f35c,T1.Q7,"Using the highlight options below, indicate how the quotes/paraphrases were gathered by the reporter:",CHECKBOX,,,nominal,"{""version"": ""4"", ""alpha_distance"": ""nominal"", ""require_one_or_more"": true, ""hint_type"": """"}",6,d10b9cd4-4b28-418d-9abc-7fab7e5a5fb7,T1.Q7.A3,Heard or read by third party.,,1,1,"{""case_numbers"": false, ""highlight"": true, ""version"": ""4"", ""require_highlight"": true}"
Covid_Sources_2002_03_20v2.1,a6b4870c9329437fdad00a93adde41702f8693f96167ef4198b7d68912b699c4,daed9911-8870-4b20-ab48-ac46941e6a02,Quote Source Relevance,"{""highlight"": true, ""version"": ""4"", ""hint_type"": """"}",8c1b4b2c-d251-4dc9-aa2d-6566c5f6f35c,T1.Q7,"Using the highlight options below, indicate how the quotes/paraphrases were gathered by the reporter:",CHECKBOX,,,nominal,"{""version"": ""4"", ""alpha_distance"": ""nominal"", ""require_one_or_more"": true, ""hint_type"": """"}",6,92a4760b-9e24-453d-9e48-55b25d154a95,T1.Q7.A4,"Written public material (e.g. book, social media, etc.)",,1,1,"{""case_numbers"": false, ""highlight"": true, ""version"": ""4"", ""require_highlight"": true}"
Covid_Sources_2002_03_20v2.1,a6b4870c9329437fdad00a93adde41702f8693f96167ef4198b7d68912b699c4,daed9911-8870-4b20-ab48-ac46941e6a02,Quote Source Relevance,"{""highlight"": true, ""version"": ""4"", ""hint_type"": """"}",8c1b4b2c-d251-4dc9-aa2d-6566c5f6f35c,T1.Q7,"Using the highlight options below, indicate how the quotes/paraphrases were gathered by the reporter:",CHECKBOX,,,nominal,"{""version"": ""4"", ""alpha_distance"": ""nominal"", ""require_one_or_more"": true, ""hint_type"": """"}",6,df6c1105-80c9-4dad-a2d8-4238177ba049,T1.Q7.A5,Written private correspondence (e.g. email),,1,1,"{""case_numbers"": false, ""highlight"": true, ""version"": ""4"", ""require_highlight"": true}"
Covid_Sources_2002_03_20v2.1,a6b4870c9329437fdad00a93adde41702f8693f96167ef4198b7d68912b699c4,daed9911-8870-4b20-ab48-ac46941e6a02,Quote Source Relevance,"{""highlight"": true, ""version"": ""4"", ""hint_type"": """"}",8c1b4b2c-d251-4dc9-aa2d-6566c5f6f35c,T1.Q7,"Using the highlight options below, indicate how the quotes/paraphrases were gathered by the reporter:",CHECKBOX,,,nominal,"{""version"": ""4"", ""alpha_distance"": ""nominal"", ""require_one_or_more"": true, ""hint_type"": """"}",6,ab575566-7f11-4a2d-90cc-6ea59d41f3f7,T1.Q7.A6,Can't tell,,0,1,"{""case_numbers"": false, ""highlight"": false, ""version"": ""4"", ""require_highlight"": true}"
Covid_Sources_2002_03_20v2.1,a6b4870c9329437fdad00a93adde41702f8693f96167ef4198b7d68912b699c4,daed9911-8870-4b20-ab48-ac46941e6a02,Quote Source Relevance,"{""highlight"": true, ""version"": ""4"", ""hint_type"": """"}",aa61772f-bbe9-4703-9e31-61f71966176c,T1.Q8,How are the quoted sources' ideas important to the article?,RADIO,,,nominal,"{""version"": ""4"", ""alpha_distance"": ""nominal"", ""require_one_or_more"": true, ""hint_type"": """"}",7,6a70a312-2ac3-4b6f-8168-d2efd82d7440,T1.Q8.A1,Central idea/s of article.,,0,1,"{""case_numbers"": false, ""highlight"": false, ""version"": ""4"", ""require_highlight"": true}"
Covid_Sources_2002_03_20v2.1,a6b4870c9329437fdad00a93adde41702f8693f96167ef4198b7d68912b699c4,daed9911-8870-4b20-ab48-ac46941e6a02,Quote Source Relevance,"{""highlight"": true, ""version"": ""4"", ""hint_type"": """"}",aa61772f-bbe9-4703-9e31-61f71966176c,T1.Q8,How are the quoted sources' ideas important to the article?,RADIO,,,nominal,"{""version"": ""4"", ""alpha_distance"": ""nominal"", ""require_one_or_more"": true, ""hint_type"": """"}",7,10a6d8c9-19b8-4919-a819-ba9b3eb9ff60,T1.Q8.A2,Provide important support to central claim of the article.,,0,1,"{""case_numbers"": false, ""highlight"": false, ""version"": ""4"", ""require_highlight"": true}"
Covid_Sources_2002_03_20v2.1,a6b4870c9329437fdad00a93adde41702f8693f96167ef4198b7d68912b699c4,daed9911-8870-4b20-ab48-ac46941e6a02,Quote Source Relevance,"{""highlight"": true, ""version"": ""4"", ""hint_type"": """"}",aa61772f-bbe9-4703-9e31-61f71966176c,T1.Q8,How are the quoted sources' ideas important to the article?,RADIO,,,nominal,"{""version"": ""4"", ""alpha_distance"": ""nominal"", ""require_one_or_more"": true, ""hint_type"": """"}",7,e1c78e3e-9b9f-4aaf-874d-7dba99c875a5,T1.Q8.A3,Provide non-essential context for article.,,0,1,"{""case_numbers"": false, ""highlight"": false, ""version"": ""4"", ""require_highlight"": true}"
Covid_Sources_2002_03_20v2.1,a6b4870c9329437fdad00a93adde41702f8693f96167ef4198b7d68912b699c4,daed9911-8870-4b20-ab48-ac46941e6a02,Quote Source Relevance,"{""highlight"": true, ""version"": ""4"", ""hint_type"": """"}",aa61772f-bbe9-4703-9e31-61f71966176c,T1.Q8,How are the quoted sources' ideas important to the article?,RADIO,,,nominal,"{""version"": ""4"", ""alpha_distance"": ""nominal"", ""require_one_or_more"": true, ""hint_type"": """"}",7,9db708d3-fdae-4cbb-8fc5-a0269f2494b4,T1.Q8.A4,Irrelevant to central claim,,0,1,"{""case_numbers"": false, ""highlight"": false, ""version"": ""4"", ""require_highlight"": true}"
Covid_Sources_2002_03_20v2.1,a6b4870c9329437fdad00a93adde41702f8693f96167ef4198b7d68912b699c4,daed9911-8870-4b20-ab48-ac46941e6a02,Quote Source Relevance,"{""highlight"": true, ""version"": ""4"", ""hint_type"": """"}",aa61772f-bbe9-4703-9e31-61f71966176c,T1.Q8,How are the quoted sources' ideas important to the article?,RADIO,,,nominal,"{""version"": ""4"", ""alpha_distance"": ""nominal"", ""require_one_or_more"": true, ""hint_type"": """"}",7,4b60ac8f-842a-4114-bd55-fe9a54d38f95,T1.Q8.A5,Conflicts with claims/arguments of other sources in the article.,,0,1,"{""case_numbers"": false, ""highlight"": false, ""version"": ""4"", ""require_highlight"": true}"
Covid_Sources_2002_03_20v2.1,a6b4870c9329437fdad00a93adde41702f8693f96167ef4198b7d68912b699c4,daed9911-8870-4b20-ab48-ac46941e6a02,Quote Source Relevance,"{""highlight"": true, ""version"": ""4"", ""hint_type"": """"}",aa61772f-bbe9-4703-9e31-61f71966176c,T1.Q8,How are the quoted sources' ideas important to the article?,RADIO,,,nominal,"{""version"": ""4"", ""alpha_distance"": ""nominal"", ""require_one_or_more"": true, ""hint_type"": """"}",7,845f8dba-504d-4e8b-8d3d-36ad5101a5b6,T1.Q8.A6,"Conflicts somewhat with claims/arguments of the author, but refuted.",,0,1,"{""case_numbers"": false, ""highlight"": false, ""version"": ""4"", ""require_highlight"": true}"
Covid_Sources_2002_03_20v2.1,a6b4870c9329437fdad00a93adde41702f8693f96167ef4198b7d68912b699c4,daed9911-8870-4b20-ab48-ac46941e6a02,Quote Source Relevance,"{""highlight"": true, ""version"": ""4"", ""hint_type"": """"}",aa61772f-bbe9-4703-9e31-61f71966176c,T1.Q8,How are the quoted sources' ideas important to the article?,RADIO,,,nominal,"{""version"": ""4"", ""alpha_distance"": ""nominal"", ""require_one_or_more"": true, ""hint_type"": """"}",7,e370e69e-90bd-4deb-940a-b2de81af2a6e,T1.Q8.A7,"Conflicts strongly with claims/arguments of the author, & not refuted.",,0,1,"{""case_numbers"": false, ""highlight"": false, ""version"": ""4"", ""require_highlight"": true}"
Covid_Sources_2002_03_20v2.1,a6b4870c9329437fdad00a93adde41702f8693f96167ef4198b7d68912b699c4,daed9911-8870-4b20-ab48-ac46941e6a02,Quote Source Relevance,"{""highlight"": true, ""version"": ""4"", ""hint_type"": """"}",9a0fa8a0-1ac4-4cc0-b842-9ab71f034e87,T1.Q9,"How difficult was this task for you, on the whole?",RADIO,,,nominal,"{""version"": ""4"", ""alpha_distance"": ""nominal"", ""require_one_or_more"": true, ""hint_type"": """"}",10,7c20969b-3de8-4e7c-b23d-150eb36239bc,T1.Q9.A1,1: Easier than anything I've ever done in a classroom setting,,0,1,"{""case_numbers"": false, ""highlight"": false, ""version"": ""4"", ""require_highlight"": true}"
Covid_Sources_2002_03_20v2.1,a6b4870c9329437fdad00a93adde41702f8693f96167ef4198b7d68912b699c4,daed9911-8870-4b20-ab48-ac46941e6a02,Quote Source Relevance,"{""highlight"": true, ""version"": ""4"", ""hint_type"": """"}",9a0fa8a0-1ac4-4cc0-b842-9ab71f034e87,T1.Q9,"How difficult was this task for you, on the whole?",RADIO,,,nominal,"{""version"": ""4"", ""alpha_distance"": ""nominal"", ""require_one_or_more"": true, ""hint_type"": """"}",10,c010e690-f4cd-4bc3-82a6-c9ed6e843cde,T1.Q9.A2,2,,0,1,"{""case_numbers"": false, ""highlight"": false, ""version"": ""4"", ""require_highlight"": true}"
Covid_Sources_2002_03_20v2.1,a6b4870c9329437fdad00a93adde41702f8693f96167ef4198b7d68912b699c4,daed9911-8870-4b20-ab48-ac46941e6a02,Quote Source Relevance,"{""highlight"": true, ""version"": ""4"", ""hint_type"": """"}",9a0fa8a0-1ac4-4cc0-b842-9ab71f034e87,T1.Q9,"How difficult was this task for you, on the whole?",RADIO,,,nominal,"{""version"": ""4"", ""alpha_distance"": ""nominal"", ""require_one_or_more"": true, ""hint_type"": """"}",10,27d23475-6f2c-425d-93c7-ca58b1407d79,T1.Q9.A3,3,,0,1,"{""case_numbers"": false, ""highlight"": false, ""version"": ""4"", ""require_highlight"": true}"
Covid_Sources_2002_03_20v2.1,a6b4870c9329437fdad00a93adde41702f8693f96167ef4198b7d68912b699c4,daed9911-8870-4b20-ab48-ac46941e6a02,Quote Source Relevance,"{""highlight"": true, ""version"": ""4"", ""hint_type"": """"}",9a0fa8a0-1ac4-4cc0-b842-9ab71f034e87,T1.Q9,"How difficult was this task for you, on the whole?",RADIO,,,nominal,"{""version"": ""4"", ""alpha_distance"": ""nominal"", ""require_one_or_more"": true, ""hint_type"": """"}",10,3a4deff2-00be-4052-ac1b-7d43d2556288,T1.Q9.A4,4,,0,1,"{""case_numbers"": false, ""highlight"": false, ""version"": ""4"", ""require_highlight"": true}"
Covid_Sources_2002_03_20v2.1,a6b4870c9329437fdad00a93adde41702f8693f96167ef4198b7d68912b699c4,daed9911-8870-4b20-ab48-ac46941e6a02,Quote Source Relevance,"{""highlight"": true, ""version"": ""4"", ""hint_type"": """"}",9a0fa8a0-1ac4-4cc0-b842-9ab71f034e87,T1.Q9,"How difficult was this task for you, on the whole?",RADIO,,,nominal,"{""version"": ""4"", ""alpha_distance"": ""nominal"", ""require_one_or_more"": true, ""hint_type"": """"}",10,496b51cf-7999-41ab-b03c-531914c22d15,T1.Q9.A5,5: Middling difficulty,,0,1,"{""case_numbers"": false, ""highlight"": false, ""version"": ""4"", ""require_highlight"": true}"
Covid_Sources_2002_03_20v2.1,a6b4870c9329437fdad00a93adde41702f8693f96167ef4198b7d68912b699c4,daed9911-8870-4b20-ab48-ac46941e6a02,Quote Source Relevance,"{""highlight"": true, ""version"": ""4"", ""hint_type"": """"}",9a0fa8a0-1ac4-4cc0-b842-9ab71f034e87,T1.Q9,"How difficult was this task for you, on the whole?",RADIO,,,nominal,"{""version"": ""4"", ""alpha_distance"": ""nominal"", ""require_one_or_more"": true, ""hint_type"": """"}",10,cc61c4ca-ce0b-4110-8105-450ed823352a,T1.Q9.A6,6,,0,1,"{""case_numbers"": false, ""highlight"": false, ""version"": ""4"", ""require_highlight"": true}"
Covid_Sources_2002_03_20v2.1,a6b4870c9329437fdad00a93adde41702f8693f96167ef4198b7d68912b699c4,daed9911-8870-4b20-ab48-ac46941e6a02,Quote Source Relevance,"{""highlight"": true, ""version"": ""4"", ""hint_type"": """"}",9a0fa8a0-1ac4-4cc0-b842-9ab71f034e87,T1.Q9,"How difficult was this task for you, on the whole?",RADIO,,,nominal,"{""version"": ""4"", ""alpha_distance"": ""nominal"", ""require_one_or_more"": true, ""hint_type"": """"}",10,967a60b8-96a7-4999-9857-ea5df4844034,T1.Q9.A7,7,,0,1,"{""case_numbers"": false, ""highlight"": false, ""version"": ""4"", ""require_highlight"": true}"
Covid_Sources_2002_03_20v2.1,a6b4870c9329437fdad00a93adde41702f8693f96167ef4198b7d68912b699c4,daed9911-8870-4b20-ab48-ac46941e6a02,Quote Source Relevance,"{""highlight"": true, ""version"": ""4"", ""hint_type"": """"}",9a0fa8a0-1ac4-4cc0-b842-9ab71f034e87,T1.Q9,"How difficult was this task for you, on the whole?",RADIO,,,nominal,"{""version"": ""4"", ""alpha_distance"": ""nominal"", ""require_one_or_more"": true, ""hint_type"": """"}",10,4b0e9637-36b4-4949-9c01-de8f7c688c23,T1.Q9.A8,8,,0,1,"{""case_numbers"": false, ""highlight"": false, ""version"": ""4"", ""require_highlight"": true}"
Covid_Sources_2002_03_20v2.1,a6b4870c9329437fdad00a93adde41702f8693f96167ef4198b7d68912b699c4,daed9911-8870-4b20-ab48-ac46941e6a02,Quote Source Relevance,"{""highlight"": true, ""version"": ""4"", ""hint_type"": """"}",9a0fa8a0-1ac4-4cc0-b842-9ab71f034e87,T1.Q9,"How difficult was this task for you, on the whole?",RADIO,,,nominal,"{""version"": ""4"", ""alpha_distance"": ""nominal"", ""require_one_or_more"": true, ""hint_type"": """"}",10,761ea5e3-afec-4f91-a8d0-0aeb83decd38,T1.Q9.A9,9,,0,1,"{""case_numbers"": false, ""highlight"": false, ""version"": ""4"", ""require_highlight"": true}"
Covid_Sources_2002_03_20v2.1,a6b4870c9329437fdad00a93adde41702f8693f96167ef4198b7d68912b699c4,daed9911-8870-4b20-ab48-ac46941e6a02,Quote Source Relevance,"{""highlight"": true, ""version"": ""4"", ""hint_type"": """"}",9a0fa8a0-1ac4-4cc0-b842-9ab71f034e87,T1.Q9,"How difficult was this task for you, on the whole?",RADIO,,,nominal,"{""version"": ""4"", ""alpha_distance"": ""nominal"", ""require_one_or_more"": true, ""hint_type"": """"}",10,8b84b688-9e7a-4db6-8d47-8616ea745001,T1.Q9.A10,10: Harder than anything I've ever done in a classroom setting,,0,1,"{""case_numbers"": false, ""highlight"": false, ""version"": ""4"", ""require_highlight"": true}"
Covid_Sources_2002_03_20v2.1,a6b4870c9329437fdad00a93adde41702f8693f96167ef4198b7d68912b699c4,daed9911-8870-4b20-ab48-ac46941e6a02,Quote Source Relevance,"{""highlight"": true, ""version"": ""4"", ""hint_type"": """"}",302fb6a9-dc88-4a58-b4ab-7de1b892c090,T1.Q10,"How confident are you about your answers, on the whole?",RADIO,,,nominal,"{""version"": ""4"", ""alpha_distance"": ""nominal"", ""require_one_or_more"": true, ""hint_type"": """"}",10,31e6273f-ba98-464e-895a-a722ed32259f,T1.Q10.A1,1: I was guessing randomly for everything,,0,1,"{""case_numbers"": false, ""highlight"": false, ""version"": ""4"", ""require_highlight"": true}"
Covid_Sources_2002_03_20v2.1,a6b4870c9329437fdad00a93adde41702f8693f96167ef4198b7d68912b699c4,daed9911-8870-4b20-ab48-ac46941e6a02,Quote Source Relevance,"{""highlight"": true, ""version"": ""4"", ""hint_type"": """"}",302fb6a9-dc88-4a58-b4ab-7de1b892c090,T1.Q10,"How confident are you about your answers, on the whole?",RADIO,,,nominal,"{""version"": ""4"", ""alpha_distance"": ""nominal"", ""require_one_or_more"": true, ""hint_type"": """"}",10,76a6969c-5c06-42eb-98c0-e5eee3b231b2,T1.Q10.A2,2,,0,1,"{""case_numbers"": false, ""highlight"": false, ""version"": ""4"", ""require_highlight"": true}"
Covid_Sources_2002_03_20v2.1,a6b4870c9329437fdad00a93adde41702f8693f96167ef4198b7d68912b699c4,daed9911-8870-4b20-ab48-ac46941e6a02,Quote Source Relevance,"{""highlight"": true, ""version"": ""4"", ""hint_type"": """"}",302fb6a9-dc88-4a58-b4ab-7de1b892c090,T1.Q10,"How confident are you about your answers, on the whole?",RADIO,,,nominal,"{""version"": ""4"", ""alpha_distance"": ""nominal"", ""require_one_or_more"": true, ""hint_type"": """"}",10,83bef441-4e91-42be-b9c0-8ca3a67397f8,T1.Q10.A3,3,,0,1,"{""case_numbers"": false, ""highlight"": false, ""version"": ""4"", ""require_highlight"": true}"
Covid_Sources_2002_03_20v2.1,a6b4870c9329437fdad00a93adde41702f8693f96167ef4198b7d68912b699c4,daed9911-8870-4b20-ab48-ac46941e6a02,Quote Source Relevance,"{""highlight"": true, ""version"": ""4"", ""hint_type"": """"}",302fb6a9-dc88-4a58-b4ab-7de1b892c090,T1.Q10,"How confident are you about your answers, on the whole?",RADIO,,,nominal,"{""version"": ""4"", ""alpha_distance"": ""nominal"", ""require_one_or_more"": true, ""hint_type"": """"}",10,00b1f68d-f6dd-4f7e-be7c-4b3c91e387ca,T1.Q10.A4,4,,0,1,"{""case_numbers"": false, ""highlight"": false, ""version"": ""4"", ""require_highlight"": true}"
Covid_Sources_2002_03_20v2.1,a6b4870c9329437fdad00a93adde41702f8693f96167ef4198b7d68912b699c4,daed9911-8870-4b20-ab48-ac46941e6a02,Quote Source Relevance,"{""highlight"": true, ""version"": ""4"", ""hint_type"": """"}",302fb6a9-dc88-4a58-b4ab-7de1b892c090,T1.Q10,"How confident are you about your answers, on the whole?",RADIO,,,nominal,"{""version"": ""4"", ""alpha_distance"": ""nominal"", ""require_one_or_more"": true, ""hint_type"": """"}",10,514f9652-900d-4a0f-bbc7-489ad38b5e69,T1.Q10.A5,5: 50-50,,0,1,"{""case_numbers"": false, ""highlight"": false, ""version"": ""4"", ""require_highlight"": true}"
Covid_Sources_2002_03_20v2.1,a6b4870c9329437fdad00a93adde41702f8693f96167ef4198b7d68912b699c4,daed9911-8870-4b20-ab48-ac46941e6a02,Quote Source Relevance,"{""highlight"": true, ""version"": ""4"", ""hint_type"": """"}",302fb6a9-dc88-4a58-b4ab-7de1b892c090,T1.Q10,"How confident are you about your answers, on the whole?",RADIO,,,nominal,"{""version"": ""4"", ""alpha_distance"": ""nominal"", ""require_one_or_more"": true, ""hint_type"": """"}",10,1e9281d7-b8d8-4a6c-8abb-7e5053abe41c,T1.Q10.A6,6,,0,1,"{""case_numbers"": false, ""highlight"": false, ""version"": ""4"", ""require_highlight"": true}"
Covid_Sources_2002_03_20v2.1,a6b4870c9329437fdad00a93adde41702f8693f96167ef4198b7d68912b699c4,daed9911-8870-4b20-ab48-ac46941e6a02,Quote Source Relevance,"{""highlight"": true, ""version"": ""4"", ""hint_type"": """"}",302fb6a9-dc88-4a58-b4ab-7de1b892c090,T1.Q10,"How confident are you about your answers, on the whole?",RADIO,,,nominal,"{""version"": ""4"", ""alpha_distance"": ""nominal"", ""require_one_or_more"": true, ""hint_type"": """"}",10,08f063c4-468e-4270-9d12-6b62e1c3a367,T1.Q10.A7,7,,0,1,"{""case_numbers"": false, ""highlight"": false, ""version"": ""4"", ""require_highlight"": true}"
Covid_Sources_2002_03_20v2.1,a6b4870c9329437fdad00a93adde41702f8693f96167ef4198b7d68912b699c4,daed9911-8870-4b20-ab48-ac46941e6a02,Quote Source Relevance,"{""highlight"": true, ""version"": ""4"", ""hint_type"": """"}",302fb6a9-dc88-4a58-b4ab-7de1b892c090,T1.Q10,"How confident are you about your answers, on the whole?",RADIO,,,nominal,"{""version"": ""4"", ""alpha_distance"": ""nominal"", ""require_one_or_more"": true, ""hint_type"": """"}",10,2ffb0b33-6e2a-4af9-a4d8-2b57eeb6d5c7,T1.Q10.A8,8,,0,1,"{""case_numbers"": false, ""highlight"": false, ""version"": ""4"", ""require_highlight"": true}"
Covid_Sources_2002_03_20v2.1,a6b4870c9329437fdad00a93adde41702f8693f96167ef4198b7d68912b699c4,daed9911-8870-4b20-ab48-ac46941e6a02,Quote Source Relevance,"{""highlight"": true, ""version"": ""4"", ""hint_type"": """"}",302fb6a9-dc88-4a58-b4ab-7de1b892c090,T1.Q10,"How confident are you about your answers, on the whole?",RADIO,,,nominal,"{""version"": ""4"", ""alpha_distance"": ""nominal"", ""require_one_or_more"": true, ""hint_type"": """"}",10,1f879124-6f0a-42ce-9ff9-c0fd798f3e04,T1.Q10.A9,9,,0,1,"{""case_numbers"": false, ""highlight"": false, ""version"": ""4"", ""require_highlight"": true}"
Covid_Sources_2002_03_20v2.1,a6b4870c9329437fdad00a93adde41702f8693f96167ef4198b7d68912b699c4,daed9911-8870-4b20-ab48-ac46941e6a02,Quote Source Relevance,"{""highlight"": true, ""version"": ""4"", ""hint_type"": """"}",302fb6a9-dc88-4a58-b4ab-7de1b892c090,T1.Q10,"How confident are you about your answers, on the whole?",RADIO,,,nominal,"{""version"": ""4"", ""alpha_distance"": ""nominal"", ""require_one_or_more"": true, ""hint_type"": """"}",10,07d46dac-2327-48ba-84f5-bb99f6b820e7,T1.Q10.A10,10: 100% certain about all my answers,,0,1,"{""case_numbers"": false, ""highlight"": false, ""version"": ""4"", ""require_highlight"": true}"
