namespace,schema_sha256,topic_uuid,topic_name,topic_options,question_uuid,question_label,question_text,question_type,question_hint_type,question_next_questions,alpha_distance,question_options,answer_count,answer_uuid,answer_label,answer_content,answer_next_questions,highlight,require_highlight,answer_options
Covid_Languagev1.1,a6eca3a8c143a31e7b37337f744912e6d33c5b2f49cd29570daee3cfdb9a017c,3228ec44-d42a-408b-ab67-4c58eeb2b5cc,Language Specialist V4,"{""highlight"": true, ""version"": ""4"", ""hint_type"": """"}",806b80f5-6a24-41cd-8c58-1f729d4db7bf,T1.Q1,"Which of the following appears in the bolded text to the left? Check all that apply, or none, and highlight the part of the passage in which you see each.",CHECKBOX,,,nominal,"{""version"": ""4"", ""alpha_distance"": ""nominal"", ""require_one_or_more"": true, ""hint_type"": """"}",13,492f4aa4-d54c-46b2-8bc7-1e9676b607e9,T1.Q1.A1,Metaphorical Language,T1.Q2,1,1,"{""case_numbers"": true, ""highlight"": true, ""version"": ""4"", ""require_highlight"": true}"
Covid_Languagev1.1,a6eca3a8c143a31e7b37337f744912e6d33c5b2f49cd29570daee3cfdb9a017c,3228ec44-d42a-408b-ab67-4c58eeb2b5cc,Language Specialist V4,"{""highlight"": true, ""version"": ""4"", ""hint_type"": """"}",806b80f5-6a24-41cd-8c58-1f729d4db7bf,T1.Q1,"Which of the following appears in the bolded text to the left? Check all that apply, or none, and highlight the part of the passage in which you see each.",CHECKBOX,,,nominal,"{""version"": ""4"", ""alpha_distance"": ""nominal"", ""require_one_or_more"": true, ""hint_type"": """"}",13,8a1d3be8-2887-4f4c-8347-493c0f2493c2,T1.Q1.A2,Exaggeration,T1.Q3,1,1,"{""case_numbers"": true, ""highlight"": true, ""version"": ""4"", ""require_highlight"": true}"
Covid_Languagev1.1,a6eca3a8c143a31e7b37337f744912e6d33c5b2f49cd29570daee3cfdb9a017c,3228ec44-d42a-408b-ab67-4c58eeb2b5cc,Language Specialist V4,"{""highlight"": true, ""version"": ""4"", ""hint_type"": """"}",806b80f5-6a24-41cd-8c58-1f729d4db7bf,T1.Q1,"Which of the following appears in the bolded text to the left? Check all that apply, or none, and highlight the part of the passage in which you see each.",CHECKBOX,,,nominal,"{""version"": ""4"", ""alpha_distance"": ""nominal"", ""require_one_or_more"": true, ""hint_type"": """"}",13,3c5ce6a2-1f72-405e-978d-287eb244ca69,T1.Q1.A3,Scandal,,1,1,"{""case_numbers"": true, ""highlight"": true, ""version"": ""4"", ""require_highlight"": true}"
Covid_Languagev1.1,a6eca3a8c143a31e7b37337f744912e6d33c5b2f49cd29570daee3cfdb9a017c,3228ec44-d42a-408b-ab67-4c58eeb2b5cc,Language Specialist V4,"{""highlight"": true, ""version"": ""4"", ""hint_type"": """"}",806b80f5-6a24-41cd-8c58-1f729d4db7bf,T1.Q1,"Which of the following appears in the bolded text to the left? Check all that apply, or none, and highlight the part of the passage in which you see each.",CHECKBOX,,,nominal,"{""version"": ""4"", ""alpha_distance"": ""nominal"", ""require_one_or_more"": true, ""hint_type"": """"}",13,cb9cf2a5-ec90-409f-a042-80f88a59de17,T1.Q1.A4,Emotional tone (including expletives),"T1.Q5, T1.Q6",1,1,"{""case_numbers"": true, ""highlight"": true, ""version"": ""4"", ""require_highlight"": true}"
Covid_Languagev1.1,a6eca3a8c143a31e7b37337f744912e6d33c5b2f49cd29570daee3cfdb9a017c,3228ec44-d42a-408b-ab67-4c58eeb2b5cc,Language Specialist V4,"{""highlight"": true, ""version"": ""4"", ""hint_type"": """"}",806b80f5-6a24-41cd-8c58-1f729d4db7bf,T1.Q1,"Which of the following appears in the bolded text to the left? Check all that apply, or none, and highlight the part of the passage in which you see each.",CHECKBOX,,,nominal,"{""version"": ""4"", ""alpha_distance"": ""nominal"", ""require_one_or_more"": true, ""hint_type"": """"}",13,a296eccd-d186-4fe7-830f-7c88ee3e6578,T1.Q1.A5,Shock or surprise,,1,1,"{""case_numbers"": true, ""highlight"": true, ""version"": ""4"", ""require_highlight"": true}"
Covid_Languagev1.1,a6eca3a8c143a31e7b37337f744912e6d33c5b2f49cd29570daee3cfdb9a017c,3228ec44-d42a-408b-ab67-4c58eeb2b5cc,Language Specialist V4,"{""highlight"": true, ""version"": ""4"", ""hint_type"": """"}",806b80f5-6a24-41cd-8c58-1f729d4db7bf,T1.Q1,"Which of the following appears in the bolded text to the left? Check all that apply, or none, and highlight the part of the passage in which you see each.",CHECKBOX,,,nominal,"{""version"": ""4"", ""alpha_distance"": ""nominal"", ""require_one_or_more"": true, ""hint_type"": """"}",13,0f6965ff-df09-42c7-85d5-91a729e37e1f,T1.Q1.A6,Slang,"T1.Q9, T1.Q10",1,1,"{""case_numbers"": true, ""highlight"": true, ""version"": ""4"", ""require_highlight"": true}"
Covid_Languagev1.1,a6eca3a8c143a31e7b37337f744912e6d33c5b2f49cd29570daee3cfdb9a017c,3228ec44-d42a-408b-ab67-4c58eeb2b5cc,Language Specialist V4,"{""highlight"": true, ""version"": ""4"", ""hint_type"": """"}",806b80f5-6a24-41cd-8c58-1f729d4db7bf,T1.Q1,"Which of the following appears in the bolded text to the left? Check all that apply, or none, and highlight the part of the passage in which you see each.",CHECKBOX,,,nominal,"{""version"": ""4"", ""alpha_distance"": ""nominal"", ""require_one_or_more"": true, ""hint_type"": """"}",13,37370e76-9d95-46e3-860f-a43cfce3d008,T1.Q1.A7,Typos,T1.Q11,1,1,"{""case_numbers"": true, ""highlight"": true, ""version"": ""4"", ""require_highlight"": true}"
Covid_Languagev1.1,a6eca3a8c143a31e7b37337f744912e6d33c5b2f49cd29570daee3cfdb9a017c,3228ec44-d42a-408b-ab67-4c58eeb2b5cc,Language Specialist V4,"{""highlight"": true, ""version"": ""4"", ""hint_type"": """"}",806b80f5-6a24-41cd-8c58-1f729d4db7bf,T1.Q1,"Which of the following appears in the bolded text to the left? Check all that apply, or none, and highlight the part of the passage in which you see each.",CHECKBOX,,,nominal,"{""version"": ""4"", ""alpha_distance"": ""nominal"", ""require_one_or_more"": true, ""hint_type"": """"}",13,08620400-e720-497c-a91f-7b68c29a4142,T1.Q1.A8,Bad grammar,T1.Q11,1,1,"{""case_numbers"": true, ""highlight"": true, ""version"": ""4"", ""require_highlight"": true}"
Covid_Languagev1.1,a6eca3a8c143a31e7b37337f744912e6d33c5b2f49cd29570daee3cfdb9a017c,3228ec44-d42a-408b-ab67-4c58eeb2b5cc,Language Specialist V4,"{""highlight"": true, ""version"": ""4"", ""hint_type"": """"}",806b80f5-6a24-41cd-8c58-1f729d4db7bf,T1.Q1,"Which of the following appears in the bolded text to the left? Check all that apply, or none, and highlight the part of the passage in which you see each.",CHECKBOX,,,nominal,"{""version"": ""4"", ""alpha_distance"": ""nominal"", ""require_one_or_more"": true, ""hint_type"": """"}",13,35f12848-22cd-40fa-8c7c-0ff91d91ce63,T1.Q1.A9,Misleading or confusing sentence structure,T1.Q11,1,1,"{""case_numbers"": true, ""highlight"": true, ""version"": ""4"", ""require_highlight"": true}"
Covid_Languagev1.1,a6eca3a8c143a31e7b37337f744912e6d33c5b2f49cd29570daee3cfdb9a017c,3228ec44-d42a-408b-ab67-4c58eeb2b5cc,Language Specialist V4,"{""highlight"": true, ""version"": ""4"", ""hint_type"": """"}",806b80f5-6a24-41cd-8c58-1f729d4db7bf,T1.Q1,"Which of the following appears in the bolded text to the left? Check all that apply, or none, and highlight the part of the passage in which you see each.",CHECKBOX,,,nominal,"{""version"": ""4"", ""alpha_distance"": ""nominal"", ""require_one_or_more"": true, ""hint_type"": """"}",13,4bae789b-5f77-43aa-9a40-07b54595ca81,T1.Q1.A10,Other unnecessary or misleading coloring of language,T1.Q13,1,1,"{""case_numbers"": true, ""highlight"": true, ""version"": ""4"", ""require_highlight"": true}"
Covid_Languagev1.1,a6eca3a8c143a31e7b37337f744912e6d33c5b2f49cd29570daee3cfdb9a017c,3228ec44-d42a-408b-ab67-4c58eeb2b5cc,Language Specialist V4,"{""highlight"": true, ""version"": ""4"", ""hint_type"": """"}",806b80f5-6a24-41cd-8c58-1f729d4db7bf,T1.Q1,"Which of the following appears in the bolded text to the left? Check all that apply, or none, and highlight the part of the passage in which you see each.",CHECKBOX,,,nominal,"{""version"": ""4"", ""alpha_distance"": ""nominal"", ""require_one_or_more"": true, ""hint_type"": """"}",13,ce7dd8c8-bb22-4b03-ad52-ec8db244a7cf,T1.Q1.A11,Colorful but not misleading in any way,,1,1,"{""case_numbers"": true, ""highlight"": true, ""version"": ""4"", ""require_highlight"": true}"
Covid_Languagev1.1,a6eca3a8c143a31e7b37337f744912e6d33c5b2f49cd29570daee3cfdb9a017c,3228ec44-d42a-408b-ab67-4c58eeb2b5cc,Language Specialist V4,"{""highlight"": true, ""version"": ""4"", ""hint_type"": """"}",806b80f5-6a24-41cd-8c58-1f729d4db7bf,T1.Q1,"Which of the following appears in the bolded text to the left? Check all that apply, or none, and highlight the part of the passage in which you see each.",CHECKBOX,,,nominal,"{""version"": ""4"", ""alpha_distance"": ""nominal"", ""require_one_or_more"": true, ""hint_type"": """"}",13,956d8df7-aaae-49b2-b908-283f441aa2fd,T1.Q1.A12,Other problem with language,,1,1,"{""case_numbers"": true, ""highlight"": true, ""version"": ""4"", ""require_highlight"": true}"
Covid_Languagev1.1,a6eca3a8c143a31e7b37337f744912e6d33c5b2f49cd29570daee3cfdb9a017c,3228ec44-d42a-408b-ab67-4c58eeb2b5cc,Language Specialist V4,"{""highlight"": true, ""version"": ""4"", ""hint_type"": """"}",806b80f5-6a24-41cd-8c58-1f729d4db7bf,T1.Q1,"Which of the following appears in the bolded text to the left? Check all that apply, or none, and highlight the part of the passage in which you see each.",CHECKBOX,,,nominal,"{""version"": ""4"", ""alpha_distance"": ""nominal"", ""require_one_or_more"": true, ""hint_type"": """"}",13,f2a393ae-f059-46bc-bd39-c4eadd7bdfcc,T1.Q1.A13,Nothing wrong with language,,0,1,"{""case_numbers"": true, ""highlight"": false, ""version"": ""4"", ""require_highlight"": true}"
Covid_Languagev1.1,a6eca3a8c143a31e7b37337f744912e6d33c5b2f49cd29570daee3cfdb9a017c,3228ec44-d42a-408b-ab67-4c58eeb2b5cc,Language Specialist V4,"{""highlight"": true, ""version"": ""4"", ""hint_type"": """"}",5b6db224-bcf2-4de4-b239-58297b18872f,T1.Q2,"The use of metaphorical language (e.g., metaphors of war, disease, infection, invasion, alien, decay, etc) is....",RADIO,,,nominal,"{""version"": ""4"", ""alpha_distance"": ""nominal"", ""require_one_or_more"": true, ""hint_type"": """"}",5,98a6004a-1d47-436f-8ccb-de66bceb6827,T1.Q2.A1,EXTREMELY excessive/inappropriate,,0,1,"{""case_numbers"": true, ""highlight"": false, ""version"": ""4"", ""require_highlight"": true}"
Covid_Languagev1.1,a6eca3a8c143a31e7b37337f744912e6d33c5b2f49cd29570daee3cfdb9a017c,3228ec44-d42a-408b-ab67-4c58eeb2b5cc,Language Specialist V4,"{""highlight"": true, ""version"": ""4"", ""hint_type"": """"}",5b6db224-bcf2-4de4-b239-58297b18872f,T1.Q2,"The use of metaphorical language (e.g., metaphors of war, disease, infection, invasion, alien, decay, etc) is....",RADIO,,,nominal,"{""version"": ""4"", ""alpha_distance"": ""nominal"", ""require_one_or_more"": true, ""hint_type"": """"}",5,03dd24ed-c336-4e8a-88e2-87bbc5e43334,T1.Q2.A2,CONSIDERABLY excessive/inappropriate,,0,1,"{""case_numbers"": true, ""highlight"": false, ""version"": ""4"", ""require_highlight"": true}"
Covid_Languagev1.1,a6eca3a8c143a31e7b37337f744912e6d33c5b2f49cd29570daee3cfdb9a017c,3228ec44-d42a-408b-ab67-4c58eeb2b5cc,Language Specialist V4,"{""highlight"": true, ""version"": ""4"", ""hint_type"": """"}",5b6db224-bcf2-4de4-b239-58297b18872f,T1.Q2,"The use of metaphorical language (e.g., metaphors of war, disease, infection, invasion, alien, decay, etc) is....",RADIO,,,nominal,"{""version"": ""4"", ""alpha_distance"": ""nominal"", ""require_one_or_more"": true, ""hint_type"": """"}",5,0f5f1cea-3d24-482d-b7c2-b881a726023b,T1.Q2.A3,SOMEWHAT excessive/inappropriate,,0,1,"{""case_numbers"": true, ""highlight"": false, ""version"": ""4"", ""require_highlight"": true}"
Covid_Languagev1.1,a6eca3a8c143a31e7b37337f744912e6d33c5b2f49cd29570daee3cfdb9a017c,3228ec44-d42a-408b-ab67-4c58eeb2b5cc,Language Specialist V4,"{""highlight"": true, ""version"": ""4"", ""hint_type"": """"}",5b6db224-bcf2-4de4-b239-58297b18872f,T1.Q2,"The use of metaphorical language (e.g., metaphors of war, disease, infection, invasion, alien, decay, etc) is....",RADIO,,,nominal,"{""version"": ""4"", ""alpha_distance"": ""nominal"", ""require_one_or_more"": true, ""hint_type"": """"}",5,de0fd3bb-5b55-41b7-81a4-f0daad69ba69,T1.Q2.A4,MILDLY excessive/inappropriate,,0,1,"{""case_numbers"": true, ""highlight"": false, ""version"": ""4"", ""require_highlight"": true}"
Covid_Languagev1.1,a6eca3a8c143a31e7b37337f744912e6d33c5b2f49cd29570daee3cfdb9a017c,3228ec44-d42a-408b-ab67-4c58eeb2b5cc,Language Specialist V4,"{""highlight"": true, ""version"": ""4"", ""hint_type"": """"}",5b6db224-bcf2-4de4-b239-58297b18872f,T1.Q2,"The use of metaphorical language (e.g., metaphors of war, disease, infection, invasion, alien, decay, etc) is....",RADIO,,,nominal,"{""version"": ""4"", ""alpha_distance"": ""nominal"", ""require_one_or_more"": true, ""hint_type"": """"}",5,19849a7b-506f-44ff-bec2-66a59a497fd1,T1.Q2.A5,NOT AT ALL excessive/inappropriate,,0,1,"{""case_numbers"": true, ""highlight"": false, ""version"": ""4"", ""require_highlight"": true}"
Covid_Languagev1.1,a6eca3a8c143a31e7b37337f744912e6d33c5b2f49cd29570daee3cfdb9a017c,3228ec44-d42a-408b-ab67-4c58eeb2b5cc,Language Specialist V4,"{""highlight"": true, ""version"": ""4"", ""hint_type"": """"}",83cc6e4c-ff8c-4b65-a45e-09770e3c57f6,T1.Q3,How much does the exaggeration misrepresent reality?,RADIO,,,nominal,"{""version"": ""4"", ""alpha_distance"": ""nominal"", ""require_one_or_more"": true, ""hint_type"": """"}",5,a7e91558-10b6-46be-9d95-5959c20163b6,T1.Q3.A1,Enormous misrepresentation,,0,1,"{""case_numbers"": true, ""highlight"": false, ""version"": ""4"", ""require_highlight"": true}"
Covid_Languagev1.1,a6eca3a8c143a31e7b37337f744912e6d33c5b2f49cd29570daee3cfdb9a017c,3228ec44-d42a-408b-ab67-4c58eeb2b5cc,Language Specialist V4,"{""highlight"": true, ""version"": ""4"", ""hint_type"": """"}",83cc6e4c-ff8c-4b65-a45e-09770e3c57f6,T1.Q3,How much does the exaggeration misrepresent reality?,RADIO,,,nominal,"{""version"": ""4"", ""alpha_distance"": ""nominal"", ""require_one_or_more"": true, ""hint_type"": """"}",5,974a3ced-959f-439f-ab88-abe65741870c,T1.Q3.A2,Considerable misrepresentation,,0,1,"{""case_numbers"": true, ""highlight"": false, ""version"": ""4"", ""require_highlight"": true}"
Covid_Languagev1.1,a6eca3a8c143a31e7b37337f744912e6d33c5b2f49cd29570daee3cfdb9a017c,3228ec44-d42a-408b-ab67-4c58eeb2b5cc,Language Specialist V4,"{""highlight"": true, ""version"": ""4"", ""hint_type"": """"}",83cc6e4c-ff8c-4b65-a45e-09770e3c57f6,T1.Q3,How much does the exaggeration misrepresent reality?,RADIO,,,nominal,"{""version"": ""4"", ""alpha_distance"": ""nominal"", ""require_one_or_more"": true, ""hint_type"": """"}",5,8f0eadd5-9198-4193-a740-d4e672ce67c9,T1.Q3.A3,Some misrepresentation,,0,1,"{""case_numbers"": true, ""highlight"": false, ""version"": ""4"", ""require_highlight"": true}"
Covid_Languagev1.1,a6eca3a8c143a31e7b37337f744912e6d33c5b2f49cd29570daee3cfdb9a017c,3228ec44-d42a-408b-ab67-4c58eeb2b5cc,Language Specialist V4,"{""highlight"": true, ""version"": ""4"", ""hint_type"": """"}",83cc6e4c-ff8c-4b65-a45e-09770e3c57f6,T1.Q3,How much does the exaggeration misrepresent reality?,RADIO,,,nominal,"{""version"": ""4"", ""alpha_distance"": ""nominal"", ""require_one_or_more"": true, ""hint_type"": """"}",5,2ac45711-cc21-4fa3-a352-8c7a8154faea,T1.Q3.A4,Minor misrepresentation,,0,1,"{""case_numbers"": true, ""highlight"": false, ""version"": ""4"", ""require_highlight"": true}"
Covid_Languagev1.1,a6eca3a8c143a31e7b37337f744912e6d33c5b2f49cd29570daee3cfdb9a017c,3228ec44-d42a-408b-ab67-4c58eeb2b5cc,Language Specialist V4,"{""highlight"": true, ""version"": ""4"", ""hint_type"": """"}",83cc6e4c-ff8c-4b65-a45e-09770e3c57f6,T1.Q3,How much does the exaggeration misrepresent reality?,RADIO,,,nominal,"{""version"": ""4"", ""alpha_distance"": ""nominal"", ""require_one_or_more"": true, ""hint_type"": """"}",5,a7ea0311-1ed7-4423-8f07-9f34368ee48b,T1.Q3.A5,The exaggeration could not possibly mislead anyone,,0,1,"{""case_numbers"": true, ""highlight"": false, ""version"": ""4"", ""require_highlight"": true}"
Covid_Languagev1.1,a6eca3a8c143a31e7b37337f744912e6d33c5b2f49cd29570daee3cfdb9a017c,3228ec44-d42a-408b-ab67-4c58eeb2b5cc,Language Specialist V4,"{""highlight"": true, ""version"": ""4"", ""hint_type"": """"}",7139d542-1924-4295-b895-d166fbaa195c,T1.Q5,How strong is the emotional tone?,RADIO,,,nominal,"{""version"": ""4"", ""alpha_distance"": ""nominal"", ""require_one_or_more"": true, ""hint_type"": """"}",5,42425987-6576-4668-b03a-f521b7adfd34,T1.Q5.A1,Very strong,,0,1,"{""case_numbers"": true, ""highlight"": false, ""version"": ""4"", ""require_highlight"": true}"
Covid_Languagev1.1,a6eca3a8c143a31e7b37337f744912e6d33c5b2f49cd29570daee3cfdb9a017c,3228ec44-d42a-408b-ab67-4c58eeb2b5cc,Language Specialist V4,"{""highlight"": true, ""version"": ""4"", ""hint_type"": """"}",7139d542-1924-4295-b895-d166fbaa195c,T1.Q5,How strong is the emotional tone?,RADIO,,,nominal,"{""version"": ""4"", ""alpha_distance"": ""nominal"", ""require_one_or_more"": true, ""hint_type"": """"}",5,63529c39-b740-4922-a242-5329dd99c618,T1.Q5.A2,Somewhat strong,,0,1,"{""case_numbers"": true, ""highlight"": false, ""version"": ""4"", ""require_highlight"": true}"
Covid_Languagev1.1,a6eca3a8c143a31e7b37337f744912e6d33c5b2f49cd29570daee3cfdb9a017c,3228ec44-d42a-408b-ab67-4c58eeb2b5cc,Language Specialist V4,"{""highlight"": true, ""version"": ""4"", ""hint_type"": """"}",7139d542-1924-4295-b895-d166fbaa195c,T1.Q5,How strong is the emotional tone?,RADIO,,,nominal,"{""version"": ""4"", ""alpha_distance"": ""nominal"", ""require_one_or_more"": true, ""hint_type"": """"}",5,a9c667f1-1787-4fe4-bbfb-942bccf907cd,T1.Q5.A3,Moderate,,0,1,"{""case_numbers"": true, ""highlight"": false, ""version"": ""4"", ""require_highlight"": true}"
Covid_Languagev1.1,a6eca3a8c143a31e7b37337f744912e6d33c5b2f49cd29570daee3cfdb9a017c,3228ec44-d42a-408b-ab67-4c58eeb2b5cc,Language Specialist V4,"{""highlight"": true, ""version"": ""4"", ""hint_type"": """"}",7139d542-1924-4295-b895-d166fbaa195c,T1.Q5,How strong is the emotional tone?,RADIO,,,nominal,"{""version"": ""4"", ""alpha_distance"": ""nominal"", ""require_one_or_more"": true, ""hint_type"": """"}",5,ff6c158c-4ef1-40bc-8a19-d51a12b15fc2,T1.Q5.A4,Mild,,0,1,"{""case_numbers"": true, ""highlight"": false, ""version"": ""4"", ""require_highlight"": true}"
Covid_Languagev1.1,a6eca3a8c143a31e7b37337f744912e6d33c5b2f49cd29570daee3cfdb9a017c,3228ec44-d42a-408b-ab67-4c58eeb2b5cc,Language Specialist V4,"{""highlight"": true, ""version"": ""4"", ""hint_type"": """"}",7139d542-1924-4295-b895-d166fbaa195c,T1.Q5,How strong is the emotional tone?,RADIO,,,nominal,"{""version"": ""4"", ""alpha_distance"": ""nominal"", ""require_one_or_more"": true, ""hint_type"": """"}",5,f11e8b16-b361-48ba-ae81-f9040979b2db,T1.Q5.A5,Very mild,,0,1,"{""case_numbers"": true, ""highlight"": false, ""version"": ""4"", ""require_highlight"": true}"
Covid_Languagev1.1,a6eca3a8c143a31e7b37337f744912e6d33c5b2f49cd29570daee3cfdb9a017c,3228ec44-d42a-408b-ab67-4c58eeb2b5cc,Language Specialist V4,"{""highlight"": true, ""version"": ""4"", ""hint_type"": """"}",4b0903fa-9fba-48b0-9bfb-903f703c9ec1,T1.Q6,Which of the following emotions does the passage express? Check all that apply.,CHECKBOX,,,nominal,"{""version"": ""4"", ""alpha_distance"": ""nominal"", ""require_one_or_more"": true, ""hint_type"": """"}",8,fa353c41-dfb7-48da-9631-f7be33cbad5a,T1.Q6.A1,Disgust,,1,1,"{""case_numbers"": true, ""highlight"": true, ""version"": ""4"", ""require_highlight"": true}"
Covid_Languagev1.1,a6eca3a8c143a31e7b37337f744912e6d33c5b2f49cd29570daee3cfdb9a017c,3228ec44-d42a-408b-ab67-4c58eeb2b5cc,Language Specialist V4,"{""highlight"": true, ""version"": ""4"", ""hint_type"": """"}",4b0903fa-9fba-48b0-9bfb-903f703c9ec1,T1.Q6,Which of the following emotions does the passage express? Check all that apply.,CHECKBOX,,,nominal,"{""version"": ""4"", ""alpha_distance"": ""nominal"", ""require_one_or_more"": true, ""hint_type"": """"}",8,ac6db3b4-0ed4-471a-9319-6d86b449441d,T1.Q6.A2,Contempt,,1,1,"{""case_numbers"": true, ""highlight"": true, ""version"": ""4"", ""require_highlight"": true}"
Covid_Languagev1.1,a6eca3a8c143a31e7b37337f744912e6d33c5b2f49cd29570daee3cfdb9a017c,3228ec44-d42a-408b-ab67-4c58eeb2b5cc,Language Specialist V4,"{""highlight"": true, ""version"": ""4"", ""hint_type"": """"}",4b0903fa-9fba-48b0-9bfb-903f703c9ec1,T1.Q6,Which of the following emotions does the passage express? Check all that apply.,CHECKBOX,,,nominal,"{""version"": ""4"", ""alpha_distance"": ""nominal"", ""require_one_or_more"": true, ""hint_type"": """"}",8,e4c41648-088c-4de1-ae3f-b9455321b7a1,T1.Q6.A3,"Outrage, indignation",,1,1,"{""case_numbers"": true, ""highlight"": true, ""version"": ""4"", ""require_highlight"": true}"
Covid_Languagev1.1,a6eca3a8c143a31e7b37337f744912e6d33c5b2f49cd29570daee3cfdb9a017c,3228ec44-d42a-408b-ab67-4c58eeb2b5cc,Language Specialist V4,"{""highlight"": true, ""version"": ""4"", ""hint_type"": """"}",4b0903fa-9fba-48b0-9bfb-903f703c9ec1,T1.Q6,Which of the following emotions does the passage express? Check all that apply.,CHECKBOX,,,nominal,"{""version"": ""4"", ""alpha_distance"": ""nominal"", ""require_one_or_more"": true, ""hint_type"": """"}",8,a5c13dab-255b-4bf3-b684-e4d36b1f6332,T1.Q6.A4,"Fear, threat",,1,1,"{""case_numbers"": true, ""highlight"": true, ""version"": ""4"", ""require_highlight"": true}"
Covid_Languagev1.1,a6eca3a8c143a31e7b37337f744912e6d33c5b2f49cd29570daee3cfdb9a017c,3228ec44-d42a-408b-ab67-4c58eeb2b5cc,Language Specialist V4,"{""highlight"": true, ""version"": ""4"", ""hint_type"": """"}",4b0903fa-9fba-48b0-9bfb-903f703c9ec1,T1.Q6,Which of the following emotions does the passage express? Check all that apply.,CHECKBOX,,,nominal,"{""version"": ""4"", ""alpha_distance"": ""nominal"", ""require_one_or_more"": true, ""hint_type"": """"}",8,8368bdec-5ed0-421f-b46e-a8dc331c57d2,T1.Q6.A5,"Vindictiveness, spite",,1,1,"{""case_numbers"": true, ""highlight"": true, ""version"": ""4"", ""require_highlight"": true}"
Covid_Languagev1.1,a6eca3a8c143a31e7b37337f744912e6d33c5b2f49cd29570daee3cfdb9a017c,3228ec44-d42a-408b-ab67-4c58eeb2b5cc,Language Specialist V4,"{""highlight"": true, ""version"": ""4"", ""hint_type"": """"}",4b0903fa-9fba-48b0-9bfb-903f703c9ec1,T1.Q6,Which of the following emotions does the passage express? Check all that apply.,CHECKBOX,,,nominal,"{""version"": ""4"", ""alpha_distance"": ""nominal"", ""require_one_or_more"": true, ""hint_type"": """"}",8,3f07081c-e1a5-4b2f-b661-1bfdd859f837,T1.Q6.A6,Sadness,,1,1,"{""case_numbers"": true, ""highlight"": true, ""version"": ""4"", ""require_highlight"": true}"
Covid_Languagev1.1,a6eca3a8c143a31e7b37337f744912e6d33c5b2f49cd29570daee3cfdb9a017c,3228ec44-d42a-408b-ab67-4c58eeb2b5cc,Language Specialist V4,"{""highlight"": true, ""version"": ""4"", ""hint_type"": """"}",4b0903fa-9fba-48b0-9bfb-903f703c9ec1,T1.Q6,Which of the following emotions does the passage express? Check all that apply.,CHECKBOX,,,nominal,"{""version"": ""4"", ""alpha_distance"": ""nominal"", ""require_one_or_more"": true, ""hint_type"": """"}",8,7e762a60-3964-4e21-b5dd-6e116f58b8b1,T1.Q6.A7,"Enthusiasm, joy",,1,1,"{""case_numbers"": true, ""highlight"": true, ""version"": ""4"", ""require_highlight"": true}"
Covid_Languagev1.1,a6eca3a8c143a31e7b37337f744912e6d33c5b2f49cd29570daee3cfdb9a017c,3228ec44-d42a-408b-ab67-4c58eeb2b5cc,Language Specialist V4,"{""highlight"": true, ""version"": ""4"", ""hint_type"": """"}",4b0903fa-9fba-48b0-9bfb-903f703c9ec1,T1.Q6,Which of the following emotions does the passage express? Check all that apply.,CHECKBOX,,,nominal,"{""version"": ""4"", ""alpha_distance"": ""nominal"", ""require_one_or_more"": true, ""hint_type"": """"}",8,c4c37ce9-e24d-44ee-b712-80c097174f76,T1.Q6.A8,Other,T1.Q7,1,1,"{""case_numbers"": true, ""highlight"": true, ""version"": ""4"", ""require_highlight"": true}"
Covid_Languagev1.1,a6eca3a8c143a31e7b37337f744912e6d33c5b2f49cd29570daee3cfdb9a017c,3228ec44-d42a-408b-ab67-4c58eeb2b5cc,Language Specialist V4,"{""highlight"": true, ""version"": ""4"", ""hint_type"": """"}",882ed5d3-79e7-42bd-bccb-0274ba30663e,T1.Q7,What other emotion does the passage express?,TEXT,,,nominal,"{""version"": ""4"", ""alpha_distance"": ""nominal"", ""require_one_or_more"": true, ""hint_type"": """"}",1,c3c2eaf1-4d18-4a77-9c89-36d0d11fce9e,T1.Q7.A1,placeholder answer for TEXT,,0,1,"{""case_numbers"": true, ""highlight"": false, ""version"": ""4"", ""require_highlight"": true}"
Covid_Languagev1.1,a6eca3a8c143a31e7b37337f744912e6d33c5b2f49cd29570daee3cfdb9a017c,3228ec44-d42a-408b-ab67-4c58eeb2b5cc,Language Specialist V4,"{""highlight"": true, ""version"": ""4"", ""hint_type"": """"}",8b12a1cb-0fd6-4b59-848e-68c70f8c24d1,T1.Q9,How appropriate is the slang?,RADIO,,,nominal,"{""version"": ""4"", ""alpha_distance"": ""nominal"", ""require_one_or_more"": true, ""hint_type"": """"}",5,654cdd74-886d-4921-ba11-9e1e64a34391,T1.Q9.A1,Very inappropriate,,0,1,"{""case_numbers"": true, ""highlight"": false, ""version"": ""4"", ""require_highlight"": true}"
Covid_Languagev1.1,a6eca3a8c143a31e7b37337f744912e6d33c5b2f49cd29570daee3cfdb9a017c,3228ec44-d42a-408b-ab67-4c58eeb2b5cc,Language Specialist V4,"{""highlight"": true, ""version"": ""4"", ""hint_type"": """"}",8b12a1cb-0fd6-4b59-848e-68c70f8c24d1,T1.Q9,How appropriate is the slang?,RADIO,,,nominal,"{""version"": ""4"", ""alpha_distance"": ""nominal"", ""require_one_or_more"": true, ""hint_type"": """"}",5,99974b62-894e-441d-ba75-92212fceb53e,T1.Q9.A2,Somewhat inappropriate,,0,1,"{""case_numbers"": true, ""highlight"": false, ""version"": ""4"", ""require_highlight"": true}"
Covid_Languagev1.1,a6eca3a8c143a31e7b37337f744912e6d33c5b2f49cd29570daee3cfdb9a017c,3228ec44-d42a-408b-ab67-4c58eeb2b5cc,Language Specialist V4,"{""highlight"": true, ""version"": ""4"", ""hint_type"": """"}",8b12a1cb-0fd6-4b59-848e-68c70f8c24d1,T1.Q9,How appropriate is the slang?,RADIO,,,nominal,"{""version"": ""4"", ""alpha_distance"": ""nominal"", ""require_one_or_more"": true, ""hint_type"": """"}",5,868dd6bc-8a4f-4a67-be01-1dcfcc6f11bd,T1.Q9.A3,Moderately inappropriate,,0,1,"{""case_numbers"": true, ""highlight"": false, ""version"": ""4"", ""require_highlight"": true}"
Covid_Languagev1.1,a6eca3a8c143a31e7b37337f744912e6d33c5b2f49cd29570daee3cfdb9a017c,3228ec44-d42a-408b-ab67-4c58eeb2b5cc,Language Specialist V4,"{""highlight"": true, ""version"": ""4"", ""hint_type"": """"}",8b12a1cb-0fd6-4b59-848e-68c70f8c24d1,T1.Q9,How appropriate is the slang?,RADIO,,,nominal,"{""version"": ""4"", ""alpha_distance"": ""nominal"", ""require_one_or_more"": true, ""hint_type"": """"}",5,ca59209b-1209-4a3c-bae5-3df8b3ded09b,T1.Q9.A4,Mildly inappropriate,,0,1,"{""case_numbers"": true, ""highlight"": false, ""version"": ""4"", ""require_highlight"": true}"
Covid_Languagev1.1,a6eca3a8c143a31e7b37337f744912e6d33c5b2f49cd29570daee3cfdb9a017c,3228ec44-d42a-408b-ab67-4c58eeb2b5cc,Language Specialist V4,"{""highlight"": true, ""version"": ""4"", ""hint_type"": """"}",8b12a1cb-0fd6-4b59-848e-68c70f8c24d1,T1.Q9,How appropriate is the slang?,RADIO,,,nominal,"{""version"": ""4"", ""alpha_distance"": ""nominal"", ""require_one_or_more"": true, ""hint_type"": """"}",5,dc0eb26e-7eb9-4ac0-b806-74a346deb6cc,T1.Q9.A5,Completely appropriate,,0,1,"{""case_numbers"": true, ""highlight"": false, ""version"": ""4"", ""require_highlight"": true}"
Covid_Languagev1.1,a6eca3a8c143a31e7b37337f744912e6d33c5b2f49cd29570daee3cfdb9a017c,3228ec44-d42a-408b-ab67-4c58eeb2b5cc,Language Specialist V4,"{""highlight"": true, ""version"": ""4"", ""hint_type"": """"}",6a747513-a02a-4938-935b-35a7d312d13a,T1.Q10,Is the slang used to denigrate a group or perspective?,RADIO,,,nominal,"{""version"": ""4"", ""alpha_distance"": ""nominal"", ""require_one_or_more"": true, ""hint_type"": """"}",4,a4c7a0c7-328f-46b3-abb8-e7f607cc60d6,T1.Q10.A1,"Yes, definitely",,0,1,"{""case_numbers"": true, ""highlight"": false, ""version"": ""4"", ""require_highlight"": true}"
Covid_Languagev1.1,a6eca3a8c143a31e7b37337f744912e6d33c5b2f49cd29570daee3cfdb9a017c,3228ec44-d42a-408b-ab67-4c58eeb2b5cc,Language Specialist V4,"{""highlight"": true, ""version"": ""4"", ""hint_type"": """"}",6a747513-a02a-4938-935b-35a7d312d13a,T1.Q10,Is the slang used to denigrate a group or perspective?,RADIO,,,nominal,"{""version"": ""4"", ""alpha_distance"": ""nominal"", ""require_one_or_more"": true, ""hint_type"": """"}",4,0a2559c8-0521-4930-84a8-f0afcd01f71f,T1.Q10.A2,"Yes, somewhat",,0,1,"{""case_numbers"": true, ""highlight"": false, ""version"": ""4"", ""require_highlight"": true}"
Covid_Languagev1.1,a6eca3a8c143a31e7b37337f744912e6d33c5b2f49cd29570daee3cfdb9a017c,3228ec44-d42a-408b-ab67-4c58eeb2b5cc,Language Specialist V4,"{""highlight"": true, ""version"": ""4"", ""hint_type"": """"}",6a747513-a02a-4938-935b-35a7d312d13a,T1.Q10,Is the slang used to denigrate a group or perspective?,RADIO,,,nominal,"{""version"": ""4"", ""alpha_distance"": ""nominal"", ""require_one_or_more"": true, ""hint_type"": """"}",4,23c91176-f4ff-49ac-a9b2-4f932a23eda8,T1.Q10.A3,Maybe,,0,1,"{""case_numbers"": true, ""highlight"": false, ""version"": ""4"", ""require_highlight"": true}"
Covid_Languagev1.1,a6eca3a8c143a31e7b37337f744912e6d33c5b2f49cd29570daee3cfdb9a017c,3228ec44-d42a-408b-ab67-4c58eeb2b5cc,Language Specialist V4,"{""highlight"": true, ""version"": ""4"", ""hint_type"": """"}",6a747513-a02a-4938-935b-35a7d312d13a,T1.Q10,Is the slang used to denigrate a group or perspective?,RADIO,,,nominal,"{""version"": ""4"", ""alpha_distance"": ""nominal"", ""require_one_or_more"": true, ""hint_type"": """"}",4,00667895-f589-4f70-a558-54ba2f1570cd,T1.Q10.A4,No,,0,1,"{""case_numbers"": true, ""highlight"": false, ""version"": ""4"", ""require_highlight"": true}"
Covid_Languagev1.1,a6eca3a8c143a31e7b37337f744912e6d33c5b2f49cd29570daee3cfdb9a017c,3228ec44-d42a-408b-ab67-4c58eeb2b5cc,Language Specialist V4,"{""highlight"": true, ""version"": ""4"", ""hint_type"": """"}",b362accf-73d3-4ac1-b972-0b9dc50115d2,T1.Q11,Do the errors in the writing make understanding the text more difficult?,RADIO,,,nominal,"{""version"": ""4"", ""alpha_distance"": ""nominal"", ""require_one_or_more"": true, ""hint_type"": """"}",5,50f4df82-6244-47e3-b9a2-2b839527f8d3,T1.Q11.A1,Extremely,,0,1,"{""case_numbers"": true, ""highlight"": false, ""version"": ""4"", ""require_highlight"": true}"
Covid_Languagev1.1,a6eca3a8c143a31e7b37337f744912e6d33c5b2f49cd29570daee3cfdb9a017c,3228ec44-d42a-408b-ab67-4c58eeb2b5cc,Language Specialist V4,"{""highlight"": true, ""version"": ""4"", ""hint_type"": """"}",b362accf-73d3-4ac1-b972-0b9dc50115d2,T1.Q11,Do the errors in the writing make understanding the text more difficult?,RADIO,,,nominal,"{""version"": ""4"", ""alpha_distance"": ""nominal"", ""require_one_or_more"": true, ""hint_type"": """"}",5,6c7caac6-5738-4293-b992-47a278514c88,T1.Q11.A2,Considerably,,0,1,"{""case_numbers"": true, ""highlight"": false, ""version"": ""4"", ""require_highlight"": true}"
Covid_Languagev1.1,a6eca3a8c143a31e7b37337f744912e6d33c5b2f49cd29570daee3cfdb9a017c,3228ec44-d42a-408b-ab67-4c58eeb2b5cc,Language Specialist V4,"{""highlight"": true, ""version"": ""4"", ""hint_type"": """"}",b362accf-73d3-4ac1-b972-0b9dc50115d2,T1.Q11,Do the errors in the writing make understanding the text more difficult?,RADIO,,,nominal,"{""version"": ""4"", ""alpha_distance"": ""nominal"", ""require_one_or_more"": true, ""hint_type"": """"}",5,5951c977-8519-4a78-9a62-9825c243da50,T1.Q11.A3,Somewhat,,0,1,"{""case_numbers"": true, ""highlight"": false, ""version"": ""4"", ""require_highlight"": true}"
Covid_Languagev1.1,a6eca3a8c143a31e7b37337f744912e6d33c5b2f49cd29570daee3cfdb9a017c,3228ec44-d42a-408b-ab67-4c58eeb2b5cc,Language Specialist V4,"{""highlight"": true, ""version"": ""4"", ""hint_type"": """"}",b362accf-73d3-4ac1-b972-0b9dc50115d2,T1.Q11,Do the errors in the writing make understanding the text more difficult?,RADIO,,,nominal,"{""version"": ""4"", ""alpha_distance"": ""nominal"", ""require_one_or_more"": true, ""hint_type"": """"}",5,e429ccf4-6cba-4da1-aa80-2699e2554152,T1.Q11.A4,Mildly,,0,1,"{""case_numbers"": true, ""highlight"": false, ""version"": ""4"", ""require_highlight"": true}"
Covid_Languagev1.1,a6eca3a8c143a31e7b37337f744912e6d33c5b2f49cd29570daee3cfdb9a017c,3228ec44-d42a-408b-ab67-4c58eeb2b5cc,Language Specialist V4,"{""highlight"": true, ""version"": ""4"", ""hint_type"": """"}",b362accf-73d3-4ac1-b972-0b9dc50115d2,T1.Q11,Do the errors in the writing make understanding the text more difficult?,RADIO,,,nominal,"{""version"": ""4"", ""alpha_distance"": ""nominal"", ""require_one_or_more"": true, ""hint_type"": """"}",5,fb7c40c5-8bb9-486f-b9c3-45c3d0860cb9,T1.Q11.A5,Not at all,,0,1,"{""case_numbers"": true, ""highlight"": false, ""version"": ""4"", ""require_highlight"": true}"
Covid_Languagev1.1,a6eca3a8c143a31e7b37337f744912e6d33c5b2f49cd29570daee3cfdb9a017c,3228ec44-d42a-408b-ab67-4c58eeb2b5cc,Language Specialist V4,"{""highlight"": true, ""version"": ""4"", ""hint_type"": """"}",c8166612-c934-48eb-99ea-6f0be1de147e,T1.Q12,"Does the passage contain a particularly neutral, circumspect, or measured account of a frequently heated issue? If so, please offer them kudos.",RADIO,,,nominal,"{""version"": ""4"", ""alpha_distance"": ""nominal"", ""require_one_or_more"": true, ""hint_type"": """"}",4,1199a2a4-c9c4-4e74-a4c6-a43535f5b7aa,T1.Q12.A1,Nope,,0,1,"{""case_numbers"": false, ""highlight"": false, ""version"": ""4"", ""require_highlight"": true}"
Covid_Languagev1.1,a6eca3a8c143a31e7b37337f744912e6d33c5b2f49cd29570daee3cfdb9a017c,3228ec44-d42a-408b-ab67-4c58eeb2b5cc,Language Specialist V4,"{""highlight"": true, ""version"": ""4"", ""hint_type"": """"}",c8166612-c934-48eb-99ea-6f0be1de147e,T1.Q12,"Does the passage contain a particularly neutral, circumspect, or measured account of a frequently heated issue? If so, please offer them kudos.",RADIO,,,nominal,"{""version"": ""4"", ""alpha_distance"": ""nominal"", ""require_one_or_more"": true, ""hint_type"": """"}",4,22b1fe9e-bf91-41dc-a40c-b7fbe649d6f9,T1.Q12.A2,Good job!,,1,1,"{""case_numbers"": true, ""highlight"": true, ""version"": ""4"", ""require_highlight"": true}"
Covid_Languagev1.1,a6eca3a8c143a31e7b37337f744912e6d33c5b2f49cd29570daee3cfdb9a017c,3228ec44-d42a-408b-ab67-4c58eeb2b5cc,Language Specialist V4,"{""highlight"": true, ""version"": ""4"", ""hint_type"": """"}",c8166612-c934-48eb-99ea-6f0be1de147e,T1.Q12,"Does the passage contain a particularly neutral, circumspect, or measured account of a frequently heated issue? If so, please offer them kudos.",RADIO,,,nominal,"{""version"": ""4"", ""alpha_distance"": ""nominal"", ""require_one_or_more"": true, ""hint_type"": """"}",4,ad9d6dee-f385-4847-be82-eca6f4bf6847,T1.Q12.A3,Great job!,,1,1,"{""case_numbers"": true, ""highlight"": true, ""version"": ""4"", ""require_highlight"": true}"
Covid_Languagev1.1,a6eca3a8c143a31e7b37337f744912e6d33c5b2f49cd29570daee3cfdb9a017c,3228ec44-d42a-408b-ab67-4c58eeb2b5cc,Language Specialist V4,"{""highlight"": true, ""version"": ""4"", ""hint_type"": """"}",c8166612-c934-48eb-99ea-6f0be1de147e,T1.Q12,"Does the passage contain a particularly neutral, circumspect, or measured account of a frequently heated issue? If so, please offer them kudos.",RADIO,,,nominal,"{""version"": ""4"", ""alpha_distance"": ""nominal"", ""require_one_or_more"": true, ""hint_type"": """"}",4,05ae42f5-ddbd-44a4-9d96-20b296e03a82,T1.Q12.A4,Excellent job! (artfully and fairly presenting a very difficult subject),,1,1,"{""case_numbers"": true, ""highlight"": true, ""version"": ""4"", ""require_highlight"": true}"
Covid_Languagev1.1,a6eca3a8c143a31e7b37337f744912e6d33c5b2f49cd29570daee3cfdb9a017c,3228ec44-d42a-408b-ab67-4c58eeb2b5cc,Language Specialist V4,"{""highlight"": true, ""version"": ""4"", ""hint_type"": """"}",186e6349-e09a-41c2-b5dd-1061a9f332f0,T1.Q13,How misleading or otherwise problematic is the colorful language?,RADIO,,,nominal,"{""version"": ""4"", ""alpha_distance"": ""nominal"", ""require_one_or_more"": true, ""hint_type"": """"}",5,f1ecbbcf-92bc-41ea-a1fe-0099d74dcef8,T1.Q13.A1,Very,,0,1,"{""case_numbers"": true, ""highlight"": false, ""version"": ""4"", ""require_highlight"": true}"
Covid_Languagev1.1,a6eca3a8c143a31e7b37337f744912e6d33c5b2f49cd29570daee3cfdb9a017c,3228ec44-d42a-408b-ab67-4c58eeb2b5cc,Language Specialist V4,"{""highlight"": true, ""version"": ""4"", ""hint_type"": """"}",186e6349-e09a-41c2-b5dd-1061a9f332f0,T1.Q13,How misleading or otherwise problematic is the colorful language?,RADIO,,,nominal,"{""version"": ""4"", ""alpha_distance"": ""nominal"", ""require_one_or_more"": true, ""hint_type"": """"}",5,f624d91f-87b9-4cfd-b782-e3ecd62f3398,T1.Q13.A2,Somewhat,,0,1,"{""case_numbers"": true, ""highlight"": false, ""version"": ""4"", ""require_highlight"": true}"
Covid_Languagev1.1,a6eca3a8c143a31e7b37337f744912e6d33c5b2f49cd29570daee3cfdb9a017c,3228ec44-d42a-408b-ab67-4c58eeb2b5cc,Language Specialist V4,"{""highlight"": true, ""version"": ""4"", ""hint_type"": """"}",186e6349-e09a-41c2-b5dd-1061a9f332f0,T1.Q13,How misleading or otherwise problematic is the colorful language?,RADIO,,,nominal,"{""version"": ""4"", ""alpha_distance"": ""nominal"", ""require_one_or_more"": true, ""hint_type"": """"}",5,9ce95ce8-bb27-4062-81e0-d36e7ccabf70,T1.Q13.A3,Mildly,,0,1,"{""case_numbers"": true, ""highlight"": false, ""version"": ""4"", ""require_highlight"": true}"
Covid_Languagev1.1,a6eca3a8c143a31e7b37337f744912e6d33c5b2f49cd29570daee3cfdb9a017c,3228ec44-d42a-408b-ab67-4c58eeb2b5cc,Language Specialist V4,"{""highlight"": true, ""version"": ""4"", ""hint_type"": """"}",186e6349-e09a-41c2-b5dd-1061a9f332f0,T1.Q13,How misleading or otherwise problematic is the colorful language?,RADIO,,,nominal,"{""version"": ""4"", ""alpha_distance"": ""nominal"", ""require_one_or_more"": true, ""hint_type"": """"}",5,f3d1d997-2f8d-4d3e-b90c-3f22ba610ec9,T1.Q13.A4,Very Mildly,,0,1,"{""case_numbers"": true, ""highlight"": false, ""version"": ""4"", ""require_highlight"": true}"
Covid_Languagev1.1,a6eca3a8c143a31e7b37337f744912e6d33c5b2f49cd29570daee3cfdb9a017c,3228ec44-d42a-408b-ab67-4c58eeb2b5cc,Language Specialist V4,"{""highlight"": true, ""version"": ""4"", ""hint_type"": """"}",186e6349-e09a-41c2-b5dd-1061a9f332f0,T1.Q13,How misleading or otherwise problematic is the colorful language?,RADIO,,,nominal,"{""version"": ""4"", ""alpha_distance"": ""nominal"", ""require_one_or_more"": true, ""hint_type"": """"}",5,c53f0fc0-db97-49a7-95cf-735e8f67f23a,T1.Q13.A5,Not at all,,0,1,"{""case_numbers"": true, ""highlight"": false, ""version"": ""4"", ""require_highlight"": true}"
Covid_Languagev1.1,a6eca3a8c143a31e7b37337f744912e6d33c5b2f49cd29570daee3cfdb9a017c,3228ec44-d42a-408b-ab67-4c58eeb2b5cc,Language Specialist V4,"{""highlight"": true, ""version"": ""4"", ""hint_type"": """"}",7b494bfb-bcd1-48ca-ac79-75f43115340b,T1.Q14,"How difficult was this task for you, on the whole?",RADIO,,,nominal,"{""version"": ""4"", ""alpha_distance"": ""nominal"", ""require_one_or_more"": true, ""hint_type"": """"}",10,1bccf571-1344-428c-ac8e-de833661d9c4,T1.Q14.A1,1: Easiest thing I've ever done in a classroom setting,,0,1,"{""case_numbers"": true, ""highlight"": false, ""version"": ""4"", ""require_highlight"": true}"
Covid_Languagev1.1,a6eca3a8c143a31e7b37337f744912e6d33c5b2f49cd29570daee3cfdb9a017c,3228ec44-d42a-408b-ab67-4c58eeb2b5cc,Language Specialist V4,"{""highlight"": true, ""version"": ""4"", ""hint_type"": """"}",7b494bfb-bcd1-48ca-ac79-75f43115340b,T1.Q14,"How difficult was this task for you, on the whole?",RADIO,,,nominal,"{""version"": ""4"", ""alpha_distance"": ""nominal"", ""require_one_or_more"": true, ""hint_type"": """"}",10,f8b9aa2b-b0c4-478b-a31a-eabc42101dcb,T1.Q14.A2,2,,0,1,"{""case_numbers"": true, ""highlight"": false, ""version"": ""4"", ""require_highlight"": true}"
Covid_Languagev1.1,a6eca3a8c143a31e7b37337f744912e6d33c5b2f49cd29570daee3cfdb9a017c,3228ec44-d42a-408b-ab67-4c58eeb2b5cc,Language Specialist V4,"{""highlight"": true, ""version"": ""4"", ""hint_type"": """"}",7b494bfb-bcd1-48ca-ac79-75f43115340b,T1.Q14,"How difficult was this task for you, on the whole?",RADIO,,,nominal,"{""version"": ""4"", ""alpha_distance"": ""nominal"", ""require_one_or_more"": true, ""hint_type"": """"}",10,8983ed40-7485-4a46-b87f-df64af2061f8,T1.Q14.A3,3,,0,1,"{""case_numbers"": true, ""highlight"": false, ""version"": ""4"", ""require_highlight"": true}"
Covid_Languagev1.1,a6eca3a8c143a31e7b37337f744912e6d33c5b2f49cd29570daee3cfdb9a017c,3228ec44-d42a-408b-ab67-4c58eeb2b5cc,Language Specialist V4,"{""highlight"": true, ""version"": ""4"", ""hint_type"": """"}",7b494bfb-bcd1-48ca-ac79-75f43115340b,T1.Q14,"How difficult was this task for you, on the whole?",RADIO,,,nominal,"{""version"": ""4"", ""alpha_distance"": ""nominal"", ""require_one_or_more"": true, ""hint_type"": """"}",10,3bfed7e2-ed9a-43e5-ab1f-47d01f1070fb,T1.Q14.A4,4,,0,1,"{""case_numbers"": true, ""highlight"": false, ""version"": ""4"", ""require_highlight"": true}"
Covid_Languagev1.1,a6eca3a8c143a31e7b37337f744912e6d33c5b2f49cd29570daee3cfdb9a017c,3228ec44-d42a-408b-ab67-4c58eeb2b5cc,Language Specialist V4,"{""highlight"": true, ""version"": ""4"", ""hint_type"": """"}",7b494bfb-bcd1-48ca-ac79-75f43115340b,T1.Q14,"How difficult was this task for you, on the whole?",RADIO,,,nominal,"{""version"": ""4"", ""alpha_distance"": ""nominal"", ""require_one_or_more"": true, ""hint_type"": """"}",10,a2139417-0ef9-439c-8242-c280b487ad94,T1.Q14.A5,5: Middling difficulty,,0,1,"{""case_numbers"": true, ""highlight"": false, ""version"": ""4"", ""require_highlight"": true}"
Covid_Languagev1.1,a6eca3a8c143a31e7b37337f744912e6d33c5b2f49cd29570daee3cfdb9a017c,3228ec44-d42a-408b-ab67-4c58eeb2b5cc,Language Specialist V4,"{""highlight"": true, ""version"": ""4"", ""hint_type"": """"}",7b494bfb-bcd1-48ca-ac79-75f43115340b,T1.Q14,"How difficult was this task for you, on the whole?",RADIO,,,nominal,"{""version"": ""4"", ""alpha_distance"": ""nominal"", ""require_one_or_more"": true, ""hint_type"": """"}",10,4ebbddb4-5fc9-4f26-a219-f0be4343b50e,T1.Q14.A6,6,,0,1,"{""case_numbers"": true, ""highlight"": false, ""version"": ""4"", ""require_highlight"": true}"
Covid_Languagev1.1,a6eca3a8c143a31e7b37337f744912e6d33c5b2f49cd29570daee3cfdb9a017c,3228ec44-d42a-408b-ab67-4c58eeb2b5cc,Language Specialist V4,"{""highlight"": true, ""version"": ""4"", ""hint_type"": """"}",7b494bfb-bcd1-48ca-ac79-75f43115340b,T1.Q14,"How difficult was this task for you, on the whole?",RADIO,,,nominal,"{""version"": ""4"", ""alpha_distance"": ""nominal"", ""require_one_or_more"": true, ""hint_type"": """"}",10,ca4d8050-83e6-4416-ac9d-40778c264980,T1.Q14.A7,7,,0,1,"{""case_numbers"": true, ""highlight"": false, ""version"": ""4"", ""require_highlight"": true}"
Covid_Languagev1.1,a6eca3a8c143a31e7b37337f744912e6d33c5b2f49cd29570daee3cfdb9a017c,3228ec44-d42a-408b-ab67-4c58eeb2b5cc,Language Specialist V4,"{""highlight"": true, ""version"": ""4"", ""hint_type"": """"}",7b494bfb-bcd1-48ca-ac79-75f43115340b,T1.Q14,"How difficult was this task for you, on the whole?",RADIO,,,nominal,"{""version"": ""4"", ""alpha_distance"": ""nominal"", ""require_one_or_more"": true, ""hint_type"": """"}",10,dbbc054b-68a5-4bb0-be5b-4398fb00069d,T1.Q14.A8,8,,0,1,"{""case_numbers"": true, ""highlight"": false, ""version"": ""4"", ""require_highlight"": true}"
Covid_Languagev1.1,a6eca3a8c143a31e7b37337f744912e6d33c5b2f49cd29570daee3cfdb9a017c,3228ec44-d42a-408b-ab67-4c58eeb2b5cc,Language Specialist V4,"{""highlight"": true, ""version"": ""4"", ""hint_type"": """"}",7b494bfb-bcd1-48ca-ac79-75f43115340b,T1.Q14,"How difficult was this task for you, on the whole?",RADIO,,,nominal,"{""version"": ""4"", ""alpha_distance"": ""nominal"", ""require_one_or_more"": true, ""hint_type"": """"}",10,90d1346a-2910-4350-9175-665a49e91bc4,T1.Q14.A9,9,,0,1,"{""case_numbers"": true, ""highlight"": false, ""version"": ""4"", ""require_highlight"": true}"
Covid_Languagev1.1,a6eca3a8c143a31e7b37337f744912e6d33c5b2f49cd29570daee3cfdb9a017c,3228ec44-d42a-408b-ab67-4c58eeb2b5cc,Language Specialist V4,"{""highlight"": true, ""version"": ""4"", ""hint_type"": """"}",7b494bfb-bcd1-48ca-ac79-75f43115340b,T1.Q14,"How difficult was this task for you, on the whole?",RADIO,,,nominal,"{""version"": ""4"", ""alpha_distance"": ""nominal"", ""require_one_or_more"": true, ""hint_type"": """"}",10,9da56e1a-864b-45a4-958f-cc1beb085f39,T1.Q14.A10,10: Hardest thing I've ever done in a classroom setting,,0,1,"{""case_numbers"": true, ""highlight"": false, ""version"": ""4"", ""require_highlight"": true}"
Covid_Languagev1.1,a6eca3a8c143a31e7b37337f744912e6d33c5b2f49cd29570daee3cfdb9a017c,3228ec44-d42a-408b-ab67-4c58eeb2b5cc,Language Specialist V4,"{""highlight"": true, ""version"": ""4"", ""hint_type"": """"}",da96da4c-4e42-46e0-a39c-6c318af014f9,T1.Q15,"How confident are you about your answers, on the whole?",RADIO,,,nominal,"{""version"": ""4"", ""alpha_distance"": ""nominal"", ""require_one_or_more"": true, ""hint_type"": """"}",10,f0c3e396-3b6d-4fcc-ae76-512799416373,T1.Q15.A1,1: I was guessing randomly for everything,,0,1,"{""case_numbers"": true, ""highlight"": false, ""version"": ""4"", ""require_highlight"": true}"
Covid_Languagev1.1,a6eca3a8c143a31e7b37337f744912e6d33c5b2f49cd29570daee3cfdb9a017c,3228ec44-d42a-408b-ab67-4c58eeb2b5cc,Language Specialist V4,"{""highlight"": true, ""version"": ""4"", ""hint_type"": """"}",da96da4c-4e42-46e0-a39c-6c318af014f9,T1.Q15,"How confident are you about your answers, on the whole?",RADIO,,,nominal,"{""version"": ""4"", ""alpha_distance"": ""nominal"", ""require_one_or_more"": true, ""hint_type"": """"}",10,101ae206-28e3-4fc9-a8f2-0944534baa8d,T1.Q15.A2,2,,0,1,"{""case_numbers"": true, ""highlight"": false, ""version"": ""4"", ""require_highlight"": true}"
Covid_Languagev1.1,a6eca3a8c143a31e7b37337f744912e6d33c5b2f49cd29570daee3cfdb9a017c,3228ec44-d42a-408b-ab67-4c58eeb2b5cc,Language Specialist V4,"{""highlight"": true, ""version"": ""4"", ""hint_type"": """"}",da96da4c-4e42-46e0-a39c-6c318af014f9,T1.Q15,"How confident are you about your answers, on the whole?",RADIO,,,nominal,"{""version"": ""4"", ""alpha_distance"": ""nominal"", ""require_one_or_more"": true, ""hint_type"": """"}",10,bb75e9ce-c656-4eaa-a895-8f258f335de1,T1.Q15.A3,3,,0,1,"{""case_numbers"": true, ""highlight"": false, ""version"": ""4"", ""require_highlight"": true}"
Covid_Languagev1.1,a6eca3a8c143a31e7b37337f744912e6d33c5b2f49cd29570daee3cfdb9a017c,3228ec44-d42a-408b-ab67-4c58eeb2b5cc,Language Specialist V4,"{""highlight"": true, ""version"": ""4"", ""hint_type"": """"}",da96da4c-4e42-46e0-a39c-6c318af014f9,T1.Q15,"How confident are you about your answers, on the whole?",RADIO,,,nominal,"{""version"": ""4"", ""alpha_distance"": ""nominal"", ""require_one_or_more"": true, ""hint_type"": """"}",10,4444a121-f326-4b1a-9e00-d11b9db56d42,T1.Q15.A4,4,,0,1,"{""case_numbers"": true, ""highlight"": false, ""version"": ""4"", ""require_highlight"": true}"
Covid_Languagev1.1,a6eca3a8c143a31e7b37337f744912e6d33c5b2f49cd29570daee3cfdb9a017c,3228ec44-d42a-408b-ab67-4c58eeb2b5cc,Language Specialist V4,"{""highlight"": true, ""version"": ""4"", ""hint_type"": """"}",da96da4c-4e42-46e0-a39c-6c318af014f9,T1.Q15,"How confident are you about your answers, on the whole?",RADIO,,,nominal,"{""version"": ""4"", ""alpha_distance"": ""nominal"", ""require_one_or_more"": true, ""hint_type"": """"}",10,215e5ea4-8b76-412c-ac43-db118a714be9,T1.Q15.A5,5: 50-50,,0,1,"{""case_numbers"": true, ""highlight"": false, ""version"": ""4"", ""require_highlight"": true}"
Covid_Languagev1.1,a6eca3a8c143a31e7b37337f744912e6d33c5b2f49cd29570daee3cfdb9a017c,3228ec44-d42a-408b-ab67-4c58eeb2b5cc,Language Specialist V4,"{""highlight"": true, ""version"": ""4"", ""hint_type"": """"}",da96da4c-4e42-46e0-a39c-6c318af014f9,T1.Q15,"How confident are you about your answers, on the whole?",RADIO,,,nominal,"{""version"": ""4"", ""alpha_distance"": ""nominal"", ""require_one_or_more"": true, ""hint_type"": """"}",10,553e859b-9292-4603-b6c4-b149816fe32b,T1.Q15.A6,6,,0,1,"{""case_numbers"": true, ""highlight"": false, ""version"": ""4"", ""require_highlight"": true}"
Covid_Languagev1.1,a6eca3a8c143a31e7b37337f744912e6d33c5b2f49cd29570daee3cfdb9a017c,3228ec44-d42a-408b-ab67-4c58eeb2b5cc,Language Specialist V4,"{""highlight"": true, ""version"": ""4"", ""hint_type"": """"}",da96da4c-4e42-46e0-a39c-6c318af014f9,T1.Q15,"How confident are you about your answers, on the whole?",RADIO,,,nominal,"{""version"": ""4"", ""alpha_distance"": ""nominal"", ""require_one_or_more"": true, ""hint_type"": """"}",10,82a67310-fc33-41da-9658-a0ec596bfc31,T1.Q15.A7,7,,0,1,"{""case_numbers"": true, ""highlight"": false, ""version"": ""4"", ""require_highlight"": true}"
Covid_Languagev1.1,a6eca3a8c143a31e7b37337f744912e6d33c5b2f49cd29570daee3cfdb9a017c,3228ec44-d42a-408b-ab67-4c58eeb2b5cc,Language Specialist V4,"{""highlight"": true, ""version"": ""4"", ""hint_type"": """"}",da96da4c-4e42-46e0-a39c-6c318af014f9,T1.Q15,"How confident are you about your answers, on the whole?",RADIO,,,nominal,"{""version"": ""4"", ""alpha_distance"": ""nominal"", ""require_one_or_more"": true, ""hint_type"": """"}",10,fcb8fe36-923f-47b7-b67e-e4061e97c2f4,T1.Q15.A8,8,,0,1,"{""case_numbers"": true, ""highlight"": false, ""version"": ""4"", ""require_highlight"": true}"
Covid_Languagev1.1,a6eca3a8c143a31e7b37337f744912e6d33c5b2f49cd29570daee3cfdb9a017c,3228ec44-d42a-408b-ab67-4c58eeb2b5cc,Language Specialist V4,"{""highlight"": true, ""version"": ""4"", ""hint_type"": """"}",da96da4c-4e42-46e0-a39c-6c318af014f9,T1.Q15,"How confident are you about your answers, on the whole?",RADIO,,,nominal,"{""version"": ""4"", ""alpha_distance"": ""nominal"", ""require_one_or_more"": true, ""hint_type"": """"}",10,2e6d8c3f-c8e5-485e-bf50-0827f607c446,T1.Q15.A9,9,,0,1,"{""case_numbers"": true, ""highlight"": false, ""version"": ""4"", ""require_highlight"": true}"
Covid_Languagev1.1,a6eca3a8c143a31e7b37337f744912e6d33c5b2f49cd29570daee3cfdb9a017c,3228ec44-d42a-408b-ab67-4c58eeb2b5cc,Language Specialist V4,"{""highlight"": true, ""version"": ""4"", ""hint_type"": """"}",da96da4c-4e42-46e0-a39c-6c318af014f9,T1.Q15,"How confident are you about your answers, on the whole?",RADIO,,,nominal,"{""version"": ""4"", ""alpha_distance"": ""nominal"", ""require_one_or_more"": true, ""hint_type"": """"}",10,3f131e41-3b36-4316-ae7d-98e026575a04,T1.Q15.A10,10: 100% certain about all my answers,,0,1,"{""case_numbers"": true, ""highlight"": false, ""version"": ""4"", ""require_highlight"": true}"
