namespace,schema_sha256,topic_uuid,topic_name,topic_options,question_uuid,question_label,question_text,question_type,question_hint_type,question_next_questions,alpha_distance,question_options,answer_count,answer_uuid,answer_label,answer_content,answer_next_questions,highlight,require_highlight,answer_options
Covid2_Holistic_2020_09_20,ecbc4694fc8c286d80f8c8e9c5e6bfe9be77574f71dd9f3fa981543445ac27ab,e2c2c4be-386f-4892-9aad-38c33004e031,Holistic Evaluation of Article,"{""highlight"": true, ""version"": ""4"", ""hint_type"": """"}",06b9bda6-6911-472e-a469-6ddd711d6044,T1.Q1,What type of article is this?,RADIO,,,nominal,"{""version"": ""4"", ""alpha_distance"": ""nominal"", ""require_one_or_more"": true, ""hint_type"": """"}",9,17526085-a37e-4a47-b307-ce08cbd0d52c,T1.Q1.A1,News report,,0,1,"{""case_numbers"": false, ""highlight"": false, ""version"": ""4"", ""require_highlight"": true}"
Covid2_Holistic_2020_09_20,ecbc4694fc8c286d80f8c8e9c5e6bfe9be77574f71dd9f3fa981543445ac27ab,e2c2c4be-386f-4892-9aad-38c33004e031,Holistic Evaluation of Article,"{""highlight"": true, ""version"": ""4"", ""hint_type"": """"}",06b9bda6-6911-472e-a469-6ddd711d6044,T1.Q1,What type of article is this?,RADIO,,,nominal,"{""version"": ""4"", ""alpha_distance"": ""nominal"", ""require_one_or_more"": true, ""hint_type"": """"}",9,4578af45-b41f-4248-8ab4-2d9bcbb177eb,T1.Q1.A2,Feature article/In depth analysis,,0,1,"{""case_numbers"": false, ""highlight"": false, ""version"": ""4"", ""require_highlight"": true}"
Covid2_Holistic_2020_09_20,ecbc4694fc8c286d80f8c8e9c5e6bfe9be77574f71dd9f3fa981543445ac27ab,e2c2c4be-386f-4892-9aad-38c33004e031,Holistic Evaluation of Article,"{""highlight"": true, ""version"": ""4"", ""hint_type"": """"}",06b9bda6-6911-472e-a469-6ddd711d6044,T1.Q1,What type of article is this?,RADIO,,,nominal,"{""version"": ""4"", ""alpha_distance"": ""nominal"", ""require_one_or_more"": true, ""hint_type"": """"}",9,e4370c21-9c6d-4458-979b-037fc20650e9,T1.Q1.A3,Opinion piece/Editorial/Op Ed,,0,1,"{""case_numbers"": false, ""highlight"": false, ""version"": ""4"", ""require_highlight"": true}"
Covid2_Holistic_2020_09_20,ecbc4694fc8c286d80f8c8e9c5e6bfe9be77574f71dd9f3fa981543445ac27ab,e2c2c4be-386f-4892-9aad-38c33004e031,Holistic Evaluation of Article,"{""highlight"": true, ""version"": ""4"", ""hint_type"": """"}",06b9bda6-6911-472e-a469-6ddd711d6044,T1.Q1,What type of article is this?,RADIO,,,nominal,"{""version"": ""4"", ""alpha_distance"": ""nominal"", ""require_one_or_more"": true, ""hint_type"": """"}",9,4732d2ff-1657-465a-b516-5e9e6595c13f,T1.Q1.A4,Sponsored content,,0,1,"{""case_numbers"": false, ""highlight"": false, ""version"": ""4"", ""require_highlight"": true}"
Covid2_Holistic_2020_09_20,ecbc4694fc8c286d80f8c8e9c5e6bfe9be77574f71dd9f3fa981543445ac27ab,e2c2c4be-386f-4892-9aad-38c33004e031,Holistic Evaluation of Article,"{""highlight"": true, ""version"": ""4"", ""hint_type"": """"}",06b9bda6-6911-472e-a469-6ddd711d6044,T1.Q1,What type of article is this?,RADIO,,,nominal,"{""version"": ""4"", ""alpha_distance"": ""nominal"", ""require_one_or_more"": true, ""hint_type"": """"}",9,889d94df-e903-4fa1-8829-210a92ac8583,T1.Q1.A5,Letter to the Editor,,0,1,"{""case_numbers"": false, ""highlight"": false, ""version"": ""4"", ""require_highlight"": true}"
Covid2_Holistic_2020_09_20,ecbc4694fc8c286d80f8c8e9c5e6bfe9be77574f71dd9f3fa981543445ac27ab,e2c2c4be-386f-4892-9aad-38c33004e031,Holistic Evaluation of Article,"{""highlight"": true, ""version"": ""4"", ""hint_type"": """"}",06b9bda6-6911-472e-a469-6ddd711d6044,T1.Q1,What type of article is this?,RADIO,,,nominal,"{""version"": ""4"", ""alpha_distance"": ""nominal"", ""require_one_or_more"": true, ""hint_type"": """"}",9,5ff600c1-27f4-4e2c-9d1e-54e4768f8650,T1.Q1.A6,Interview,,0,1,"{""case_numbers"": false, ""highlight"": false, ""version"": ""4"", ""require_highlight"": true}"
Covid2_Holistic_2020_09_20,ecbc4694fc8c286d80f8c8e9c5e6bfe9be77574f71dd9f3fa981543445ac27ab,e2c2c4be-386f-4892-9aad-38c33004e031,Holistic Evaluation of Article,"{""highlight"": true, ""version"": ""4"", ""hint_type"": """"}",06b9bda6-6911-472e-a469-6ddd711d6044,T1.Q1,What type of article is this?,RADIO,,,nominal,"{""version"": ""4"", ""alpha_distance"": ""nominal"", ""require_one_or_more"": true, ""hint_type"": """"}",9,3598bd7f-6572-4dfd-b523-d26c419f87ed,T1.Q1.A7,Hyper-Partisan,,0,1,"{""case_numbers"": false, ""highlight"": false, ""version"": ""4"", ""require_highlight"": true}"
Covid2_Holistic_2020_09_20,ecbc4694fc8c286d80f8c8e9c5e6bfe9be77574f71dd9f3fa981543445ac27ab,e2c2c4be-386f-4892-9aad-38c33004e031,Holistic Evaluation of Article,"{""highlight"": true, ""version"": ""4"", ""hint_type"": """"}",06b9bda6-6911-472e-a469-6ddd711d6044,T1.Q1,What type of article is this?,RADIO,,,nominal,"{""version"": ""4"", ""alpha_distance"": ""nominal"", ""require_one_or_more"": true, ""hint_type"": """"}",9,d3b93de8-27ff-4fbb-a842-fcc894727d71,T1.Q1.A8,Listicle,,0,1,"{""case_numbers"": false, ""highlight"": false, ""version"": ""4"", ""require_highlight"": true}"
Covid2_Holistic_2020_09_20,ecbc4694fc8c286d80f8c8e9c5e6bfe9be77574f71dd9f3fa981543445ac27ab,e2c2c4be-386f-4892-9aad-38c33004e031,Holistic Evaluation of Article,"{""highlight"": true, ""version"": ""4"", ""hint_type"": """"}",06b9bda6-6911-472e-a469-6ddd711d6044,T1.Q1,What type of article is this?,RADIO,,,nominal,"{""version"": ""4"", ""alpha_distance"": ""nominal"", ""require_one_or_more"": true, ""hint_type"": """"}",9,d9a4fa35-aa19-41b3-a35e-a43f7026a53e,T1.Q1.A9,Other/Can't tell,T1.Q2,0,1,"{""case_numbers"": false, ""highlight"": false, ""version"": ""4"", ""require_highlight"": true}"
Covid2_Holistic_2020_09_20,ecbc4694fc8c286d80f8c8e9c5e6bfe9be77574f71dd9f3fa981543445ac27ab,e2c2c4be-386f-4892-9aad-38c33004e031,Holistic Evaluation of Article,"{""highlight"": true, ""version"": ""4"", ""hint_type"": """"}",3b251857-2e2d-4ce3-ae28-65ab70f299d1,T1.Q2,You said it was some “Other” type of article. What type of article is it?,TEXT,,,nominal,"{""version"": ""4"", ""alpha_distance"": ""nominal"", ""require_one_or_more"": true, ""hint_type"": """"}",1,12c9830c-2546-40b8-89ed-91e16cb6df7c,T1.Q2.A1,placeholder answer for TEXT,,0,1,"{""case_numbers"": true, ""highlight"": false, ""version"": ""4"", ""require_highlight"": true}"
Covid2_Holistic_2020_09_20,ecbc4694fc8c286d80f8c8e9c5e6bfe9be77574f71dd9f3fa981543445ac27ab,e2c2c4be-386f-4892-9aad-38c33004e031,Holistic Evaluation of Article,"{""highlight"": true, ""version"": ""4"", ""hint_type"": """"}",5326d102-d6e4-48ec-a76f-362da67a3db9,T1.Q3,What is the article's topic area? (check all that apply),CHECKBOX,,,nominal,"{""version"": ""4"", ""alpha_distance"": ""nominal"", ""require_one_or_more"": true, ""hint_type"": """"}",12,d0ea72e8-2dd2-48e6-a411-14761e5066c5,T1.Q3.A1,U.S. Events,,0,1,"{""case_numbers"": true, ""highlight"": false, ""version"": ""4"", ""require_highlight"": true}"
Covid2_Holistic_2020_09_20,ecbc4694fc8c286d80f8c8e9c5e6bfe9be77574f71dd9f3fa981543445ac27ab,e2c2c4be-386f-4892-9aad-38c33004e031,Holistic Evaluation of Article,"{""highlight"": true, ""version"": ""4"", ""hint_type"": """"}",5326d102-d6e4-48ec-a76f-362da67a3db9,T1.Q3,What is the article's topic area? (check all that apply),CHECKBOX,,,nominal,"{""version"": ""4"", ""alpha_distance"": ""nominal"", ""require_one_or_more"": true, ""hint_type"": """"}",12,17d820aa-ba01-45bc-a8b4-74910cbf4f45,T1.Q3.A2,World Events,,0,1,"{""case_numbers"": true, ""highlight"": false, ""version"": ""4"", ""require_highlight"": true}"
Covid2_Holistic_2020_09_20,ecbc4694fc8c286d80f8c8e9c5e6bfe9be77574f71dd9f3fa981543445ac27ab,e2c2c4be-386f-4892-9aad-38c33004e031,Holistic Evaluation of Article,"{""highlight"": true, ""version"": ""4"", ""hint_type"": """"}",5326d102-d6e4-48ec-a76f-362da67a3db9,T1.Q3,What is the article's topic area? (check all that apply),CHECKBOX,,,nominal,"{""version"": ""4"", ""alpha_distance"": ""nominal"", ""require_one_or_more"": true, ""hint_type"": """"}",12,22f7e87e-b798-4a50-bbba-35e7cf8ce394,T1.Q3.A3,Politics,,0,1,"{""case_numbers"": true, ""highlight"": false, ""version"": ""4"", ""require_highlight"": true}"
Covid2_Holistic_2020_09_20,ecbc4694fc8c286d80f8c8e9c5e6bfe9be77574f71dd9f3fa981543445ac27ab,e2c2c4be-386f-4892-9aad-38c33004e031,Holistic Evaluation of Article,"{""highlight"": true, ""version"": ""4"", ""hint_type"": """"}",5326d102-d6e4-48ec-a76f-362da67a3db9,T1.Q3,What is the article's topic area? (check all that apply),CHECKBOX,,,nominal,"{""version"": ""4"", ""alpha_distance"": ""nominal"", ""require_one_or_more"": true, ""hint_type"": """"}",12,8c6d07d8-c4f8-43c8-b71d-2010c29d419f,T1.Q3.A4,Science,,0,1,"{""case_numbers"": true, ""highlight"": false, ""version"": ""4"", ""require_highlight"": true}"
Covid2_Holistic_2020_09_20,ecbc4694fc8c286d80f8c8e9c5e6bfe9be77574f71dd9f3fa981543445ac27ab,e2c2c4be-386f-4892-9aad-38c33004e031,Holistic Evaluation of Article,"{""highlight"": true, ""version"": ""4"", ""hint_type"": """"}",5326d102-d6e4-48ec-a76f-362da67a3db9,T1.Q3,What is the article's topic area? (check all that apply),CHECKBOX,,,nominal,"{""version"": ""4"", ""alpha_distance"": ""nominal"", ""require_one_or_more"": true, ""hint_type"": """"}",12,5e30d79b-4a8d-4b06-a7aa-ed2ee990bd34,T1.Q3.A5,Health,,0,1,"{""case_numbers"": true, ""highlight"": false, ""version"": ""4"", ""require_highlight"": true}"
Covid2_Holistic_2020_09_20,ecbc4694fc8c286d80f8c8e9c5e6bfe9be77574f71dd9f3fa981543445ac27ab,e2c2c4be-386f-4892-9aad-38c33004e031,Holistic Evaluation of Article,"{""highlight"": true, ""version"": ""4"", ""hint_type"": """"}",5326d102-d6e4-48ec-a76f-362da67a3db9,T1.Q3,What is the article's topic area? (check all that apply),CHECKBOX,,,nominal,"{""version"": ""4"", ""alpha_distance"": ""nominal"", ""require_one_or_more"": true, ""hint_type"": """"}",12,0c03059a-408e-4d5b-9500-23e851fbfc89,T1.Q3.A6,Business,,0,1,"{""case_numbers"": true, ""highlight"": false, ""version"": ""4"", ""require_highlight"": true}"
Covid2_Holistic_2020_09_20,ecbc4694fc8c286d80f8c8e9c5e6bfe9be77574f71dd9f3fa981543445ac27ab,e2c2c4be-386f-4892-9aad-38c33004e031,Holistic Evaluation of Article,"{""highlight"": true, ""version"": ""4"", ""hint_type"": """"}",5326d102-d6e4-48ec-a76f-362da67a3db9,T1.Q3,What is the article's topic area? (check all that apply),CHECKBOX,,,nominal,"{""version"": ""4"", ""alpha_distance"": ""nominal"", ""require_one_or_more"": true, ""hint_type"": """"}",12,a3bae448-36b8-4f8f-a956-9e917274cb6f,T1.Q3.A7,Tech,,0,1,"{""case_numbers"": true, ""highlight"": false, ""version"": ""4"", ""require_highlight"": true}"
Covid2_Holistic_2020_09_20,ecbc4694fc8c286d80f8c8e9c5e6bfe9be77574f71dd9f3fa981543445ac27ab,e2c2c4be-386f-4892-9aad-38c33004e031,Holistic Evaluation of Article,"{""highlight"": true, ""version"": ""4"", ""hint_type"": """"}",5326d102-d6e4-48ec-a76f-362da67a3db9,T1.Q3,What is the article's topic area? (check all that apply),CHECKBOX,,,nominal,"{""version"": ""4"", ""alpha_distance"": ""nominal"", ""require_one_or_more"": true, ""hint_type"": """"}",12,db96ff7f-9499-4bca-aa2d-e223221c957d,T1.Q3.A8,Celebrity,,0,1,"{""case_numbers"": true, ""highlight"": false, ""version"": ""4"", ""require_highlight"": true}"
Covid2_Holistic_2020_09_20,ecbc4694fc8c286d80f8c8e9c5e6bfe9be77574f71dd9f3fa981543445ac27ab,e2c2c4be-386f-4892-9aad-38c33004e031,Holistic Evaluation of Article,"{""highlight"": true, ""version"": ""4"", ""hint_type"": """"}",5326d102-d6e4-48ec-a76f-362da67a3db9,T1.Q3,What is the article's topic area? (check all that apply),CHECKBOX,,,nominal,"{""version"": ""4"", ""alpha_distance"": ""nominal"", ""require_one_or_more"": true, ""hint_type"": """"}",12,456c220a-1429-45df-85a9-5f862cd99411,T1.Q3.A9,Sports,,0,1,"{""case_numbers"": true, ""highlight"": false, ""version"": ""4"", ""require_highlight"": true}"
Covid2_Holistic_2020_09_20,ecbc4694fc8c286d80f8c8e9c5e6bfe9be77574f71dd9f3fa981543445ac27ab,e2c2c4be-386f-4892-9aad-38c33004e031,Holistic Evaluation of Article,"{""highlight"": true, ""version"": ""4"", ""hint_type"": """"}",5326d102-d6e4-48ec-a76f-362da67a3db9,T1.Q3,What is the article's topic area? (check all that apply),CHECKBOX,,,nominal,"{""version"": ""4"", ""alpha_distance"": ""nominal"", ""require_one_or_more"": true, ""hint_type"": """"}",12,4f1c4e3b-97a7-40ea-a144-712c44834eed,T1.Q3.A10,Arts,,0,1,"{""case_numbers"": true, ""highlight"": false, ""version"": ""4"", ""require_highlight"": true}"
Covid2_Holistic_2020_09_20,ecbc4694fc8c286d80f8c8e9c5e6bfe9be77574f71dd9f3fa981543445ac27ab,e2c2c4be-386f-4892-9aad-38c33004e031,Holistic Evaluation of Article,"{""highlight"": true, ""version"": ""4"", ""hint_type"": """"}",5326d102-d6e4-48ec-a76f-362da67a3db9,T1.Q3,What is the article's topic area? (check all that apply),CHECKBOX,,,nominal,"{""version"": ""4"", ""alpha_distance"": ""nominal"", ""require_one_or_more"": true, ""hint_type"": """"}",12,99433469-ec23-4409-b08d-148c3e1e76eb,T1.Q3.A11,"Lifestyle (food, fashion, travel, etc.)",,0,1,"{""case_numbers"": true, ""highlight"": false, ""version"": ""4"", ""require_highlight"": true}"
Covid2_Holistic_2020_09_20,ecbc4694fc8c286d80f8c8e9c5e6bfe9be77574f71dd9f3fa981543445ac27ab,e2c2c4be-386f-4892-9aad-38c33004e031,Holistic Evaluation of Article,"{""highlight"": true, ""version"": ""4"", ""hint_type"": """"}",5326d102-d6e4-48ec-a76f-362da67a3db9,T1.Q3,What is the article's topic area? (check all that apply),CHECKBOX,,,nominal,"{""version"": ""4"", ""alpha_distance"": ""nominal"", ""require_one_or_more"": true, ""hint_type"": """"}",12,6420fccd-205e-4a52-b192-9e569e8e1c85,T1.Q3.A12,Other,T1.Q4,0,1,"{""case_numbers"": true, ""highlight"": false, ""version"": ""4"", ""require_highlight"": true}"
Covid2_Holistic_2020_09_20,ecbc4694fc8c286d80f8c8e9c5e6bfe9be77574f71dd9f3fa981543445ac27ab,e2c2c4be-386f-4892-9aad-38c33004e031,Holistic Evaluation of Article,"{""highlight"": true, ""version"": ""4"", ""hint_type"": """"}",65b74449-28ea-47f6-8ba3-645eb3cce163,T1.Q4,You said an “Other” topic was discussed in the article. What was the topic?,TEXT,,,nominal,"{""version"": ""4"", ""alpha_distance"": ""nominal"", ""require_one_or_more"": true, ""hint_type"": """"}",1,a816a565-0843-4fb8-84c1-6fd9238b4d34,T1.Q4.A1,placeholder answer for TEXT,,0,1,"{""case_numbers"": true, ""highlight"": false, ""version"": ""4"", ""require_highlight"": true}"
Covid2_Holistic_2020_09_20,ecbc4694fc8c286d80f8c8e9c5e6bfe9be77574f71dd9f3fa981543445ac27ab,e2c2c4be-386f-4892-9aad-38c33004e031,Holistic Evaluation of Article,"{""highlight"": true, ""version"": ""4"", ""hint_type"": """"}",7c4c14e9-4037-4c0a-a6d3-7086b298d5b1,T1.Q5,"Before carefully reading the article, would you have been inclined to agree or disagree with its point of view?",RADIO,,,nominal,"{""version"": ""4"", ""alpha_distance"": ""nominal"", ""require_one_or_more"": true, ""hint_type"": """"}",5,00109489-c358-45d4-b5b0-9fde7c71c753,T1.Q5.A1,Strongly Agree with the article's point of view,,0,1,"{""case_numbers"": true, ""highlight"": false, ""version"": ""4"", ""require_highlight"": true}"
Covid2_Holistic_2020_09_20,ecbc4694fc8c286d80f8c8e9c5e6bfe9be77574f71dd9f3fa981543445ac27ab,e2c2c4be-386f-4892-9aad-38c33004e031,Holistic Evaluation of Article,"{""highlight"": true, ""version"": ""4"", ""hint_type"": """"}",7c4c14e9-4037-4c0a-a6d3-7086b298d5b1,T1.Q5,"Before carefully reading the article, would you have been inclined to agree or disagree with its point of view?",RADIO,,,nominal,"{""version"": ""4"", ""alpha_distance"": ""nominal"", ""require_one_or_more"": true, ""hint_type"": """"}",5,592ce604-e8f6-4daa-be8a-d7dda99fba4c,T1.Q5.A2,Somewhat Agree,,0,1,"{""case_numbers"": true, ""highlight"": false, ""version"": ""4"", ""require_highlight"": true}"
Covid2_Holistic_2020_09_20,ecbc4694fc8c286d80f8c8e9c5e6bfe9be77574f71dd9f3fa981543445ac27ab,e2c2c4be-386f-4892-9aad-38c33004e031,Holistic Evaluation of Article,"{""highlight"": true, ""version"": ""4"", ""hint_type"": """"}",7c4c14e9-4037-4c0a-a6d3-7086b298d5b1,T1.Q5,"Before carefully reading the article, would you have been inclined to agree or disagree with its point of view?",RADIO,,,nominal,"{""version"": ""4"", ""alpha_distance"": ""nominal"", ""require_one_or_more"": true, ""hint_type"": """"}",5,943df8ef-33eb-4213-a87f-373f649ba838,T1.Q5.A3,Neutral,,0,1,"{""case_numbers"": true, ""highlight"": false, ""version"": ""4"", ""require_highlight"": true}"
Covid2_Holistic_2020_09_20,ecbc4694fc8c286d80f8c8e9c5e6bfe9be77574f71dd9f3fa981543445ac27ab,e2c2c4be-386f-4892-9aad-38c33004e031,Holistic Evaluation of Article,"{""highlight"": true, ""version"": ""4"", ""hint_type"": """"}",7c4c14e9-4037-4c0a-a6d3-7086b298d5b1,T1.Q5,"Before carefully reading the article, would you have been inclined to agree or disagree with its point of view?",RADIO,,,nominal,"{""version"": ""4"", ""alpha_distance"": ""nominal"", ""require_one_or_more"": true, ""hint_type"": """"}",5,29f689c2-39a9-4af4-b3d6-11be9de39d06,T1.Q5.A4,Somewhat Disagree,,0,1,"{""case_numbers"": true, ""highlight"": false, ""version"": ""4"", ""require_highlight"": true}"
Covid2_Holistic_2020_09_20,ecbc4694fc8c286d80f8c8e9c5e6bfe9be77574f71dd9f3fa981543445ac27ab,e2c2c4be-386f-4892-9aad-38c33004e031,Holistic Evaluation of Article,"{""highlight"": true, ""version"": ""4"", ""hint_type"": """"}",7c4c14e9-4037-4c0a-a6d3-7086b298d5b1,T1.Q5,"Before carefully reading the article, would you have been inclined to agree or disagree with its point of view?",RADIO,,,nominal,"{""version"": ""4"", ""alpha_distance"": ""nominal"", ""require_one_or_more"": true, ""hint_type"": """"}",5,1351770d-add4-4569-80ee-754461a54e99,T1.Q5.A5,Strongly Disagree with the article's point of view,,0,1,"{""case_numbers"": true, ""highlight"": false, ""version"": ""4"", ""require_highlight"": true}"
Covid2_Holistic_2020_09_20,ecbc4694fc8c286d80f8c8e9c5e6bfe9be77574f71dd9f3fa981543445ac27ab,e2c2c4be-386f-4892-9aad-38c33004e031,Holistic Evaluation of Article,"{""highlight"": true, ""version"": ""4"", ""hint_type"": """"}",153e8f3a-5707-4720-9094-51eb5e8f1bd0,T1.Q6,What kind of information does the article include?  (Check all that apply.),CHECKBOX,,,nominal,"{""version"": ""4"", ""alpha_distance"": ""nominal"", ""require_one_or_more"": true, ""hint_type"": """"}",8,a4fd9774-408b-4edb-94b8-006a2d0e1201,T1.Q6.A1,Arguments,,0,1,"{""case_numbers"": true, ""highlight"": false, ""version"": ""4"", ""require_highlight"": true}"
Covid2_Holistic_2020_09_20,ecbc4694fc8c286d80f8c8e9c5e6bfe9be77574f71dd9f3fa981543445ac27ab,e2c2c4be-386f-4892-9aad-38c33004e031,Holistic Evaluation of Article,"{""highlight"": true, ""version"": ""4"", ""hint_type"": """"}",153e8f3a-5707-4720-9094-51eb5e8f1bd0,T1.Q6,What kind of information does the article include?  (Check all that apply.),CHECKBOX,,,nominal,"{""version"": ""4"", ""alpha_distance"": ""nominal"", ""require_one_or_more"": true, ""hint_type"": """"}",8,8bea723c-8b3d-4d15-891c-4897e1c42919,T1.Q6.A2,Proposed explanation(s),,0,1,"{""case_numbers"": true, ""highlight"": false, ""version"": ""4"", ""require_highlight"": true}"
Covid2_Holistic_2020_09_20,ecbc4694fc8c286d80f8c8e9c5e6bfe9be77574f71dd9f3fa981543445ac27ab,e2c2c4be-386f-4892-9aad-38c33004e031,Holistic Evaluation of Article,"{""highlight"": true, ""version"": ""4"", ""hint_type"": """"}",153e8f3a-5707-4720-9094-51eb5e8f1bd0,T1.Q6,What kind of information does the article include?  (Check all that apply.),CHECKBOX,,,nominal,"{""version"": ""4"", ""alpha_distance"": ""nominal"", ""require_one_or_more"": true, ""hint_type"": """"}",8,3ae30fe2-d2fb-49d5-9f9b-ca6d1c717279,T1.Q6.A3,Neutral descriptions of events,,0,1,"{""case_numbers"": true, ""highlight"": false, ""version"": ""4"", ""require_highlight"": true}"
Covid2_Holistic_2020_09_20,ecbc4694fc8c286d80f8c8e9c5e6bfe9be77574f71dd9f3fa981543445ac27ab,e2c2c4be-386f-4892-9aad-38c33004e031,Holistic Evaluation of Article,"{""highlight"": true, ""version"": ""4"", ""hint_type"": """"}",153e8f3a-5707-4720-9094-51eb5e8f1bd0,T1.Q6,What kind of information does the article include?  (Check all that apply.),CHECKBOX,,,nominal,"{""version"": ""4"", ""alpha_distance"": ""nominal"", ""require_one_or_more"": true, ""hint_type"": """"}",8,db6f6243-6405-48b2-a4db-ae94c696a9b9,T1.Q6.A4,Quotes,,0,1,"{""case_numbers"": true, ""highlight"": false, ""version"": ""4"", ""require_highlight"": true}"
Covid2_Holistic_2020_09_20,ecbc4694fc8c286d80f8c8e9c5e6bfe9be77574f71dd9f3fa981543445ac27ab,e2c2c4be-386f-4892-9aad-38c33004e031,Holistic Evaluation of Article,"{""highlight"": true, ""version"": ""4"", ""hint_type"": """"}",153e8f3a-5707-4720-9094-51eb5e8f1bd0,T1.Q6,What kind of information does the article include?  (Check all that apply.),CHECKBOX,,,nominal,"{""version"": ""4"", ""alpha_distance"": ""nominal"", ""require_one_or_more"": true, ""hint_type"": """"}",8,0ceadf85-d644-4534-ae61-4d39c5f1bc70,T1.Q6.A5,Scientific study or discovery,,0,1,"{""case_numbers"": true, ""highlight"": false, ""version"": ""4"", ""require_highlight"": true}"
Covid2_Holistic_2020_09_20,ecbc4694fc8c286d80f8c8e9c5e6bfe9be77574f71dd9f3fa981543445ac27ab,e2c2c4be-386f-4892-9aad-38c33004e031,Holistic Evaluation of Article,"{""highlight"": true, ""version"": ""4"", ""hint_type"": """"}",153e8f3a-5707-4720-9094-51eb5e8f1bd0,T1.Q6,What kind of information does the article include?  (Check all that apply.),CHECKBOX,,,nominal,"{""version"": ""4"", ""alpha_distance"": ""nominal"", ""require_one_or_more"": true, ""hint_type"": """"}",8,3b64c973-4959-47a7-86f8-b52f6eec9963,T1.Q6.A6,Human interest story,,0,1,"{""case_numbers"": true, ""highlight"": false, ""version"": ""4"", ""require_highlight"": true}"
Covid2_Holistic_2020_09_20,ecbc4694fc8c286d80f8c8e9c5e6bfe9be77574f71dd9f3fa981543445ac27ab,e2c2c4be-386f-4892-9aad-38c33004e031,Holistic Evaluation of Article,"{""highlight"": true, ""version"": ""4"", ""hint_type"": """"}",153e8f3a-5707-4720-9094-51eb5e8f1bd0,T1.Q6,What kind of information does the article include?  (Check all that apply.),CHECKBOX,,,nominal,"{""version"": ""4"", ""alpha_distance"": ""nominal"", ""require_one_or_more"": true, ""hint_type"": """"}",8,2ddeccbe-a1fe-42c4-8099-3133fb3dbe3b,T1.Q6.A7,Potentially controversial or flawed information,,0,1,"{""case_numbers"": true, ""highlight"": false, ""version"": ""4"", ""require_highlight"": true}"
Covid2_Holistic_2020_09_20,ecbc4694fc8c286d80f8c8e9c5e6bfe9be77574f71dd9f3fa981543445ac27ab,e2c2c4be-386f-4892-9aad-38c33004e031,Holistic Evaluation of Article,"{""highlight"": true, ""version"": ""4"", ""hint_type"": """"}",153e8f3a-5707-4720-9094-51eb5e8f1bd0,T1.Q6,What kind of information does the article include?  (Check all that apply.),CHECKBOX,,,nominal,"{""version"": ""4"", ""alpha_distance"": ""nominal"", ""require_one_or_more"": true, ""hint_type"": """"}",8,381bcaf9-681b-4373-9ad7-1356cc89b34d,T1.Q6.A8,Emotional or biased presentation,,0,1,"{""case_numbers"": true, ""highlight"": false, ""version"": ""4"", ""require_highlight"": true}"
Covid2_Holistic_2020_09_20,ecbc4694fc8c286d80f8c8e9c5e6bfe9be77574f71dd9f3fa981543445ac27ab,e2c2c4be-386f-4892-9aad-38c33004e031,Holistic Evaluation of Article,"{""highlight"": true, ""version"": ""4"", ""hint_type"": """"}",5622a4b5-ec62-4956-af25-8e156857f198,T1.Q7,"Given what you know about the world, how *credible* does the article seem to you, overall?",RADIO,,,ordinal,"{""version"": ""4"", ""alpha_distance"": ""ordinal"", ""require_one_or_more"": true, ""hint_type"": """"}",5,c4e2f59f-e05b-47b7-8e30-00593b10611d,T1.Q7.A1,Very credible,,0,1,"{""case_numbers"": true, ""highlight"": false, ""version"": ""4"", ""require_highlight"": true}"
Covid2_Holistic_2020_09_20,ecbc4694fc8c286d80f8c8e9c5e6bfe9be77574f71dd9f3fa981543445ac27ab,e2c2c4be-386f-4892-9aad-38c33004e031,Holistic Evaluation of Article,"{""highlight"": true, ""version"": ""4"", ""hint_type"": """"}",5622a4b5-ec62-4956-af25-8e156857f198,T1.Q7,"Given what you know about the world, how *credible* does the article seem to you, overall?",RADIO,,,ordinal,"{""version"": ""4"", ""alpha_distance"": ""ordinal"", ""require_one_or_more"": true, ""hint_type"": """"}",5,a68ebc39-bd65-481b-9f43-a7fda855d506,T1.Q7.A2,Fairly credible,,0,1,"{""case_numbers"": true, ""highlight"": false, ""version"": ""4"", ""require_highlight"": true}"
Covid2_Holistic_2020_09_20,ecbc4694fc8c286d80f8c8e9c5e6bfe9be77574f71dd9f3fa981543445ac27ab,e2c2c4be-386f-4892-9aad-38c33004e031,Holistic Evaluation of Article,"{""highlight"": true, ""version"": ""4"", ""hint_type"": """"}",5622a4b5-ec62-4956-af25-8e156857f198,T1.Q7,"Given what you know about the world, how *credible* does the article seem to you, overall?",RADIO,,,ordinal,"{""version"": ""4"", ""alpha_distance"": ""ordinal"", ""require_one_or_more"": true, ""hint_type"": """"}",5,a47ff7b2-ad96-4025-bab8-5d0ffb6b593b,T1.Q7.A3,Somewhat credible,,0,1,"{""case_numbers"": true, ""highlight"": false, ""version"": ""4"", ""require_highlight"": true}"
Covid2_Holistic_2020_09_20,ecbc4694fc8c286d80f8c8e9c5e6bfe9be77574f71dd9f3fa981543445ac27ab,e2c2c4be-386f-4892-9aad-38c33004e031,Holistic Evaluation of Article,"{""highlight"": true, ""version"": ""4"", ""hint_type"": """"}",5622a4b5-ec62-4956-af25-8e156857f198,T1.Q7,"Given what you know about the world, how *credible* does the article seem to you, overall?",RADIO,,,ordinal,"{""version"": ""4"", ""alpha_distance"": ""ordinal"", ""require_one_or_more"": true, ""hint_type"": """"}",5,74b2a186-e631-4af9-a23c-ba32df80d4a1,T1.Q7.A4,Slightly credible,,0,1,"{""case_numbers"": true, ""highlight"": false, ""version"": ""4"", ""require_highlight"": true}"
Covid2_Holistic_2020_09_20,ecbc4694fc8c286d80f8c8e9c5e6bfe9be77574f71dd9f3fa981543445ac27ab,e2c2c4be-386f-4892-9aad-38c33004e031,Holistic Evaluation of Article,"{""highlight"": true, ""version"": ""4"", ""hint_type"": """"}",5622a4b5-ec62-4956-af25-8e156857f198,T1.Q7,"Given what you know about the world, how *credible* does the article seem to you, overall?",RADIO,,,ordinal,"{""version"": ""4"", ""alpha_distance"": ""ordinal"", ""require_one_or_more"": true, ""hint_type"": """"}",5,06441c0c-e68c-4394-b514-4d4e3dd09488,T1.Q7.A5,Not at all credible,,0,1,"{""case_numbers"": true, ""highlight"": false, ""version"": ""4"", ""require_highlight"": true}"
Covid2_Holistic_2020_09_20,ecbc4694fc8c286d80f8c8e9c5e6bfe9be77574f71dd9f3fa981543445ac27ab,e2c2c4be-386f-4892-9aad-38c33004e031,Holistic Evaluation of Article,"{""highlight"": true, ""version"": ""4"", ""hint_type"": """"}",3f46c0e4-9094-4ef4-bf8d-3293bacdde23,T1.Q8,"Given what you know about the world, how *biased* does the article seem to you, overall?",RADIO,,,ordinal,"{""version"": ""4"", ""alpha_distance"": ""ordinal"", ""require_one_or_more"": true, ""hint_type"": """"}",5,b4b2a9e2-759c-43d9-b0eb-505a1daf0438,T1.Q8.A1,Extremely biased,T1.Q9,0,1,"{""case_numbers"": true, ""highlight"": false, ""version"": ""4"", ""require_highlight"": true}"
Covid2_Holistic_2020_09_20,ecbc4694fc8c286d80f8c8e9c5e6bfe9be77574f71dd9f3fa981543445ac27ab,e2c2c4be-386f-4892-9aad-38c33004e031,Holistic Evaluation of Article,"{""highlight"": true, ""version"": ""4"", ""hint_type"": """"}",3f46c0e4-9094-4ef4-bf8d-3293bacdde23,T1.Q8,"Given what you know about the world, how *biased* does the article seem to you, overall?",RADIO,,,ordinal,"{""version"": ""4"", ""alpha_distance"": ""ordinal"", ""require_one_or_more"": true, ""hint_type"": """"}",5,452122d1-cdf9-48e4-99b0-20ae2bb756b2,T1.Q8.A2,Very biased,T1.Q9,0,1,"{""case_numbers"": true, ""highlight"": false, ""version"": ""4"", ""require_highlight"": true}"
Covid2_Holistic_2020_09_20,ecbc4694fc8c286d80f8c8e9c5e6bfe9be77574f71dd9f3fa981543445ac27ab,e2c2c4be-386f-4892-9aad-38c33004e031,Holistic Evaluation of Article,"{""highlight"": true, ""version"": ""4"", ""hint_type"": """"}",3f46c0e4-9094-4ef4-bf8d-3293bacdde23,T1.Q8,"Given what you know about the world, how *biased* does the article seem to you, overall?",RADIO,,,ordinal,"{""version"": ""4"", ""alpha_distance"": ""ordinal"", ""require_one_or_more"": true, ""hint_type"": """"}",5,27815e6e-36f9-4a0a-bb85-be61addbca22,T1.Q8.A3,Somewhat biased,T1.Q9,0,1,"{""case_numbers"": true, ""highlight"": false, ""version"": ""4"", ""require_highlight"": true}"
Covid2_Holistic_2020_09_20,ecbc4694fc8c286d80f8c8e9c5e6bfe9be77574f71dd9f3fa981543445ac27ab,e2c2c4be-386f-4892-9aad-38c33004e031,Holistic Evaluation of Article,"{""highlight"": true, ""version"": ""4"", ""hint_type"": """"}",3f46c0e4-9094-4ef4-bf8d-3293bacdde23,T1.Q8,"Given what you know about the world, how *biased* does the article seem to you, overall?",RADIO,,,ordinal,"{""version"": ""4"", ""alpha_distance"": ""ordinal"", ""require_one_or_more"": true, ""hint_type"": """"}",5,b8c8eb0d-ad9e-4d51-a766-4ddd01549d42,T1.Q8.A4,Mildly biased,T1.Q9,0,1,"{""case_numbers"": true, ""highlight"": false, ""version"": ""4"", ""require_highlight"": true}"
Covid2_Holistic_2020_09_20,ecbc4694fc8c286d80f8c8e9c5e6bfe9be77574f71dd9f3fa981543445ac27ab,e2c2c4be-386f-4892-9aad-38c33004e031,Holistic Evaluation of Article,"{""highlight"": true, ""version"": ""4"", ""hint_type"": """"}",3f46c0e4-9094-4ef4-bf8d-3293bacdde23,T1.Q8,"Given what you know about the world, how *biased* does the article seem to you, overall?",RADIO,,,ordinal,"{""version"": ""4"", ""alpha_distance"": ""ordinal"", ""require_one_or_more"": true, ""hint_type"": """"}",5,13cebc33-07d9-42a3-a569-e921dc210212,T1.Q8.A5,Not at all biased,,0,1,"{""case_numbers"": true, ""highlight"": false, ""version"": ""4"", ""require_highlight"": true}"
Covid2_Holistic_2020_09_20,ecbc4694fc8c286d80f8c8e9c5e6bfe9be77574f71dd9f3fa981543445ac27ab,e2c2c4be-386f-4892-9aad-38c33004e031,Holistic Evaluation of Article,"{""highlight"": true, ""version"": ""4"", ""hint_type"": """"}",0993202d-05d7-4fd8-bce0-85e50dfd70c1,T1.Q9,What kind of bias is apparent in the article? Check all that apply.,CHECKBOX,,,nominal,"{""version"": ""4"", ""alpha_distance"": ""nominal"", ""require_one_or_more"": true, ""hint_type"": """"}",9,bcfb58c7-f6af-4c0a-8949-2d25874d52a1,T1.Q9.A1,Right partisan,,0,1,"{""case_numbers"": true, ""highlight"": false, ""version"": ""4"", ""require_highlight"": true}"
Covid2_Holistic_2020_09_20,ecbc4694fc8c286d80f8c8e9c5e6bfe9be77574f71dd9f3fa981543445ac27ab,e2c2c4be-386f-4892-9aad-38c33004e031,Holistic Evaluation of Article,"{""highlight"": true, ""version"": ""4"", ""hint_type"": """"}",0993202d-05d7-4fd8-bce0-85e50dfd70c1,T1.Q9,What kind of bias is apparent in the article? Check all that apply.,CHECKBOX,,,nominal,"{""version"": ""4"", ""alpha_distance"": ""nominal"", ""require_one_or_more"": true, ""hint_type"": """"}",9,ee4c72d0-c0ef-4512-899a-9262356969e0,T1.Q9.A2,Left partisan,,0,1,"{""case_numbers"": true, ""highlight"": false, ""version"": ""4"", ""require_highlight"": true}"
Covid2_Holistic_2020_09_20,ecbc4694fc8c286d80f8c8e9c5e6bfe9be77574f71dd9f3fa981543445ac27ab,e2c2c4be-386f-4892-9aad-38c33004e031,Holistic Evaluation of Article,"{""highlight"": true, ""version"": ""4"", ""hint_type"": """"}",0993202d-05d7-4fd8-bce0-85e50dfd70c1,T1.Q9,What kind of bias is apparent in the article? Check all that apply.,CHECKBOX,,,nominal,"{""version"": ""4"", ""alpha_distance"": ""nominal"", ""require_one_or_more"": true, ""hint_type"": """"}",9,091a7e66-129a-4c7d-8dcf-7bd2fac39683,T1.Q9.A3,Elitist,,0,1,"{""case_numbers"": true, ""highlight"": false, ""version"": ""4"", ""require_highlight"": true}"
Covid2_Holistic_2020_09_20,ecbc4694fc8c286d80f8c8e9c5e6bfe9be77574f71dd9f3fa981543445ac27ab,e2c2c4be-386f-4892-9aad-38c33004e031,Holistic Evaluation of Article,"{""highlight"": true, ""version"": ""4"", ""hint_type"": """"}",0993202d-05d7-4fd8-bce0-85e50dfd70c1,T1.Q9,What kind of bias is apparent in the article? Check all that apply.,CHECKBOX,,,nominal,"{""version"": ""4"", ""alpha_distance"": ""nominal"", ""require_one_or_more"": true, ""hint_type"": """"}",9,a0a0066c-504a-4f16-a6ea-a2f6f9acf48e,T1.Q9.A4,Populist,,0,1,"{""case_numbers"": true, ""highlight"": false, ""version"": ""4"", ""require_highlight"": true}"
Covid2_Holistic_2020_09_20,ecbc4694fc8c286d80f8c8e9c5e6bfe9be77574f71dd9f3fa981543445ac27ab,e2c2c4be-386f-4892-9aad-38c33004e031,Holistic Evaluation of Article,"{""highlight"": true, ""version"": ""4"", ""hint_type"": """"}",0993202d-05d7-4fd8-bce0-85e50dfd70c1,T1.Q9,What kind of bias is apparent in the article? Check all that apply.,CHECKBOX,,,nominal,"{""version"": ""4"", ""alpha_distance"": ""nominal"", ""require_one_or_more"": true, ""hint_type"": """"}",9,e393e073-ad06-47ee-9140-541120ace4be,T1.Q9.A5,Class/Economic status,,0,1,"{""case_numbers"": true, ""highlight"": false, ""version"": ""4"", ""require_highlight"": true}"
Covid2_Holistic_2020_09_20,ecbc4694fc8c286d80f8c8e9c5e6bfe9be77574f71dd9f3fa981543445ac27ab,e2c2c4be-386f-4892-9aad-38c33004e031,Holistic Evaluation of Article,"{""highlight"": true, ""version"": ""4"", ""hint_type"": """"}",0993202d-05d7-4fd8-bce0-85e50dfd70c1,T1.Q9,What kind of bias is apparent in the article? Check all that apply.,CHECKBOX,,,nominal,"{""version"": ""4"", ""alpha_distance"": ""nominal"", ""require_one_or_more"": true, ""hint_type"": """"}",9,4267c699-59d8-4cd9-900a-96ad53d88f59,T1.Q9.A6,Gender/Sexuality,,0,1,"{""case_numbers"": true, ""highlight"": false, ""version"": ""4"", ""require_highlight"": true}"
Covid2_Holistic_2020_09_20,ecbc4694fc8c286d80f8c8e9c5e6bfe9be77574f71dd9f3fa981543445ac27ab,e2c2c4be-386f-4892-9aad-38c33004e031,Holistic Evaluation of Article,"{""highlight"": true, ""version"": ""4"", ""hint_type"": """"}",0993202d-05d7-4fd8-bce0-85e50dfd70c1,T1.Q9,What kind of bias is apparent in the article? Check all that apply.,CHECKBOX,,,nominal,"{""version"": ""4"", ""alpha_distance"": ""nominal"", ""require_one_or_more"": true, ""hint_type"": """"}",9,0376bfc1-b0d6-4726-b131-481f064e984e,T1.Q9.A7,Race/Ethnicity,,0,1,"{""case_numbers"": true, ""highlight"": false, ""version"": ""4"", ""require_highlight"": true}"
Covid2_Holistic_2020_09_20,ecbc4694fc8c286d80f8c8e9c5e6bfe9be77574f71dd9f3fa981543445ac27ab,e2c2c4be-386f-4892-9aad-38c33004e031,Holistic Evaluation of Article,"{""highlight"": true, ""version"": ""4"", ""hint_type"": """"}",0993202d-05d7-4fd8-bce0-85e50dfd70c1,T1.Q9,What kind of bias is apparent in the article? Check all that apply.,CHECKBOX,,,nominal,"{""version"": ""4"", ""alpha_distance"": ""nominal"", ""require_one_or_more"": true, ""hint_type"": """"}",9,170121b8-6a68-4d29-a3bc-788b8cc56223,T1.Q9.A8,Age/Generational,,0,1,"{""case_numbers"": true, ""highlight"": false, ""version"": ""4"", ""require_highlight"": true}"
Covid2_Holistic_2020_09_20,ecbc4694fc8c286d80f8c8e9c5e6bfe9be77574f71dd9f3fa981543445ac27ab,e2c2c4be-386f-4892-9aad-38c33004e031,Holistic Evaluation of Article,"{""highlight"": true, ""version"": ""4"", ""hint_type"": """"}",0993202d-05d7-4fd8-bce0-85e50dfd70c1,T1.Q9,What kind of bias is apparent in the article? Check all that apply.,CHECKBOX,,,nominal,"{""version"": ""4"", ""alpha_distance"": ""nominal"", ""require_one_or_more"": true, ""hint_type"": """"}",9,b6c40ce0-c9f1-4bfe-a2b9-060721dde230,T1.Q9.A9,Other,,0,1,"{""case_numbers"": true, ""highlight"": false, ""version"": ""4"", ""require_highlight"": true}"
Covid2_Holistic_2020_09_20,ecbc4694fc8c286d80f8c8e9c5e6bfe9be77574f71dd9f3fa981543445ac27ab,e2c2c4be-386f-4892-9aad-38c33004e031,Holistic Evaluation of Article,"{""highlight"": true, ""version"": ""4"", ""hint_type"": """"}",c97fb2c1-8968-4d0c-9e1b-a5fa4bae00cd,T1.Q10,How would you describe the approach of the article? (Check all that apply.),CHECKBOX,,,nominal,"{""version"": ""4"", ""alpha_distance"": ""nominal"", ""require_one_or_more"": true, ""hint_type"": """"}",5,58d650bb-95b6-4506-a476-6f70ed5bc0ef,T1.Q10.A1,Neutral description of a recent or ongoing event,,0,1,"{""case_numbers"": true, ""highlight"": false, ""version"": ""4"", ""require_highlight"": true}"
Covid2_Holistic_2020_09_20,ecbc4694fc8c286d80f8c8e9c5e6bfe9be77574f71dd9f3fa981543445ac27ab,e2c2c4be-386f-4892-9aad-38c33004e031,Holistic Evaluation of Article,"{""highlight"": true, ""version"": ""4"", ""hint_type"": """"}",c97fb2c1-8968-4d0c-9e1b-a5fa4bae00cd,T1.Q10,How would you describe the approach of the article? (Check all that apply.),CHECKBOX,,,nominal,"{""version"": ""4"", ""alpha_distance"": ""nominal"", ""require_one_or_more"": true, ""hint_type"": """"}",5,3c7c8028-94a2-48a7-a9ae-826d7ddefa62,T1.Q10.A2,"Report of what some person, body, or group said",,0,1,"{""case_numbers"": true, ""highlight"": false, ""version"": ""4"", ""require_highlight"": true}"
Covid2_Holistic_2020_09_20,ecbc4694fc8c286d80f8c8e9c5e6bfe9be77574f71dd9f3fa981543445ac27ab,e2c2c4be-386f-4892-9aad-38c33004e031,Holistic Evaluation of Article,"{""highlight"": true, ""version"": ""4"", ""hint_type"": """"}",c97fb2c1-8968-4d0c-9e1b-a5fa4bae00cd,T1.Q10,How would you describe the approach of the article? (Check all that apply.),CHECKBOX,,,nominal,"{""version"": ""4"", ""alpha_distance"": ""nominal"", ""require_one_or_more"": true, ""hint_type"": """"}",5,a6e1fcd9-15fe-4b32-ba05-1bc07c4a0224,T1.Q10.A3,Evaluation/analysis of a recent or ongoing event,,0,1,"{""case_numbers"": true, ""highlight"": false, ""version"": ""4"", ""require_highlight"": true}"
Covid2_Holistic_2020_09_20,ecbc4694fc8c286d80f8c8e9c5e6bfe9be77574f71dd9f3fa981543445ac27ab,e2c2c4be-386f-4892-9aad-38c33004e031,Holistic Evaluation of Article,"{""highlight"": true, ""version"": ""4"", ""hint_type"": """"}",c97fb2c1-8968-4d0c-9e1b-a5fa4bae00cd,T1.Q10,How would you describe the approach of the article? (Check all that apply.),CHECKBOX,,,nominal,"{""version"": ""4"", ""alpha_distance"": ""nominal"", ""require_one_or_more"": true, ""hint_type"": """"}",5,b33af86b-7e3c-4220-ad8d-44e40b21a994,T1.Q10.A4,Proposed explanation of a phenomenon or event,,0,1,"{""case_numbers"": true, ""highlight"": false, ""version"": ""4"", ""require_highlight"": true}"
Covid2_Holistic_2020_09_20,ecbc4694fc8c286d80f8c8e9c5e6bfe9be77574f71dd9f3fa981543445ac27ab,e2c2c4be-386f-4892-9aad-38c33004e031,Holistic Evaluation of Article,"{""highlight"": true, ""version"": ""4"", ""hint_type"": """"}",c97fb2c1-8968-4d0c-9e1b-a5fa4bae00cd,T1.Q10,How would you describe the approach of the article? (Check all that apply.),CHECKBOX,,,nominal,"{""version"": ""4"", ""alpha_distance"": ""nominal"", ""require_one_or_more"": true, ""hint_type"": """"}",5,e058f45d-6a9c-47ae-9538-e3da3ff1daea,T1.Q10.A5,Other,,0,1,"{""case_numbers"": true, ""highlight"": false, ""version"": ""4"", ""require_highlight"": true}"
Covid2_Holistic_2020_09_20,ecbc4694fc8c286d80f8c8e9c5e6bfe9be77574f71dd9f3fa981543445ac27ab,e2c2c4be-386f-4892-9aad-38c33004e031,Holistic Evaluation of Article,"{""highlight"": true, ""version"": ""4"", ""hint_type"": """"}",d87d20f5-b866-4fa0-b9a6-6ae8a6262182,T1.Q11,Does the article’s title/headline match the text?,RADIO,,,ordinal,"{""version"": ""4"", ""alpha_distance"": ""ordinal"", ""require_one_or_more"": true, ""hint_type"": """"}",4,8e17390e-8339-4dca-b973-dfdb50bacb92,T1.Q11.A1,"Yes, without exaggeration (no clickbait)",,0,1,"{""case_numbers"": true, ""highlight"": false, ""version"": ""4"", ""require_highlight"": true}"
Covid2_Holistic_2020_09_20,ecbc4694fc8c286d80f8c8e9c5e6bfe9be77574f71dd9f3fa981543445ac27ab,e2c2c4be-386f-4892-9aad-38c33004e031,Holistic Evaluation of Article,"{""highlight"": true, ""version"": ""4"", ""hint_type"": """"}",d87d20f5-b866-4fa0-b9a6-6ae8a6262182,T1.Q11,Does the article’s title/headline match the text?,RADIO,,,ordinal,"{""version"": ""4"", ""alpha_distance"": ""ordinal"", ""require_one_or_more"": true, ""hint_type"": """"}",4,cdfc579e-f2fc-49ec-aaeb-e423d327e819,T1.Q11.A2,"Yes, but with some exaggeration/clickbaitiness",,0,1,"{""case_numbers"": true, ""highlight"": false, ""version"": ""4"", ""require_highlight"": true}"
Covid2_Holistic_2020_09_20,ecbc4694fc8c286d80f8c8e9c5e6bfe9be77574f71dd9f3fa981543445ac27ab,e2c2c4be-386f-4892-9aad-38c33004e031,Holistic Evaluation of Article,"{""highlight"": true, ""version"": ""4"", ""hint_type"": """"}",d87d20f5-b866-4fa0-b9a6-6ae8a6262182,T1.Q11,Does the article’s title/headline match the text?,RADIO,,,ordinal,"{""version"": ""4"", ""alpha_distance"": ""ordinal"", ""require_one_or_more"": true, ""hint_type"": """"}",4,81e0f215-dc23-4c28-9bc5-3bd62575a262,T1.Q11.A3,"Yes, but with a lot of exaggeration/clickbaitiness",,0,1,"{""case_numbers"": true, ""highlight"": false, ""version"": ""4"", ""require_highlight"": true}"
Covid2_Holistic_2020_09_20,ecbc4694fc8c286d80f8c8e9c5e6bfe9be77574f71dd9f3fa981543445ac27ab,e2c2c4be-386f-4892-9aad-38c33004e031,Holistic Evaluation of Article,"{""highlight"": true, ""version"": ""4"", ""hint_type"": """"}",d87d20f5-b866-4fa0-b9a6-6ae8a6262182,T1.Q11,Does the article’s title/headline match the text?,RADIO,,,ordinal,"{""version"": ""4"", ""alpha_distance"": ""ordinal"", ""require_one_or_more"": true, ""hint_type"": """"}",4,a40f4527-e00c-4e38-a86e-94a8668abc55,T1.Q11.A4,The text does not support the claim made in the title at all (pure clickbait),,0,1,"{""case_numbers"": true, ""highlight"": false, ""version"": ""4"", ""require_highlight"": true}"
Covid2_Holistic_2020_09_20,ecbc4694fc8c286d80f8c8e9c5e6bfe9be77574f71dd9f3fa981543445ac27ab,e2c2c4be-386f-4892-9aad-38c33004e031,Holistic Evaluation of Article,"{""highlight"": true, ""version"": ""4"", ""hint_type"": """"}",67c6bade-2c27-4517-9d3e-6cbf6c9ab7aa,T1.Q12,"Does the article exaggerate the importance of a relatively minor event, person, or group?",RADIO,,,ordinal,"{""version"": ""4"", ""alpha_distance"": ""ordinal"", ""require_one_or_more"": true, ""hint_type"": """"}",5,0f03d9aa-97de-46e2-9119-23ec221e91af,T1.Q12.A1,Enormously,,0,1,"{""case_numbers"": true, ""highlight"": false, ""version"": ""4"", ""require_highlight"": true}"
Covid2_Holistic_2020_09_20,ecbc4694fc8c286d80f8c8e9c5e6bfe9be77574f71dd9f3fa981543445ac27ab,e2c2c4be-386f-4892-9aad-38c33004e031,Holistic Evaluation of Article,"{""highlight"": true, ""version"": ""4"", ""hint_type"": """"}",67c6bade-2c27-4517-9d3e-6cbf6c9ab7aa,T1.Q12,"Does the article exaggerate the importance of a relatively minor event, person, or group?",RADIO,,,ordinal,"{""version"": ""4"", ""alpha_distance"": ""ordinal"", ""require_one_or_more"": true, ""hint_type"": """"}",5,d1b7af65-beed-4d8a-8aea-7bf0aaea45d4,T1.Q12.A2,Quite a bit,,0,1,"{""case_numbers"": true, ""highlight"": false, ""version"": ""4"", ""require_highlight"": true}"
Covid2_Holistic_2020_09_20,ecbc4694fc8c286d80f8c8e9c5e6bfe9be77574f71dd9f3fa981543445ac27ab,e2c2c4be-386f-4892-9aad-38c33004e031,Holistic Evaluation of Article,"{""highlight"": true, ""version"": ""4"", ""hint_type"": """"}",67c6bade-2c27-4517-9d3e-6cbf6c9ab7aa,T1.Q12,"Does the article exaggerate the importance of a relatively minor event, person, or group?",RADIO,,,ordinal,"{""version"": ""4"", ""alpha_distance"": ""ordinal"", ""require_one_or_more"": true, ""hint_type"": """"}",5,013f3396-d4c7-4c8c-ab73-4d80f3a0572d,T1.Q12.A3,Somewhat,,0,1,"{""case_numbers"": true, ""highlight"": false, ""version"": ""4"", ""require_highlight"": true}"
Covid2_Holistic_2020_09_20,ecbc4694fc8c286d80f8c8e9c5e6bfe9be77574f71dd9f3fa981543445ac27ab,e2c2c4be-386f-4892-9aad-38c33004e031,Holistic Evaluation of Article,"{""highlight"": true, ""version"": ""4"", ""hint_type"": """"}",67c6bade-2c27-4517-9d3e-6cbf6c9ab7aa,T1.Q12,"Does the article exaggerate the importance of a relatively minor event, person, or group?",RADIO,,,ordinal,"{""version"": ""4"", ""alpha_distance"": ""ordinal"", ""require_one_or_more"": true, ""hint_type"": """"}",5,ed97bd00-dbcc-4af4-8ca4-1595c928e466,T1.Q12.A4,Slightly,,0,1,"{""case_numbers"": true, ""highlight"": false, ""version"": ""4"", ""require_highlight"": true}"
Covid2_Holistic_2020_09_20,ecbc4694fc8c286d80f8c8e9c5e6bfe9be77574f71dd9f3fa981543445ac27ab,e2c2c4be-386f-4892-9aad-38c33004e031,Holistic Evaluation of Article,"{""highlight"": true, ""version"": ""4"", ""hint_type"": """"}",67c6bade-2c27-4517-9d3e-6cbf6c9ab7aa,T1.Q12,"Does the article exaggerate the importance of a relatively minor event, person, or group?",RADIO,,,ordinal,"{""version"": ""4"", ""alpha_distance"": ""ordinal"", ""require_one_or_more"": true, ""hint_type"": """"}",5,f482cda4-ead6-43b9-b2b0-591c3380c5e4,T1.Q12.A5,Not at all,,0,1,"{""case_numbers"": true, ""highlight"": false, ""version"": ""4"", ""require_highlight"": true}"
Covid2_Holistic_2020_09_20,ecbc4694fc8c286d80f8c8e9c5e6bfe9be77574f71dd9f3fa981543445ac27ab,e2c2c4be-386f-4892-9aad-38c33004e031,Holistic Evaluation of Article,"{""highlight"": true, ""version"": ""4"", ""hint_type"": """"}",bc60207c-e5ae-4e7b-822f-a25541dd2a11,T1.Q13,How likely is this article to affect anyone’s behavior or beliefs?,RADIO,,,ordinal,"{""version"": ""4"", ""alpha_distance"": ""ordinal"", ""require_one_or_more"": true, ""hint_type"": """"}",5,9c36a8d7-d7ac-444b-ad32-cef323a27d14,T1.Q13.A1,Very Likely,,0,1,"{""case_numbers"": true, ""highlight"": false, ""version"": ""4"", ""require_highlight"": true}"
Covid2_Holistic_2020_09_20,ecbc4694fc8c286d80f8c8e9c5e6bfe9be77574f71dd9f3fa981543445ac27ab,e2c2c4be-386f-4892-9aad-38c33004e031,Holistic Evaluation of Article,"{""highlight"": true, ""version"": ""4"", ""hint_type"": """"}",bc60207c-e5ae-4e7b-822f-a25541dd2a11,T1.Q13,How likely is this article to affect anyone’s behavior or beliefs?,RADIO,,,ordinal,"{""version"": ""4"", ""alpha_distance"": ""ordinal"", ""require_one_or_more"": true, ""hint_type"": """"}",5,1f80b902-26bc-4153-850a-1f724052af01,T1.Q13.A2,Somewhat Likely,,0,1,"{""case_numbers"": true, ""highlight"": false, ""version"": ""4"", ""require_highlight"": true}"
Covid2_Holistic_2020_09_20,ecbc4694fc8c286d80f8c8e9c5e6bfe9be77574f71dd9f3fa981543445ac27ab,e2c2c4be-386f-4892-9aad-38c33004e031,Holistic Evaluation of Article,"{""highlight"": true, ""version"": ""4"", ""hint_type"": """"}",bc60207c-e5ae-4e7b-822f-a25541dd2a11,T1.Q13,How likely is this article to affect anyone’s behavior or beliefs?,RADIO,,,ordinal,"{""version"": ""4"", ""alpha_distance"": ""ordinal"", ""require_one_or_more"": true, ""hint_type"": """"}",5,7abc1657-7b5d-4f82-91b8-b1a223e25b7b,T1.Q13.A3,Don’t Know,,0,1,"{""case_numbers"": true, ""highlight"": false, ""version"": ""4"", ""require_highlight"": true}"
Covid2_Holistic_2020_09_20,ecbc4694fc8c286d80f8c8e9c5e6bfe9be77574f71dd9f3fa981543445ac27ab,e2c2c4be-386f-4892-9aad-38c33004e031,Holistic Evaluation of Article,"{""highlight"": true, ""version"": ""4"", ""hint_type"": """"}",bc60207c-e5ae-4e7b-822f-a25541dd2a11,T1.Q13,How likely is this article to affect anyone’s behavior or beliefs?,RADIO,,,ordinal,"{""version"": ""4"", ""alpha_distance"": ""ordinal"", ""require_one_or_more"": true, ""hint_type"": """"}",5,28893758-e2a7-47bb-a827-d7781a1cd4d5,T1.Q13.A4,Somewhat Unlikely,,0,1,"{""case_numbers"": true, ""highlight"": false, ""version"": ""4"", ""require_highlight"": true}"
Covid2_Holistic_2020_09_20,ecbc4694fc8c286d80f8c8e9c5e6bfe9be77574f71dd9f3fa981543445ac27ab,e2c2c4be-386f-4892-9aad-38c33004e031,Holistic Evaluation of Article,"{""highlight"": true, ""version"": ""4"", ""hint_type"": """"}",bc60207c-e5ae-4e7b-822f-a25541dd2a11,T1.Q13,How likely is this article to affect anyone’s behavior or beliefs?,RADIO,,,ordinal,"{""version"": ""4"", ""alpha_distance"": ""ordinal"", ""require_one_or_more"": true, ""hint_type"": """"}",5,c5597341-bbda-4d9a-8307-3aeb8f23261f,T1.Q13.A5,Very Unlikely,,0,1,"{""case_numbers"": true, ""highlight"": false, ""version"": ""4"", ""require_highlight"": true}"
Covid2_Holistic_2020_09_20,ecbc4694fc8c286d80f8c8e9c5e6bfe9be77574f71dd9f3fa981543445ac27ab,e2c2c4be-386f-4892-9aad-38c33004e031,Holistic Evaluation of Article,"{""highlight"": true, ""version"": ""4"", ""hint_type"": """"}",f144c0a6-d03f-47e9-b3b9-3813e4706739,T1.Q14,Are there claims in the article that seem suspicious or wrong?,RADIO,,,nominal,"{""version"": ""4"", ""alpha_distance"": ""nominal"", ""require_one_or_more"": true, ""hint_type"": """"}",2,69caf7f9-2085-4503-bbad-4ffbf82b2bd9,T1.Q14.A1,No,,0,1,"{""case_numbers"": true, ""highlight"": false, ""version"": ""4"", ""require_highlight"": true}"
Covid2_Holistic_2020_09_20,ecbc4694fc8c286d80f8c8e9c5e6bfe9be77574f71dd9f3fa981543445ac27ab,e2c2c4be-386f-4892-9aad-38c33004e031,Holistic Evaluation of Article,"{""highlight"": true, ""version"": ""4"", ""hint_type"": """"}",f144c0a6-d03f-47e9-b3b9-3813e4706739,T1.Q14,Are there claims in the article that seem suspicious or wrong?,RADIO,,,nominal,"{""version"": ""4"", ""alpha_distance"": ""nominal"", ""require_one_or_more"": true, ""hint_type"": """"}",2,bfd76175-c612-4cc4-aa0f-6b0497806d9a,T1.Q14.A2,Yes (Please highlight them.),T1.Q15,1,1,"{""case_numbers"": true, ""highlight"": true, ""version"": ""4"", ""require_highlight"": true}"
Covid2_Holistic_2020_09_20,ecbc4694fc8c286d80f8c8e9c5e6bfe9be77574f71dd9f3fa981543445ac27ab,e2c2c4be-386f-4892-9aad-38c33004e031,Holistic Evaluation of Article,"{""highlight"": true, ""version"": ""4"", ""hint_type"": """"}",020f0485-11f6-499c-b916-126a55b83847,T1.Q15,What is/are the problem/s with the suspicious claim/s?,CHECKBOX,,,nominal,"{""version"": ""4"", ""alpha_distance"": ""nominal"", ""require_one_or_more"": true, ""hint_type"": """"}",4,0c43154e-d41b-440f-8b00-778cfc4fa491,T1.Q15.A1,The claim needs a fact check before readers can trust it.,,1,1,"{""case_numbers"": true, ""highlight"": true, ""version"": ""4"", ""require_highlight"": true}"
Covid2_Holistic_2020_09_20,ecbc4694fc8c286d80f8c8e9c5e6bfe9be77574f71dd9f3fa981543445ac27ab,e2c2c4be-386f-4892-9aad-38c33004e031,Holistic Evaluation of Article,"{""highlight"": true, ""version"": ""4"", ""hint_type"": """"}",020f0485-11f6-499c-b916-126a55b83847,T1.Q15,What is/are the problem/s with the suspicious claim/s?,CHECKBOX,,,nominal,"{""version"": ""4"", ""alpha_distance"": ""nominal"", ""require_one_or_more"": true, ""hint_type"": """"}",4,aa8522f0-3d07-4afa-a3e9-176b92d65663,T1.Q15.A2,The claim needs some more credible source/s to corroborate it.,,1,1,"{""case_numbers"": true, ""highlight"": true, ""version"": ""4"", ""require_highlight"": true}"
Covid2_Holistic_2020_09_20,ecbc4694fc8c286d80f8c8e9c5e6bfe9be77574f71dd9f3fa981543445ac27ab,e2c2c4be-386f-4892-9aad-38c33004e031,Holistic Evaluation of Article,"{""highlight"": true, ""version"": ""4"", ""hint_type"": """"}",020f0485-11f6-499c-b916-126a55b83847,T1.Q15,What is/are the problem/s with the suspicious claim/s?,CHECKBOX,,,nominal,"{""version"": ""4"", ""alpha_distance"": ""nominal"", ""require_one_or_more"": true, ""hint_type"": """"}",4,471403e4-6cb0-4d6c-ba07-4d44ac9935b2,T1.Q15.A3,The author needs to more specifically describe the source making (or supporting) the claim so readers know how to evaluate the source's crediblity?,,1,1,"{""case_numbers"": true, ""highlight"": true, ""version"": ""4"", ""require_highlight"": true}"
Covid2_Holistic_2020_09_20,ecbc4694fc8c286d80f8c8e9c5e6bfe9be77574f71dd9f3fa981543445ac27ab,e2c2c4be-386f-4892-9aad-38c33004e031,Holistic Evaluation of Article,"{""highlight"": true, ""version"": ""4"", ""hint_type"": """"}",020f0485-11f6-499c-b916-126a55b83847,T1.Q15,What is/are the problem/s with the suspicious claim/s?,CHECKBOX,,,nominal,"{""version"": ""4"", ""alpha_distance"": ""nominal"", ""require_one_or_more"": true, ""hint_type"": """"}",4,0e1773a2-6608-4751-a41c-a5e0d86b8a77,T1.Q15.A4,Other,T1.Q16,1,1,"{""case_numbers"": true, ""highlight"": true, ""version"": ""4"", ""require_highlight"": true}"
Covid2_Holistic_2020_09_20,ecbc4694fc8c286d80f8c8e9c5e6bfe9be77574f71dd9f3fa981543445ac27ab,e2c2c4be-386f-4892-9aad-38c33004e031,Holistic Evaluation of Article,"{""highlight"": true, ""version"": ""4"", ""hint_type"": """"}",900d9812-dd41-4588-970f-9889ea3c1125,T1.Q16,You said there was some other reason the claim/s were suspicious. Please tell us more.,TEXT,,,nominal,"{""version"": ""4"", ""alpha_distance"": ""nominal"", ""require_one_or_more"": true, ""hint_type"": """"}",1,5eefea0e-8b8b-4827-b13e-267099e154d8,T1.Q16.A1,placeholder answer for TEXT,,0,1,"{""case_numbers"": true, ""highlight"": false, ""version"": ""4"", ""require_highlight"": true}"
Covid2_Holistic_2020_09_20,ecbc4694fc8c286d80f8c8e9c5e6bfe9be77574f71dd9f3fa981543445ac27ab,e2c2c4be-386f-4892-9aad-38c33004e031,Holistic Evaluation of Article,"{""highlight"": true, ""version"": ""4"", ""hint_type"": """"}",b0785ece-8636-4148-b239-dbbf129bebe7,T1.Q17,"How difficult was this task for you, on the whole?",RADIO,,,ordinal,"{""version"": ""4"", ""alpha_distance"": ""ordinal"", ""require_one_or_more"": true, ""hint_type"": """"}",7,4592c79e-ef66-4cb9-9899-76e218f93d09,T1.Q17.A1,1: Easiest thing I've ever done in a learning situation,,0,1,"{""case_numbers"": true, ""highlight"": false, ""version"": ""4"", ""require_highlight"": true}"
Covid2_Holistic_2020_09_20,ecbc4694fc8c286d80f8c8e9c5e6bfe9be77574f71dd9f3fa981543445ac27ab,e2c2c4be-386f-4892-9aad-38c33004e031,Holistic Evaluation of Article,"{""highlight"": true, ""version"": ""4"", ""hint_type"": """"}",b0785ece-8636-4148-b239-dbbf129bebe7,T1.Q17,"How difficult was this task for you, on the whole?",RADIO,,,ordinal,"{""version"": ""4"", ""alpha_distance"": ""ordinal"", ""require_one_or_more"": true, ""hint_type"": """"}",7,51d9d3c8-a1ca-42eb-94d0-9dfcf8dbf8cc,T1.Q17.A2,2,,0,1,"{""case_numbers"": true, ""highlight"": false, ""version"": ""4"", ""require_highlight"": true}"
Covid2_Holistic_2020_09_20,ecbc4694fc8c286d80f8c8e9c5e6bfe9be77574f71dd9f3fa981543445ac27ab,e2c2c4be-386f-4892-9aad-38c33004e031,Holistic Evaluation of Article,"{""highlight"": true, ""version"": ""4"", ""hint_type"": """"}",b0785ece-8636-4148-b239-dbbf129bebe7,T1.Q17,"How difficult was this task for you, on the whole?",RADIO,,,ordinal,"{""version"": ""4"", ""alpha_distance"": ""ordinal"", ""require_one_or_more"": true, ""hint_type"": """"}",7,a19e1d71-35a4-40c3-b668-c0bea92170d5,T1.Q17.A3,3,,0,1,"{""case_numbers"": true, ""highlight"": false, ""version"": ""4"", ""require_highlight"": true}"
Covid2_Holistic_2020_09_20,ecbc4694fc8c286d80f8c8e9c5e6bfe9be77574f71dd9f3fa981543445ac27ab,e2c2c4be-386f-4892-9aad-38c33004e031,Holistic Evaluation of Article,"{""highlight"": true, ""version"": ""4"", ""hint_type"": """"}",b0785ece-8636-4148-b239-dbbf129bebe7,T1.Q17,"How difficult was this task for you, on the whole?",RADIO,,,ordinal,"{""version"": ""4"", ""alpha_distance"": ""ordinal"", ""require_one_or_more"": true, ""hint_type"": """"}",7,ed8d7921-5241-4e53-a920-415cf76fb497,T1.Q17.A4,4: Neither easy nor difficult,,0,1,"{""case_numbers"": true, ""highlight"": false, ""version"": ""4"", ""require_highlight"": true}"
Covid2_Holistic_2020_09_20,ecbc4694fc8c286d80f8c8e9c5e6bfe9be77574f71dd9f3fa981543445ac27ab,e2c2c4be-386f-4892-9aad-38c33004e031,Holistic Evaluation of Article,"{""highlight"": true, ""version"": ""4"", ""hint_type"": """"}",b0785ece-8636-4148-b239-dbbf129bebe7,T1.Q17,"How difficult was this task for you, on the whole?",RADIO,,,ordinal,"{""version"": ""4"", ""alpha_distance"": ""ordinal"", ""require_one_or_more"": true, ""hint_type"": """"}",7,8a4d20a3-7e30-4499-81e4-5ed28846d7c8,T1.Q17.A5,5,,0,1,"{""case_numbers"": true, ""highlight"": false, ""version"": ""4"", ""require_highlight"": true}"
Covid2_Holistic_2020_09_20,ecbc4694fc8c286d80f8c8e9c5e6bfe9be77574f71dd9f3fa981543445ac27ab,e2c2c4be-386f-4892-9aad-38c33004e031,Holistic Evaluation of Article,"{""highlight"": true, ""version"": ""4"", ""hint_type"": """"}",b0785ece-8636-4148-b239-dbbf129bebe7,T1.Q17,"How difficult was this task for you, on the whole?",RADIO,,,ordinal,"{""version"": ""4"", ""alpha_distance"": ""ordinal"", ""require_one_or_more"": true, ""hint_type"": """"}",7,823fbc14-3f6d-49f0-8724-a15c2d3916af,T1.Q17.A6,6,,0,1,"{""case_numbers"": true, ""highlight"": false, ""version"": ""4"", ""require_highlight"": true}"
Covid2_Holistic_2020_09_20,ecbc4694fc8c286d80f8c8e9c5e6bfe9be77574f71dd9f3fa981543445ac27ab,e2c2c4be-386f-4892-9aad-38c33004e031,Holistic Evaluation of Article,"{""highlight"": true, ""version"": ""4"", ""hint_type"": """"}",b0785ece-8636-4148-b239-dbbf129bebe7,T1.Q17,"How difficult was this task for you, on the whole?",RADIO,,,ordinal,"{""version"": ""4"", ""alpha_distance"": ""ordinal"", ""require_one_or_more"": true, ""hint_type"": """"}",7,f8ebd8a6-61ba-4871-a670-c1004a2cdb2e,T1.Q17.A7,7 Hardest thing I've ever done in a learning situation,,0,1,"{""case_numbers"": true, ""highlight"": false, ""version"": ""4"", ""require_highlight"": true}"
Covid2_Holistic_2020_09_20,ecbc4694fc8c286d80f8c8e9c5e6bfe9be77574f71dd9f3fa981543445ac27ab,e2c2c4be-386f-4892-9aad-38c33004e031,Holistic Evaluation of Article,"{""highlight"": true, ""version"": ""4"", ""hint_type"": """"}",9da3e3c1-a598-487d-b67b-2a090fb6721e,T1.Q18,"How confident are you about your answers, on the whole?",RADIO,,,ordinal,"{""version"": ""4"", ""alpha_distance"": ""ordinal"", ""require_one_or_more"": true, ""hint_type"": """"}",7,475c4353-0c52-4bac-9673-7b801549623b,T1.Q18.A1,1: I was guessing randomly for everything,,0,1,"{""case_numbers"": true, ""highlight"": false, ""version"": ""4"", ""require_highlight"": true}"
Covid2_Holistic_2020_09_20,ecbc4694fc8c286d80f8c8e9c5e6bfe9be77574f71dd9f3fa981543445ac27ab,e2c2c4be-386f-4892-9aad-38c33004e031,Holistic Evaluation of Article,"{""highlight"": true, ""version"": ""4"", ""hint_type"": """"}",9da3e3c1-a598-487d-b67b-2a090fb6721e,T1.Q18,"How confident are you about your answers, on the whole?",RADIO,,,ordinal,"{""version"": ""4"", ""alpha_distance"": ""ordinal"", ""require_one_or_more"": true, ""hint_type"": """"}",7,d0f03065-8e1e-42fe-a3db-709f84385a2d,T1.Q18.A2,2,,0,1,"{""case_numbers"": true, ""highlight"": false, ""version"": ""4"", ""require_highlight"": true}"
Covid2_Holistic_2020_09_20,ecbc4694fc8c286d80f8c8e9c5e6bfe9be77574f71dd9f3fa981543445ac27ab,e2c2c4be-386f-4892-9aad-38c33004e031,Holistic Evaluation of Article,"{""highlight"": true, ""version"": ""4"", ""hint_type"": """"}",9da3e3c1-a598-487d-b67b-2a090fb6721e,T1.Q18,"How confident are you about your answers, on the whole?",RADIO,,,ordinal,"{""version"": ""4"", ""alpha_distance"": ""ordinal"", ""require_one_or_more"": true, ""hint_type"": """"}",7,64aa052c-d990-446d-afc4-31f0805c1f15,T1.Q18.A3,3,,0,1,"{""case_numbers"": true, ""highlight"": false, ""version"": ""4"", ""require_highlight"": true}"
Covid2_Holistic_2020_09_20,ecbc4694fc8c286d80f8c8e9c5e6bfe9be77574f71dd9f3fa981543445ac27ab,e2c2c4be-386f-4892-9aad-38c33004e031,Holistic Evaluation of Article,"{""highlight"": true, ""version"": ""4"", ""hint_type"": """"}",9da3e3c1-a598-487d-b67b-2a090fb6721e,T1.Q18,"How confident are you about your answers, on the whole?",RADIO,,,ordinal,"{""version"": ""4"", ""alpha_distance"": ""ordinal"", ""require_one_or_more"": true, ""hint_type"": """"}",7,e9c9e9ad-fa49-4855-a830-d2ecdece3ff1,T1.Q18.A4,4: Somewhat confident,,0,1,"{""case_numbers"": true, ""highlight"": false, ""version"": ""4"", ""require_highlight"": true}"
Covid2_Holistic_2020_09_20,ecbc4694fc8c286d80f8c8e9c5e6bfe9be77574f71dd9f3fa981543445ac27ab,e2c2c4be-386f-4892-9aad-38c33004e031,Holistic Evaluation of Article,"{""highlight"": true, ""version"": ""4"", ""hint_type"": """"}",9da3e3c1-a598-487d-b67b-2a090fb6721e,T1.Q18,"How confident are you about your answers, on the whole?",RADIO,,,ordinal,"{""version"": ""4"", ""alpha_distance"": ""ordinal"", ""require_one_or_more"": true, ""hint_type"": """"}",7,9ef24037-265d-449c-ad34-b0327fad23f8,T1.Q18.A5,5,,0,1,"{""case_numbers"": true, ""highlight"": false, ""version"": ""4"", ""require_highlight"": true}"
Covid2_Holistic_2020_09_20,ecbc4694fc8c286d80f8c8e9c5e6bfe9be77574f71dd9f3fa981543445ac27ab,e2c2c4be-386f-4892-9aad-38c33004e031,Holistic Evaluation of Article,"{""highlight"": true, ""version"": ""4"", ""hint_type"": """"}",9da3e3c1-a598-487d-b67b-2a090fb6721e,T1.Q18,"How confident are you about your answers, on the whole?",RADIO,,,ordinal,"{""version"": ""4"", ""alpha_distance"": ""ordinal"", ""require_one_or_more"": true, ""hint_type"": """"}",7,46da31d1-9e24-4bac-a9b8-2fee0b758508,T1.Q18.A6,6,,0,1,"{""case_numbers"": true, ""highlight"": false, ""version"": ""4"", ""require_highlight"": true}"
Covid2_Holistic_2020_09_20,ecbc4694fc8c286d80f8c8e9c5e6bfe9be77574f71dd9f3fa981543445ac27ab,e2c2c4be-386f-4892-9aad-38c33004e031,Holistic Evaluation of Article,"{""highlight"": true, ""version"": ""4"", ""hint_type"": """"}",9da3e3c1-a598-487d-b67b-2a090fb6721e,T1.Q18,"How confident are you about your answers, on the whole?",RADIO,,,ordinal,"{""version"": ""4"", ""alpha_distance"": ""ordinal"", ""require_one_or_more"": true, ""hint_type"": """"}",7,f7834960-c385-414d-951b-b43a92eb83d9,T1.Q18.A7,7: 100% certain about all my answers,,0,1,"{""case_numbers"": true, ""highlight"": false, ""version"": ""4"", ""require_highlight"": true}"
Covid2_Holistic_2020_09_20,ecbc4694fc8c286d80f8c8e9c5e6bfe9be77574f71dd9f3fa981543445ac27ab,e2c2c4be-386f-4892-9aad-38c33004e031,Holistic Evaluation of Article,"{""highlight"": true, ""version"": ""4"", ""hint_type"": """"}",523315d7-c361-4756-bf17-4c3c2708ea92,T1.Q19,"Is there anything about the interface, instructions, or question wording that could be improved to make tasks like this easier?",TEXT,,,nominal,"{""version"": ""4"", ""alpha_distance"": ""nominal"", ""require_one_or_more"": true, ""hint_type"": """"}",1,397ce3d0-e6a6-42da-b24d-7f274752a775,T1.Q19.A1,placeholder answer for TEXT,,0,1,"{""case_numbers"": true, ""highlight"": false, ""version"": ""4"", ""require_highlight"": true}"
