article_num,article_sha256,article_id,article_filename,source_task_uuid,tua_uuid,namespace,schema_sha256,question_Number,answer_uuid,question_type,agreed_Answer,coding_perc_agreement,one_two_diff,highlighted_indices,alpha_unitizing_score,alpha_unitizing_score_inclusive,agreement_score,num_users,num_answer_choices,target_text,question_text,answer_text,answer_content
100059,4b537e0ed21179a29ed28da28057d338e67330ae12123ccceba6724f35bd68a4,raw_304b537e0ed21179a29ed28da28057d338e67330ae12123ccceba6724f35bd68a4,Covid_article_for_PE_S&S&S.txt,8ec4416b-e485-41d9-a460-9358ec26e63d,eca1ef3c-6ae6-4332-8abf-5c2ef1ced91a,Covid_Probability,d5f24573a7077ee3ebb203ca64f955a8c5d5a6c6b25aa65e1bfa6fa71d1311f2,1,93f9e87c-fc74-48b2-9f74-523a705c0f2d,ordinal,3,1.0,2.0,[],NA,NA,1.0,4,3,NA,Does the text make any claims with great confidence? Highlight the relevant part.,No
100059,4b537e0ed21179a29ed28da28057d338e67330ae12123ccceba6724f35bd68a4,raw_304b537e0ed21179a29ed28da28057d338e67330ae12123ccceba6724f35bd68a4,Covid_article_for_PE_S&S&S.txt,8ec4416b-e485-41d9-a460-9358ec26e63d,eca1ef3c-6ae6-4332-8abf-5c2ef1ced91a,Covid_Probability,d5f24573a7077ee3ebb203ca64f955a8c5d5a6c6b25aa65e1bfa6fa71d1311f2,5,197d9ebe-9a23-43a6-ab46-ff4f0aae75cf,ordinal,2,0.707518749639422,1.707518749639422,"[5401, 5402, 5403, 5404, 5405, 5467, 5468, 5469, 5470, 5471, 5472, 5473, 5474, 5475, 5476, 5477, 5478, 5479, 5480, 5481, 5482, 5483, 5484, 5485, 5486, 5487, 5488, 5489, 5490, 5491, 5606, 5607, 5608, 5609, 5610, 5611, 5612, 5613, 5614, 5615, 5616, 5617, 5618, 5619, 5620, 5621, 5622, 5623, 5624, 5625, 5626, 5627, 5628, 5629, 5630, 5631, 5632, 5633, 5634, 5635, 5636, 5637, 5638, 5755, 5756, 5757, 5758, 5759, 5760, 5761, 5762, 5763, 5764, 5765, 5766, 5767, 5768, 5769, 5770, 5771, 5772, 5773, 5774, 5775, 5776, 5777, 5778, 5779, 5780, 5781, 5782, 5783, 5784, 5785, 5786, 5787, 5788]",0.575405784760253,0.575405784760253,0.707518749639422,4,3,coul//break//Limited research suggest//break//gerontologist Verena Menec doubt//break//I don’t think that would be enoug//break//,"Does the text acknowledge that their favored theory is in any way uncertain? If so, highlight the relevant section.","Yes, implicitly"
100059,4b537e0ed21179a29ed28da28057d338e67330ae12123ccceba6724f35bd68a4,raw_304b537e0ed21179a29ed28da28057d338e67330ae12123ccceba6724f35bd68a4,Covid_article_for_PE_S&S&S.txt,8ec4416b-e485-41d9-a460-9358ec26e63d,eca1ef3c-6ae6-4332-8abf-5c2ef1ced91a,Covid_Probability,d5f24573a7077ee3ebb203ca64f955a8c5d5a6c6b25aa65e1bfa6fa71d1311f2,6,9641a3b1-9b19-46f9-b1f7-80b79bf5d6a1,nominal,1,1.0,1.0,[],NA,NA,1.0,4,5,NA,Are any numbers given?,No
100059,4b537e0ed21179a29ed28da28057d338e67330ae12123ccceba6724f35bd68a4,raw_304b537e0ed21179a29ed28da28057d338e67330ae12123ccceba6724f35bd68a4,Covid_article_for_PE_S&S&S.txt,8ec4416b-e485-41d9-a460-9358ec26e63d,eca1ef3c-6ae6-4332-8abf-5c2ef1ced91a,Covid_Probability,d5f24573a7077ee3ebb203ca64f955a8c5d5a6c6b25aa65e1bfa6fa71d1311f2,11,80a9713a-14d3-47ed-9b92-f90853e73f60,ordinal,3,0.44730698921449985,1.4473069892144999,[],NA,NA,0.44730698921449985,4,4,could even hel//break//Limited research suggest//break//gerontologist Verena Menec doubt//break//I don’t think that would be enoug//break//,Does the text acknowledge that additional evidence might shift our understanding of the topics discussed in the article?,I can't tell
100059,4b537e0ed21179a29ed28da28057d338e67330ae12123ccceba6724f35bd68a4,raw_304b537e0ed21179a29ed28da28057d338e67330ae12123ccceba6724f35bd68a4,Covid_article_for_PE_S&S&S.txt,8ec4416b-e485-41d9-a460-9358ec26e63d,eca1ef3c-6ae6-4332-8abf-5c2ef1ced91a,Covid_Probability,d5f24573a7077ee3ebb203ca64f955a8c5d5a6c6b25aa65e1bfa6fa71d1311f2,12,3cad88f8-4cb5-4242-9560-ca443542eb90,nominal,3,0.5,0.0,[],NA,NA,0.5,2,5,NA,Does the text acknowledge the possibility of additional evidence that would... (check all that apply):,Add evidence to the claim
100059,4b537e0ed21179a29ed28da28057d338e67330ae12123ccceba6724f35bd68a4,raw_304b537e0ed21179a29ed28da28057d338e67330ae12123ccceba6724f35bd68a4,Covid_article_for_PE_S&S&S.txt,8ec4416b-e485-41d9-a460-9358ec26e63d,eca1ef3c-6ae6-4332-8abf-5c2ef1ced91a,Covid_Probability,d5f24573a7077ee3ebb203ca64f955a8c5d5a6c6b25aa65e1bfa6fa71d1311f2,13,996f482d-49c8-430d-a9a3-5c952b217e5f,ordinal,5,0.7088951336339767,1.7088951336339768,[],NA,NA,0.7088951336339767,4,10,NA,"How difficult was this task for you, on the whole?",5: Middling difficulty
100059,4b537e0ed21179a29ed28da28057d338e67330ae12123ccceba6724f35bd68a4,raw_304b537e0ed21179a29ed28da28057d338e67330ae12123ccceba6724f35bd68a4,Covid_article_for_PE_S&S&S.txt,8ec4416b-e485-41d9-a460-9358ec26e63d,eca1ef3c-6ae6-4332-8abf-5c2ef1ced91a,Covid_Probability,d5f24573a7077ee3ebb203ca64f955a8c5d5a6c6b25aa65e1bfa6fa71d1311f2,14,b38ae034-6a32-4759-987f-a246ece878b5,ordinal,7,0.8014334086717694,1.8014334086717694,[],NA,NA,0.8014334086717694,4,10,NA,"How confident are you about your answers, on the whole?",7
