article_num,article_sha256,article_id,article_filename,source_task_uuid,tua_uuid,namespace,schema_sha256,question_Number,answer_uuid,question_type,agreed_Answer,coding_perc_agreement,one_two_diff,highlighted_indices,alpha_unitizing_score,alpha_unitizing_score_inclusive,agreement_score,num_users,num_answer_choices,target_text,question_text,answer_text,answer_content
100059,4b537e0ed21179a29ed28da28057d338e67330ae12123ccceba6724f35bd68a4,raw_304b537e0ed21179a29ed28da28057d338e67330ae12123ccceba6724f35bd68a4,Covid_article_for_PE_S&S&S.txt,f7562d2d-e884-41f7-8d1c-5163848cb3bf,e406cae2-6cbe-4c06-9ddb-1ed542b98221,Covid_Evidence2020_03_21,45dce5251bd3ea6e908fa33ac9e6a8e17e6830215912ce1626cf4206e159819c,1,73d7a14a-9ec6-404c-b2b7-a55508af3b76,checklist,1,1.0,0.0,"[3197, 3198, 3199, 3200, 3201, 3202, 3203, 3204, 3205, 3206, 3207, 3208, 3209, 3210, 3211, 3212, 3213, 3214, 3215, 3216, 3217, 3218, 3219, 3220, 3221, 3222, 3223, 3224, 3225, 3226, 3227, 3228, 3229, 3230, 3231, 3232, 3233, 3234, 3235, 3236, 3237, 3238, 3239, 3240, 3241, 3242, 3243, 3244, 3245, 3246, 3247, 3248, 3249, 3250, 3251, 3252, 3253, 3254, 3255, 3256, 3257, 3258, 3259, 3260, 3261, 3262, 3263, 3264, 3265, 3266, 3267, 3268, 3269, 3270, 3271, 3272, 3273, 3274, 3275, 3276, 3277, 3278, 3279, 3280, 3281, 3282, 3283, 3284, 3285, 3286, 3287, 3288, 3289, 3290, 3291, 3292, 3293, 3294, 3295, 3296, 3297, 3298, 3299, 3300, 3301, 3302, 3303, 3304, 3305, 3306, 3307, 3308, 3309, 3310, 3311, 3312, 3313, 3314, 3315, 3316, 3317, 3318, 3319, 3320, 3321, 3322, 3323, 3324, 3325, 3326, 3327, 3328, 3329, 3330, 3331, 3332, 3333, 3334, 3335, 3336, 3337, 3338, 3339, 3340, 3341, 3342, 3343, 3344, 3345, 3346, 3347, 3348, 3349, 3350, 3351, 3352, 3353, 3354, 3355, 3356, 3357, 3358, 3359, 3360, 3361, 3362, 3363, 3364, 3365, 3366, 3367, 3368, 3369, 3370, 3371, 3372, 3373, 3374, 3375, 3376, 3377, 3378, 3379, 3380, 3381, 3382, 3383, 3384, 3385, 3386, 3387, 3388, 3389, 3390, 3391, 3392, 3393, 3394, 3395, 3396, 3397, 3398, 3399, 3400, 3401, 3402, 3403, 3404, 3405, 3406, 3407, 3408, 3409, 3410, 3411, 3412, 3413, 3414, 3415, 3416, 3417, 3418, 3419, 3420, 3421, 3422, 3423, 3424, 3425, 3426, 3427, 3428, 3429, 3430, 3431, 3432, 3433, 3434, 3435, 3436, 3437, 3438, 3439, 3440, 3441, 3442, 3443, 3444, 3445, 3446, 3447, 3448, 3449, 3450, 3451, 3452, 3453, 3454, 3455, 3456, 3457, 3458, 3459, 3460, 3461, 3462, 3463, 3464, 3465, 3466, 3467, 3468, 3469, 3470, 3471, 3472, 3473, 3474, 3475, 3476, 3477, 3478, 3479, 3480, 3481, 3482, 3483, 3484, 3485, 3486, 3487, 3488, 3489, 3490, 3491, 3492, 3493, 3494, 3495, 3496, 3497, 3498, 3499, 3500, 3501, 3502, 3503, 3504, 3505, 3506, 3507, 3508, 3509, 3510, 3511, 3512, 3513, 3514, 3515, 3516, 3517, 3518, 3519, 3520, 3521, 3522, 3523, 3524, 3525, 3526, 3527]",0.649219143095613,0.649219143095613,1.0,4,3,"Health problems associated with social isolation tend to crop up when the situation goes on beyond a few weeks, he says. Walling people off from one another for months means the secondary effects of the pandemic, such as recession, social unrest and unemployment, could trigger unpredictable and widespread mental health challenge//break//",Is a general or singular causal claim made? Highlight the section(s) that supports your answer.,"General Causation (In general, X causes Y.)"
100059,4b537e0ed21179a29ed28da28057d338e67330ae12123ccceba6724f35bd68a4,raw_304b537e0ed21179a29ed28da28057d338e67330ae12123ccceba6724f35bd68a4,Covid_article_for_PE_S&S&S.txt,f7562d2d-e884-41f7-8d1c-5163848cb3bf,e406cae2-6cbe-4c06-9ddb-1ed542b98221,Covid_Evidence2020_03_21,45dce5251bd3ea6e908fa33ac9e6a8e17e6830215912ce1626cf4206e159819c,1,0,checklist,L,0.0,1.0,[],NA,NA,0.0,4,3,L,Is a general or singular causal claim made? Highlight the section(s) that supports your answer.,L
100059,4b537e0ed21179a29ed28da28057d338e67330ae12123ccceba6724f35bd68a4,raw_304b537e0ed21179a29ed28da28057d338e67330ae12123ccceba6724f35bd68a4,Covid_article_for_PE_S&S&S.txt,f7562d2d-e884-41f7-8d1c-5163848cb3bf,e406cae2-6cbe-4c06-9ddb-1ed542b98221,Covid_Evidence2020_03_21,45dce5251bd3ea6e908fa33ac9e6a8e17e6830215912ce1626cf4206e159819c,1,0,checklist,L,0.0,1.0,[],NA,NA,0.0,4,3,L,Is a general or singular causal claim made? Highlight the section(s) that supports your answer.,L
100059,4b537e0ed21179a29ed28da28057d338e67330ae12123ccceba6724f35bd68a4,raw_304b537e0ed21179a29ed28da28057d338e67330ae12123ccceba6724f35bd68a4,Covid_article_for_PE_S&S&S.txt,f7562d2d-e884-41f7-8d1c-5163848cb3bf,e406cae2-6cbe-4c06-9ddb-1ed542b98221,Covid_Evidence2020_03_21,45dce5251bd3ea6e908fa33ac9e6a8e17e6830215912ce1626cf4206e159819c,2,0,checklist,M,0.25,0.75,[],NA,NA,0.25,4,9,M,What evidence is given for the primary causal claim? Select all that apply.,M
100059,4b537e0ed21179a29ed28da28057d338e67330ae12123ccceba6724f35bd68a4,raw_304b537e0ed21179a29ed28da28057d338e67330ae12123ccceba6724f35bd68a4,Covid_article_for_PE_S&S&S.txt,f7562d2d-e884-41f7-8d1c-5163848cb3bf,e406cae2-6cbe-4c06-9ddb-1ed542b98221,Covid_Evidence2020_03_21,45dce5251bd3ea6e908fa33ac9e6a8e17e6830215912ce1626cf4206e159819c,2,0,checklist,L,0.0,1.0,[],NA,NA,0.0,4,9,L,What evidence is given for the primary causal claim? Select all that apply.,L
100059,4b537e0ed21179a29ed28da28057d338e67330ae12123ccceba6724f35bd68a4,raw_304b537e0ed21179a29ed28da28057d338e67330ae12123ccceba6724f35bd68a4,Covid_article_for_PE_S&S&S.txt,f7562d2d-e884-41f7-8d1c-5163848cb3bf,e406cae2-6cbe-4c06-9ddb-1ed542b98221,Covid_Evidence2020_03_21,45dce5251bd3ea6e908fa33ac9e6a8e17e6830215912ce1626cf4206e159819c,2,0,checklist,L,0.0,1.0,[],NA,NA,0.0,4,9,L,What evidence is given for the primary causal claim? Select all that apply.,L
100059,4b537e0ed21179a29ed28da28057d338e67330ae12123ccceba6724f35bd68a4,raw_304b537e0ed21179a29ed28da28057d338e67330ae12123ccceba6724f35bd68a4,Covid_article_for_PE_S&S&S.txt,f7562d2d-e884-41f7-8d1c-5163848cb3bf,e406cae2-6cbe-4c06-9ddb-1ed542b98221,Covid_Evidence2020_03_21,45dce5251bd3ea6e908fa33ac9e6a8e17e6830215912ce1626cf4206e159819c,2,0,checklist,M,0.25,0.75,[],NA,NA,0.25,4,9,M,What evidence is given for the primary causal claim? Select all that apply.,M
100059,4b537e0ed21179a29ed28da28057d338e67330ae12123ccceba6724f35bd68a4,raw_304b537e0ed21179a29ed28da28057d338e67330ae12123ccceba6724f35bd68a4,Covid_article_for_PE_S&S&S.txt,f7562d2d-e884-41f7-8d1c-5163848cb3bf,e406cae2-6cbe-4c06-9ddb-1ed542b98221,Covid_Evidence2020_03_21,45dce5251bd3ea6e908fa33ac9e6a8e17e6830215912ce1626cf4206e159819c,2,0,checklist,L,0.0,1.0,[],NA,NA,0.0,4,9,L,What evidence is given for the primary causal claim? Select all that apply.,L
100059,4b537e0ed21179a29ed28da28057d338e67330ae12123ccceba6724f35bd68a4,raw_304b537e0ed21179a29ed28da28057d338e67330ae12123ccceba6724f35bd68a4,Covid_article_for_PE_S&S&S.txt,f7562d2d-e884-41f7-8d1c-5163848cb3bf,e406cae2-6cbe-4c06-9ddb-1ed542b98221,Covid_Evidence2020_03_21,45dce5251bd3ea6e908fa33ac9e6a8e17e6830215912ce1626cf4206e159819c,2,0,checklist,L,0.0,1.0,[],NA,NA,0.0,4,9,L,What evidence is given for the primary causal claim? Select all that apply.,L
100059,4b537e0ed21179a29ed28da28057d338e67330ae12123ccceba6724f35bd68a4,raw_304b537e0ed21179a29ed28da28057d338e67330ae12123ccceba6724f35bd68a4,Covid_article_for_PE_S&S&S.txt,f7562d2d-e884-41f7-8d1c-5163848cb3bf,e406cae2-6cbe-4c06-9ddb-1ed542b98221,Covid_Evidence2020_03_21,45dce5251bd3ea6e908fa33ac9e6a8e17e6830215912ce1626cf4206e159819c,2,c51b597d-2d96-4337-affe-b92836a08869,checklist,7,0.5,0.5,"[3129, 3130, 3131, 3132, 3133, 3134, 3135, 3136, 3137, 3138, 3139, 3140, 3141, 3142, 3143, 3144, 3145, 3146, 3147, 3148, 3149, 3150, 3151, 3152, 3153, 3154, 3155, 3156, 3157, 3158, 3159, 3160, 3161, 3162, 3163, 3164, 3165, 3166, 3167, 3168, 3169, 3170, 3171, 3172, 3173, 3174, 3175, 3176, 3177, 3178, 3179, 3180, 3181, 3182, 3183, 3184, 3185, 3186, 3187, 3188, 3189, 3190, 3191, 3192, 3193, 3194, 3195, 3196, 3197, 3198, 3199, 3200, 3201, 3202, 3203, 3204, 3205, 3206, 3207, 3208, 3209, 3210, 3211, 3212, 3213, 3214, 3215, 3216, 3217, 3218, 3219, 3220, 3221, 3222, 3223, 3224, 3225, 3226, 3227, 3228, 3229, 3230, 3231, 3232, 3233, 3234, 3235, 3236, 3237, 3238, 3239, 3240, 3241, 3242, 3243, 3244, 3245, 3246, 3247, 3248, 3249, 3250, 3251, 3252, 3253, 3254, 3255, 3256, 3257, 3258, 3259, 3260, 3261, 3262, 3263, 3264, 3265, 3266, 3267, 3268, 3269, 3270, 3271, 3272, 3273, 3274, 3275, 3276, 3277, 3278, 3279, 3280, 3281, 3282, 3283, 3284, 3285, 3286, 3287, 3288, 3289, 3290, 3291, 3292, 3293, 3294, 3295, 3296, 3297, 3298, 3299, 3300, 3301, 3302, 3303, 3304, 3305, 3306, 3307, 3308, 3309, 3310, 3311, 3312, 3313, 3314, 3315, 3583, 3584, 3585, 3586, 3587, 3588, 3589, 3590, 3591, 3592, 3593, 3594, 3595, 3596, 3597, 3598, 3599, 3600, 3601, 3602, 3603, 3604, 3605, 3606, 3607, 3608, 3609, 3610, 3611, 3612, 3613, 3614, 3615, 3616, 3617, 3618, 3619, 3620, 3621, 3622, 3623, 3624, 3625, 3626, 3627, 3628, 3629, 3630, 3631, 3632, 3633, 3634, 3635, 3636, 3637, 3638, 3639, 3640, 3641, 3642, 3643, 3644, 3645, 3646, 3647, 3648, 3649, 3650, 3651, 3652, 3653, 3654, 3655, 3656, 3657, 3658, 3659, 3660, 3661, 3662, 3663, 3664, 3665, 3666, 3667, 3668, 3669, 3670, 3671, 3672, 3673, 3674, 3675, 3676, 3677, 3678, 3679, 3680, 3681, 3682, 3683, 3684, 3685, 3686, 3687, 3688, 3689, 3690, 3691, 3692, 3693, 3694, 3695, 3696, 3697, 3698, 3699, 3700, 3701]",0.3367277200656097,0.3367277200656097,0.5,4,9,"psychiatrist Damir Huremovic of Northwell Health in Manhasset, N.Y. Health problems associated with social isolation tend to crop up when the situation goes on beyond a few weeks, he say//break//Huremovic, who cowrote and edited the 2019 book Psychiatry of Pandemics: A Mental Health Response to Infection Outbrea//break//",What evidence is given for the primary causal claim? Select all that apply.,Experts are cited
100059,4b537e0ed21179a29ed28da28057d338e67330ae12123ccceba6724f35bd68a4,raw_304b537e0ed21179a29ed28da28057d338e67330ae12123ccceba6724f35bd68a4,Covid_article_for_PE_S&S&S.txt,f7562d2d-e884-41f7-8d1c-5163848cb3bf,e406cae2-6cbe-4c06-9ddb-1ed542b98221,Covid_Evidence2020_03_21,45dce5251bd3ea6e908fa33ac9e6a8e17e6830215912ce1626cf4206e159819c,2,0,checklist,L,0.0,1.0,[],NA,NA,0.0,4,9,L,What evidence is given for the primary causal claim? Select all that apply.,L
100059,4b537e0ed21179a29ed28da28057d338e67330ae12123ccceba6724f35bd68a4,raw_304b537e0ed21179a29ed28da28057d338e67330ae12123ccceba6724f35bd68a4,Covid_article_for_PE_S&S&S.txt,f7562d2d-e884-41f7-8d1c-5163848cb3bf,e406cae2-6cbe-4c06-9ddb-1ed542b98221,Covid_Evidence2020_03_21,45dce5251bd3ea6e908fa33ac9e6a8e17e6830215912ce1626cf4206e159819c,2,0,checklist,M,0.25,0.75,[],NA,NA,0.25,4,9,M,What evidence is given for the primary causal claim? Select all that apply.,M
100059,4b537e0ed21179a29ed28da28057d338e67330ae12123ccceba6724f35bd68a4,raw_304b537e0ed21179a29ed28da28057d338e67330ae12123ccceba6724f35bd68a4,Covid_article_for_PE_S&S&S.txt,f7562d2d-e884-41f7-8d1c-5163848cb3bf,e406cae2-6cbe-4c06-9ddb-1ed542b98221,Covid_Evidence2020_03_21,45dce5251bd3ea6e908fa33ac9e6a8e17e6830215912ce1626cf4206e159819c,4,0,ordinal,U,1.0,2.0,[],NA,NA,1.0,1,6,U,How representative is the sample of the population that the claim is made about?,U
100059,4b537e0ed21179a29ed28da28057d338e67330ae12123ccceba6724f35bd68a4,raw_304b537e0ed21179a29ed28da28057d338e67330ae12123ccceba6724f35bd68a4,Covid_article_for_PE_S&S&S.txt,f7562d2d-e884-41f7-8d1c-5163848cb3bf,e406cae2-6cbe-4c06-9ddb-1ed542b98221,Covid_Evidence2020_03_21,45dce5251bd3ea6e908fa33ac9e6a8e17e6830215912ce1626cf4206e159819c,7,XXX,0,0,0,0,[],NA,NA,0,0,0,0,What is the best alternative explanation you can think of that could lead to the same set of evidence?,zero
100059,4b537e0ed21179a29ed28da28057d338e67330ae12123ccceba6724f35bd68a4,raw_304b537e0ed21179a29ed28da28057d338e67330ae12123ccceba6724f35bd68a4,Covid_article_for_PE_S&S&S.txt,f7562d2d-e884-41f7-8d1c-5163848cb3bf,e406cae2-6cbe-4c06-9ddb-1ed542b98221,Covid_Evidence2020_03_21,45dce5251bd3ea6e908fa33ac9e6a8e17e6830215912ce1626cf4206e159819c,8,32bf9a23-99db-4331-ab8a-5b73ab849d8f,ordinal,3,0.5453551600700355,1.5453551600700355,[],NA,NA,0.5453551600700355,4,5,NA,"How likely is your alternative explanation for the same evidence, as compared to the author’s explanation?",Equally likely
100059,4b537e0ed21179a29ed28da28057d338e67330ae12123ccceba6724f35bd68a4,raw_304b537e0ed21179a29ed28da28057d338e67330ae12123ccceba6724f35bd68a4,Covid_article_for_PE_S&S&S.txt,f7562d2d-e884-41f7-8d1c-5163848cb3bf,e406cae2-6cbe-4c06-9ddb-1ed542b98221,Covid_Evidence2020_03_21,45dce5251bd3ea6e908fa33ac9e6a8e17e6830215912ce1626cf4206e159819c,9,ce339f45-14dc-415e-a131-0080183cec70,ordinal,2,0.5527241956246547,1.5527241956246547,[],NA,NA,0.5527241956246547,4,3,NA,Is data presented as evidence for a pattern (e.g. A relationship between two variables)?,Maybe
100059,4b537e0ed21179a29ed28da28057d338e67330ae12123ccceba6724f35bd68a4,raw_304b537e0ed21179a29ed28da28057d338e67330ae12123ccceba6724f35bd68a4,Covid_article_for_PE_S&S&S.txt,f7562d2d-e884-41f7-8d1c-5163848cb3bf,e406cae2-6cbe-4c06-9ddb-1ed542b98221,Covid_Evidence2020_03_21,45dce5251bd3ea6e908fa33ac9e6a8e17e6830215912ce1626cf4206e159819c,10,0,ordinal,U,1.0,2.0,[],NA,NA,1.0,1,5,U,"Given the information you have, how likely is it that the apparent pattern is a result of random statistical variation or error (noise)?",U
100059,4b537e0ed21179a29ed28da28057d338e67330ae12123ccceba6724f35bd68a4,raw_304b537e0ed21179a29ed28da28057d338e67330ae12123ccceba6724f35bd68a4,Covid_article_for_PE_S&S&S.txt,f7562d2d-e884-41f7-8d1c-5163848cb3bf,e406cae2-6cbe-4c06-9ddb-1ed542b98221,Covid_Evidence2020_03_21,45dce5251bd3ea6e908fa33ac9e6a8e17e6830215912ce1626cf4206e159819c,11,0,ordinal,U,1.0,2.0,[],NA,NA,1.0,1,5,U,"Given the information you have, how likely is it that the apparent pattern is a result of some systematic error (a systematic bias in the study that could not be cancelled out by collecting more data)?",U
100059,4b537e0ed21179a29ed28da28057d338e67330ae12123ccceba6724f35bd68a4,raw_304b537e0ed21179a29ed28da28057d338e67330ae12123ccceba6724f35bd68a4,Covid_article_for_PE_S&S&S.txt,f7562d2d-e884-41f7-8d1c-5163848cb3bf,e406cae2-6cbe-4c06-9ddb-1ed542b98221,Covid_Evidence2020_03_21,45dce5251bd3ea6e908fa33ac9e6a8e17e6830215912ce1626cf4206e159819c,12,3ab5de46-c20d-468f-bc74-4738378bdc11,ordinal,3,0.855277876241662,1.855277876241662,[],NA,NA,0.855277876241662,4,4,NA,Does the author suggest in any way that further evidence might improve our understanding of the topic?,I can't tell
100059,4b537e0ed21179a29ed28da28057d338e67330ae12123ccceba6724f35bd68a4,raw_304b537e0ed21179a29ed28da28057d338e67330ae12123ccceba6724f35bd68a4,Covid_article_for_PE_S&S&S.txt,f7562d2d-e884-41f7-8d1c-5163848cb3bf,e406cae2-6cbe-4c06-9ddb-1ed542b98221,Covid_Evidence2020_03_21,45dce5251bd3ea6e908fa33ac9e6a8e17e6830215912ce1626cf4206e159819c,13,1d96c31d-db29-44c0-b9c3-24209075714d,ordinal,4,0.8006240210491449,1.8006240210491449,[],NA,NA,0.8006240210491449,4,10,NA,"How difficult was this task for you, on the whole?",4
100059,4b537e0ed21179a29ed28da28057d338e67330ae12123ccceba6724f35bd68a4,raw_304b537e0ed21179a29ed28da28057d338e67330ae12123ccceba6724f35bd68a4,Covid_article_for_PE_S&S&S.txt,f7562d2d-e884-41f7-8d1c-5163848cb3bf,e406cae2-6cbe-4c06-9ddb-1ed542b98221,Covid_Evidence2020_03_21,45dce5251bd3ea6e908fa33ac9e6a8e17e6830215912ce1626cf4206e159819c,14,d5cfa621-a240-4ac2-b702-13d7117a947a,ordinal,7,0.8641922986196168,1.8641922986196167,[],NA,NA,0.8641922986196168,4,10,NA,"How confident are you about your answers, on the whole?",7
