article_num,article_sha256,article_id,article_filename,source_task_uuid,tua_uuid,namespace,schema_sha256,question_Number,answer_uuid,question_type,agreed_Answer,coding_perc_agreement,one_two_diff,highlighted_indices,alpha_unitizing_score,alpha_unitizing_score_inclusive,agreement_score,num_users,num_answer_choices,target_text,question_text,answer_text,answer_content
100059,4b537e0ed21179a29ed28da28057d338e67330ae12123ccceba6724f35bd68a4,raw_304b537e0ed21179a29ed28da28057d338e67330ae12123ccceba6724f35bd68a4,Covid_article_for_PE_S&S&S.txt,a0398b30-583f-4809-9f4c-1dd499e79205,nan,Covid_Holisticv1.2,81f0137d4cfd132ce9019c58308d2675c4de86bac1dcadbf309af97c97d7cabe,1,0,nominal,U,1.0,1.0,[],NA,NA,1.0,1,9,U,What type of article is this?,U
100059,4b537e0ed21179a29ed28da28057d338e67330ae12123ccceba6724f35bd68a4,raw_304b537e0ed21179a29ed28da28057d338e67330ae12123ccceba6724f35bd68a4,Covid_article_for_PE_S&S&S.txt,a0398b30-583f-4809-9f4c-1dd499e79205,nan,Covid_Holisticv1.2,81f0137d4cfd132ce9019c58308d2675c4de86bac1dcadbf309af97c97d7cabe,3,0,checklist,U,0.0,1.0,[],NA,NA,0.0,1,12,U,What is the article's topic area? (check all that apply),U
100059,4b537e0ed21179a29ed28da28057d338e67330ae12123ccceba6724f35bd68a4,raw_304b537e0ed21179a29ed28da28057d338e67330ae12123ccceba6724f35bd68a4,Covid_article_for_PE_S&S&S.txt,a0398b30-583f-4809-9f4c-1dd499e79205,nan,Covid_Holisticv1.2,81f0137d4cfd132ce9019c58308d2675c4de86bac1dcadbf309af97c97d7cabe,3,0,checklist,U,1.0,0.0,[],NA,NA,1.0,1,12,U,What is the article's topic area? (check all that apply),U
100059,4b537e0ed21179a29ed28da28057d338e67330ae12123ccceba6724f35bd68a4,raw_304b537e0ed21179a29ed28da28057d338e67330ae12123ccceba6724f35bd68a4,Covid_article_for_PE_S&S&S.txt,a0398b30-583f-4809-9f4c-1dd499e79205,nan,Covid_Holisticv1.2,81f0137d4cfd132ce9019c58308d2675c4de86bac1dcadbf309af97c97d7cabe,3,0,checklist,U,0.0,1.0,[],NA,NA,0.0,1,12,U,What is the article's topic area? (check all that apply),U
100059,4b537e0ed21179a29ed28da28057d338e67330ae12123ccceba6724f35bd68a4,raw_304b537e0ed21179a29ed28da28057d338e67330ae12123ccceba6724f35bd68a4,Covid_article_for_PE_S&S&S.txt,a0398b30-583f-4809-9f4c-1dd499e79205,nan,Covid_Holisticv1.2,81f0137d4cfd132ce9019c58308d2675c4de86bac1dcadbf309af97c97d7cabe,3,0,checklist,U,1.0,0.0,[],NA,NA,1.0,1,12,U,What is the article's topic area? (check all that apply),U
100059,4b537e0ed21179a29ed28da28057d338e67330ae12123ccceba6724f35bd68a4,raw_304b537e0ed21179a29ed28da28057d338e67330ae12123ccceba6724f35bd68a4,Covid_article_for_PE_S&S&S.txt,a0398b30-583f-4809-9f4c-1dd499e79205,nan,Covid_Holisticv1.2,81f0137d4cfd132ce9019c58308d2675c4de86bac1dcadbf309af97c97d7cabe,3,0,checklist,U,1.0,0.0,[],NA,NA,1.0,1,12,U,What is the article's topic area? (check all that apply),U
100059,4b537e0ed21179a29ed28da28057d338e67330ae12123ccceba6724f35bd68a4,raw_304b537e0ed21179a29ed28da28057d338e67330ae12123ccceba6724f35bd68a4,Covid_article_for_PE_S&S&S.txt,a0398b30-583f-4809-9f4c-1dd499e79205,nan,Covid_Holisticv1.2,81f0137d4cfd132ce9019c58308d2675c4de86bac1dcadbf309af97c97d7cabe,3,0,checklist,U,0.0,1.0,[],NA,NA,0.0,1,12,U,What is the article's topic area? (check all that apply),U
100059,4b537e0ed21179a29ed28da28057d338e67330ae12123ccceba6724f35bd68a4,raw_304b537e0ed21179a29ed28da28057d338e67330ae12123ccceba6724f35bd68a4,Covid_article_for_PE_S&S&S.txt,a0398b30-583f-4809-9f4c-1dd499e79205,nan,Covid_Holisticv1.2,81f0137d4cfd132ce9019c58308d2675c4de86bac1dcadbf309af97c97d7cabe,3,0,checklist,U,0.0,1.0,[],NA,NA,0.0,1,12,U,What is the article's topic area? (check all that apply),U
100059,4b537e0ed21179a29ed28da28057d338e67330ae12123ccceba6724f35bd68a4,raw_304b537e0ed21179a29ed28da28057d338e67330ae12123ccceba6724f35bd68a4,Covid_article_for_PE_S&S&S.txt,a0398b30-583f-4809-9f4c-1dd499e79205,nan,Covid_Holisticv1.2,81f0137d4cfd132ce9019c58308d2675c4de86bac1dcadbf309af97c97d7cabe,3,0,checklist,U,0.0,1.0,[],NA,NA,0.0,1,12,U,What is the article's topic area? (check all that apply),U
100059,4b537e0ed21179a29ed28da28057d338e67330ae12123ccceba6724f35bd68a4,raw_304b537e0ed21179a29ed28da28057d338e67330ae12123ccceba6724f35bd68a4,Covid_article_for_PE_S&S&S.txt,a0398b30-583f-4809-9f4c-1dd499e79205,nan,Covid_Holisticv1.2,81f0137d4cfd132ce9019c58308d2675c4de86bac1dcadbf309af97c97d7cabe,3,0,checklist,U,0.0,1.0,[],NA,NA,0.0,1,12,U,What is the article's topic area? (check all that apply),U
100059,4b537e0ed21179a29ed28da28057d338e67330ae12123ccceba6724f35bd68a4,raw_304b537e0ed21179a29ed28da28057d338e67330ae12123ccceba6724f35bd68a4,Covid_article_for_PE_S&S&S.txt,a0398b30-583f-4809-9f4c-1dd499e79205,nan,Covid_Holisticv1.2,81f0137d4cfd132ce9019c58308d2675c4de86bac1dcadbf309af97c97d7cabe,3,0,checklist,U,0.0,1.0,[],NA,NA,0.0,1,12,U,What is the article's topic area? (check all that apply),U
100059,4b537e0ed21179a29ed28da28057d338e67330ae12123ccceba6724f35bd68a4,raw_304b537e0ed21179a29ed28da28057d338e67330ae12123ccceba6724f35bd68a4,Covid_article_for_PE_S&S&S.txt,a0398b30-583f-4809-9f4c-1dd499e79205,nan,Covid_Holisticv1.2,81f0137d4cfd132ce9019c58308d2675c4de86bac1dcadbf309af97c97d7cabe,3,0,checklist,U,0.0,1.0,[],NA,NA,0.0,1,12,U,What is the article's topic area? (check all that apply),U
100059,4b537e0ed21179a29ed28da28057d338e67330ae12123ccceba6724f35bd68a4,raw_304b537e0ed21179a29ed28da28057d338e67330ae12123ccceba6724f35bd68a4,Covid_article_for_PE_S&S&S.txt,a0398b30-583f-4809-9f4c-1dd499e79205,nan,Covid_Holisticv1.2,81f0137d4cfd132ce9019c58308d2675c4de86bac1dcadbf309af97c97d7cabe,3,0,checklist,U,0.0,1.0,[],NA,NA,0.0,1,12,U,What is the article's topic area? (check all that apply),U
100059,4b537e0ed21179a29ed28da28057d338e67330ae12123ccceba6724f35bd68a4,raw_304b537e0ed21179a29ed28da28057d338e67330ae12123ccceba6724f35bd68a4,Covid_article_for_PE_S&S&S.txt,a0398b30-583f-4809-9f4c-1dd499e79205,nan,Covid_Holisticv1.2,81f0137d4cfd132ce9019c58308d2675c4de86bac1dcadbf309af97c97d7cabe,5,0,ordinal,U,1.0,2.0,[],NA,NA,1.0,1,5,U,"Before carefully reading the article, would you have been inclined to agree or disagree with its point of view?",U
100059,4b537e0ed21179a29ed28da28057d338e67330ae12123ccceba6724f35bd68a4,raw_304b537e0ed21179a29ed28da28057d338e67330ae12123ccceba6724f35bd68a4,Covid_article_for_PE_S&S&S.txt,a0398b30-583f-4809-9f4c-1dd499e79205,nan,Covid_Holisticv1.2,81f0137d4cfd132ce9019c58308d2675c4de86bac1dcadbf309af97c97d7cabe,6,0,checklist,U,1.0,0.0,[],NA,NA,1.0,1,8,U,What kind of information does the article include?  (Check all that apply.),U
100059,4b537e0ed21179a29ed28da28057d338e67330ae12123ccceba6724f35bd68a4,raw_304b537e0ed21179a29ed28da28057d338e67330ae12123ccceba6724f35bd68a4,Covid_article_for_PE_S&S&S.txt,a0398b30-583f-4809-9f4c-1dd499e79205,nan,Covid_Holisticv1.2,81f0137d4cfd132ce9019c58308d2675c4de86bac1dcadbf309af97c97d7cabe,6,0,checklist,U,1.0,0.0,[],NA,NA,1.0,1,8,U,What kind of information does the article include?  (Check all that apply.),U
100059,4b537e0ed21179a29ed28da28057d338e67330ae12123ccceba6724f35bd68a4,raw_304b537e0ed21179a29ed28da28057d338e67330ae12123ccceba6724f35bd68a4,Covid_article_for_PE_S&S&S.txt,a0398b30-583f-4809-9f4c-1dd499e79205,nan,Covid_Holisticv1.2,81f0137d4cfd132ce9019c58308d2675c4de86bac1dcadbf309af97c97d7cabe,6,0,checklist,U,0.0,1.0,[],NA,NA,0.0,1,8,U,What kind of information does the article include?  (Check all that apply.),U
100059,4b537e0ed21179a29ed28da28057d338e67330ae12123ccceba6724f35bd68a4,raw_304b537e0ed21179a29ed28da28057d338e67330ae12123ccceba6724f35bd68a4,Covid_article_for_PE_S&S&S.txt,a0398b30-583f-4809-9f4c-1dd499e79205,nan,Covid_Holisticv1.2,81f0137d4cfd132ce9019c58308d2675c4de86bac1dcadbf309af97c97d7cabe,6,0,checklist,U,0.0,1.0,[],NA,NA,0.0,1,8,U,What kind of information does the article include?  (Check all that apply.),U
100059,4b537e0ed21179a29ed28da28057d338e67330ae12123ccceba6724f35bd68a4,raw_304b537e0ed21179a29ed28da28057d338e67330ae12123ccceba6724f35bd68a4,Covid_article_for_PE_S&S&S.txt,a0398b30-583f-4809-9f4c-1dd499e79205,nan,Covid_Holisticv1.2,81f0137d4cfd132ce9019c58308d2675c4de86bac1dcadbf309af97c97d7cabe,6,0,checklist,U,1.0,0.0,[],NA,NA,1.0,1,8,U,What kind of information does the article include?  (Check all that apply.),U
100059,4b537e0ed21179a29ed28da28057d338e67330ae12123ccceba6724f35bd68a4,raw_304b537e0ed21179a29ed28da28057d338e67330ae12123ccceba6724f35bd68a4,Covid_article_for_PE_S&S&S.txt,a0398b30-583f-4809-9f4c-1dd499e79205,nan,Covid_Holisticv1.2,81f0137d4cfd132ce9019c58308d2675c4de86bac1dcadbf309af97c97d7cabe,6,0,checklist,U,0.0,1.0,[],NA,NA,0.0,1,8,U,What kind of information does the article include?  (Check all that apply.),U
100059,4b537e0ed21179a29ed28da28057d338e67330ae12123ccceba6724f35bd68a4,raw_304b537e0ed21179a29ed28da28057d338e67330ae12123ccceba6724f35bd68a4,Covid_article_for_PE_S&S&S.txt,a0398b30-583f-4809-9f4c-1dd499e79205,nan,Covid_Holisticv1.2,81f0137d4cfd132ce9019c58308d2675c4de86bac1dcadbf309af97c97d7cabe,6,0,checklist,U,0.0,1.0,[],NA,NA,0.0,1,8,U,What kind of information does the article include?  (Check all that apply.),U
100059,4b537e0ed21179a29ed28da28057d338e67330ae12123ccceba6724f35bd68a4,raw_304b537e0ed21179a29ed28da28057d338e67330ae12123ccceba6724f35bd68a4,Covid_article_for_PE_S&S&S.txt,a0398b30-583f-4809-9f4c-1dd499e79205,nan,Covid_Holisticv1.2,81f0137d4cfd132ce9019c58308d2675c4de86bac1dcadbf309af97c97d7cabe,6,0,checklist,U,0.0,1.0,[],NA,NA,0.0,1,8,U,What kind of information does the article include?  (Check all that apply.),U
100059,4b537e0ed21179a29ed28da28057d338e67330ae12123ccceba6724f35bd68a4,raw_304b537e0ed21179a29ed28da28057d338e67330ae12123ccceba6724f35bd68a4,Covid_article_for_PE_S&S&S.txt,a0398b30-583f-4809-9f4c-1dd499e79205,nan,Covid_Holisticv1.2,81f0137d4cfd132ce9019c58308d2675c4de86bac1dcadbf309af97c97d7cabe,7,0,ordinal,U,1.0,2.0,[],NA,NA,1.0,1,5,U,"Given what you know about the world, how *credible* does the article seem to you, overall?",U
100059,4b537e0ed21179a29ed28da28057d338e67330ae12123ccceba6724f35bd68a4,raw_304b537e0ed21179a29ed28da28057d338e67330ae12123ccceba6724f35bd68a4,Covid_article_for_PE_S&S&S.txt,a0398b30-583f-4809-9f4c-1dd499e79205,nan,Covid_Holisticv1.2,81f0137d4cfd132ce9019c58308d2675c4de86bac1dcadbf309af97c97d7cabe,8,0,ordinal,U,1.0,2.0,[],NA,NA,1.0,1,5,U,"Given what you know about the world, how *biased* does the article seem to you, overall?",U
100059,4b537e0ed21179a29ed28da28057d338e67330ae12123ccceba6724f35bd68a4,raw_304b537e0ed21179a29ed28da28057d338e67330ae12123ccceba6724f35bd68a4,Covid_article_for_PE_S&S&S.txt,a0398b30-583f-4809-9f4c-1dd499e79205,nan,Covid_Holisticv1.2,81f0137d4cfd132ce9019c58308d2675c4de86bac1dcadbf309af97c97d7cabe,9,0,checklist,U,0.0,1.0,[],NA,NA,0.0,1,9,U,What kind of bias is apparent in the article? Check all that apply.,U
100059,4b537e0ed21179a29ed28da28057d338e67330ae12123ccceba6724f35bd68a4,raw_304b537e0ed21179a29ed28da28057d338e67330ae12123ccceba6724f35bd68a4,Covid_article_for_PE_S&S&S.txt,a0398b30-583f-4809-9f4c-1dd499e79205,nan,Covid_Holisticv1.2,81f0137d4cfd132ce9019c58308d2675c4de86bac1dcadbf309af97c97d7cabe,9,0,checklist,U,0.0,1.0,[],NA,NA,0.0,1,9,U,What kind of bias is apparent in the article? Check all that apply.,U
100059,4b537e0ed21179a29ed28da28057d338e67330ae12123ccceba6724f35bd68a4,raw_304b537e0ed21179a29ed28da28057d338e67330ae12123ccceba6724f35bd68a4,Covid_article_for_PE_S&S&S.txt,a0398b30-583f-4809-9f4c-1dd499e79205,nan,Covid_Holisticv1.2,81f0137d4cfd132ce9019c58308d2675c4de86bac1dcadbf309af97c97d7cabe,9,0,checklist,U,0.0,1.0,[],NA,NA,0.0,1,9,U,What kind of bias is apparent in the article? Check all that apply.,U
100059,4b537e0ed21179a29ed28da28057d338e67330ae12123ccceba6724f35bd68a4,raw_304b537e0ed21179a29ed28da28057d338e67330ae12123ccceba6724f35bd68a4,Covid_article_for_PE_S&S&S.txt,a0398b30-583f-4809-9f4c-1dd499e79205,nan,Covid_Holisticv1.2,81f0137d4cfd132ce9019c58308d2675c4de86bac1dcadbf309af97c97d7cabe,9,0,checklist,U,0.0,1.0,[],NA,NA,0.0,1,9,U,What kind of bias is apparent in the article? Check all that apply.,U
100059,4b537e0ed21179a29ed28da28057d338e67330ae12123ccceba6724f35bd68a4,raw_304b537e0ed21179a29ed28da28057d338e67330ae12123ccceba6724f35bd68a4,Covid_article_for_PE_S&S&S.txt,a0398b30-583f-4809-9f4c-1dd499e79205,nan,Covid_Holisticv1.2,81f0137d4cfd132ce9019c58308d2675c4de86bac1dcadbf309af97c97d7cabe,9,0,checklist,U,0.0,1.0,[],NA,NA,0.0,1,9,U,What kind of bias is apparent in the article? Check all that apply.,U
100059,4b537e0ed21179a29ed28da28057d338e67330ae12123ccceba6724f35bd68a4,raw_304b537e0ed21179a29ed28da28057d338e67330ae12123ccceba6724f35bd68a4,Covid_article_for_PE_S&S&S.txt,a0398b30-583f-4809-9f4c-1dd499e79205,nan,Covid_Holisticv1.2,81f0137d4cfd132ce9019c58308d2675c4de86bac1dcadbf309af97c97d7cabe,9,0,checklist,U,0.0,1.0,[],NA,NA,0.0,1,9,U,What kind of bias is apparent in the article? Check all that apply.,U
100059,4b537e0ed21179a29ed28da28057d338e67330ae12123ccceba6724f35bd68a4,raw_304b537e0ed21179a29ed28da28057d338e67330ae12123ccceba6724f35bd68a4,Covid_article_for_PE_S&S&S.txt,a0398b30-583f-4809-9f4c-1dd499e79205,nan,Covid_Holisticv1.2,81f0137d4cfd132ce9019c58308d2675c4de86bac1dcadbf309af97c97d7cabe,9,0,checklist,U,0.0,1.0,[],NA,NA,0.0,1,9,U,What kind of bias is apparent in the article? Check all that apply.,U
100059,4b537e0ed21179a29ed28da28057d338e67330ae12123ccceba6724f35bd68a4,raw_304b537e0ed21179a29ed28da28057d338e67330ae12123ccceba6724f35bd68a4,Covid_article_for_PE_S&S&S.txt,a0398b30-583f-4809-9f4c-1dd499e79205,nan,Covid_Holisticv1.2,81f0137d4cfd132ce9019c58308d2675c4de86bac1dcadbf309af97c97d7cabe,9,0,checklist,U,0.0,1.0,[],NA,NA,0.0,1,9,U,What kind of bias is apparent in the article? Check all that apply.,U
100059,4b537e0ed21179a29ed28da28057d338e67330ae12123ccceba6724f35bd68a4,raw_304b537e0ed21179a29ed28da28057d338e67330ae12123ccceba6724f35bd68a4,Covid_article_for_PE_S&S&S.txt,a0398b30-583f-4809-9f4c-1dd499e79205,nan,Covid_Holisticv1.2,81f0137d4cfd132ce9019c58308d2675c4de86bac1dcadbf309af97c97d7cabe,9,0,checklist,U,1.0,0.0,[],NA,NA,1.0,1,9,U,What kind of bias is apparent in the article? Check all that apply.,U
100059,4b537e0ed21179a29ed28da28057d338e67330ae12123ccceba6724f35bd68a4,raw_304b537e0ed21179a29ed28da28057d338e67330ae12123ccceba6724f35bd68a4,Covid_article_for_PE_S&S&S.txt,a0398b30-583f-4809-9f4c-1dd499e79205,nan,Covid_Holisticv1.2,81f0137d4cfd132ce9019c58308d2675c4de86bac1dcadbf309af97c97d7cabe,10,0,ordinal,U,0.8479969065549501,1.84799690655495,[],NA,NA,0.8479969065549501,1,5,U,How would you describe the approach of the article? (Check all that apply.),U
100059,4b537e0ed21179a29ed28da28057d338e67330ae12123ccceba6724f35bd68a4,raw_304b537e0ed21179a29ed28da28057d338e67330ae12123ccceba6724f35bd68a4,Covid_article_for_PE_S&S&S.txt,a0398b30-583f-4809-9f4c-1dd499e79205,nan,Covid_Holisticv1.2,81f0137d4cfd132ce9019c58308d2675c4de86bac1dcadbf309af97c97d7cabe,11,0,ordinal,U,1.0,2.0,[],NA,NA,1.0,1,4,U,Does the article’s title/headline match the text?,U
100059,4b537e0ed21179a29ed28da28057d338e67330ae12123ccceba6724f35bd68a4,raw_304b537e0ed21179a29ed28da28057d338e67330ae12123ccceba6724f35bd68a4,Covid_article_for_PE_S&S&S.txt,a0398b30-583f-4809-9f4c-1dd499e79205,nan,Covid_Holisticv1.2,81f0137d4cfd132ce9019c58308d2675c4de86bac1dcadbf309af97c97d7cabe,12,0,ordinal,U,1.0,2.0,[],NA,NA,1.0,1,5,U,"Does the article exaggerate the importance of a relatively minor event, person, or group?",U
100059,4b537e0ed21179a29ed28da28057d338e67330ae12123ccceba6724f35bd68a4,raw_304b537e0ed21179a29ed28da28057d338e67330ae12123ccceba6724f35bd68a4,Covid_article_for_PE_S&S&S.txt,a0398b30-583f-4809-9f4c-1dd499e79205,nan,Covid_Holisticv1.2,81f0137d4cfd132ce9019c58308d2675c4de86bac1dcadbf309af97c97d7cabe,13,0,checklist,U,0.0,1.0,[],NA,NA,0.0,1,5,U,How likely is this article to affect anyone’s behavior or beliefs?,U
100059,4b537e0ed21179a29ed28da28057d338e67330ae12123ccceba6724f35bd68a4,raw_304b537e0ed21179a29ed28da28057d338e67330ae12123ccceba6724f35bd68a4,Covid_article_for_PE_S&S&S.txt,a0398b30-583f-4809-9f4c-1dd499e79205,nan,Covid_Holisticv1.2,81f0137d4cfd132ce9019c58308d2675c4de86bac1dcadbf309af97c97d7cabe,13,0,checklist,U,1.0,0.0,[],NA,NA,1.0,1,5,U,How likely is this article to affect anyone’s behavior or beliefs?,U
100059,4b537e0ed21179a29ed28da28057d338e67330ae12123ccceba6724f35bd68a4,raw_304b537e0ed21179a29ed28da28057d338e67330ae12123ccceba6724f35bd68a4,Covid_article_for_PE_S&S&S.txt,a0398b30-583f-4809-9f4c-1dd499e79205,nan,Covid_Holisticv1.2,81f0137d4cfd132ce9019c58308d2675c4de86bac1dcadbf309af97c97d7cabe,13,0,checklist,U,0.0,1.0,[],NA,NA,0.0,1,5,U,How likely is this article to affect anyone’s behavior or beliefs?,U
100059,4b537e0ed21179a29ed28da28057d338e67330ae12123ccceba6724f35bd68a4,raw_304b537e0ed21179a29ed28da28057d338e67330ae12123ccceba6724f35bd68a4,Covid_article_for_PE_S&S&S.txt,a0398b30-583f-4809-9f4c-1dd499e79205,nan,Covid_Holisticv1.2,81f0137d4cfd132ce9019c58308d2675c4de86bac1dcadbf309af97c97d7cabe,13,0,checklist,U,0.0,1.0,[],NA,NA,0.0,1,5,U,How likely is this article to affect anyone’s behavior or beliefs?,U
100059,4b537e0ed21179a29ed28da28057d338e67330ae12123ccceba6724f35bd68a4,raw_304b537e0ed21179a29ed28da28057d338e67330ae12123ccceba6724f35bd68a4,Covid_article_for_PE_S&S&S.txt,a0398b30-583f-4809-9f4c-1dd499e79205,nan,Covid_Holisticv1.2,81f0137d4cfd132ce9019c58308d2675c4de86bac1dcadbf309af97c97d7cabe,13,0,checklist,U,0.0,1.0,[],NA,NA,0.0,1,5,U,How likely is this article to affect anyone’s behavior or beliefs?,U
100059,4b537e0ed21179a29ed28da28057d338e67330ae12123ccceba6724f35bd68a4,raw_304b537e0ed21179a29ed28da28057d338e67330ae12123ccceba6724f35bd68a4,Covid_article_for_PE_S&S&S.txt,a0398b30-583f-4809-9f4c-1dd499e79205,nan,Covid_Holisticv1.2,81f0137d4cfd132ce9019c58308d2675c4de86bac1dcadbf309af97c97d7cabe,14,0,nominal,U,1.0,1.0,[],NA,NA,1.0,1,2,U,Are there claims in the article that seem suspicious or wrong?,U
100059,4b537e0ed21179a29ed28da28057d338e67330ae12123ccceba6724f35bd68a4,raw_304b537e0ed21179a29ed28da28057d338e67330ae12123ccceba6724f35bd68a4,Covid_article_for_PE_S&S&S.txt,a0398b30-583f-4809-9f4c-1dd499e79205,nan,Covid_Holisticv1.2,81f0137d4cfd132ce9019c58308d2675c4de86bac1dcadbf309af97c97d7cabe,15,0,checklist,U,0.0,1.0,[],NA,NA,0.0,1,4,U,What is/are the problem/s with the suspicious claim/s?,U
100059,4b537e0ed21179a29ed28da28057d338e67330ae12123ccceba6724f35bd68a4,raw_304b537e0ed21179a29ed28da28057d338e67330ae12123ccceba6724f35bd68a4,Covid_article_for_PE_S&S&S.txt,a0398b30-583f-4809-9f4c-1dd499e79205,nan,Covid_Holisticv1.2,81f0137d4cfd132ce9019c58308d2675c4de86bac1dcadbf309af97c97d7cabe,15,0,checklist,U,0.0,1.0,[],NA,NA,0.0,1,4,U,What is/are the problem/s with the suspicious claim/s?,U
100059,4b537e0ed21179a29ed28da28057d338e67330ae12123ccceba6724f35bd68a4,raw_304b537e0ed21179a29ed28da28057d338e67330ae12123ccceba6724f35bd68a4,Covid_article_for_PE_S&S&S.txt,a0398b30-583f-4809-9f4c-1dd499e79205,nan,Covid_Holisticv1.2,81f0137d4cfd132ce9019c58308d2675c4de86bac1dcadbf309af97c97d7cabe,15,0,checklist,U,0.0,1.0,[],NA,NA,0.0,1,4,U,What is/are the problem/s with the suspicious claim/s?,U
100059,4b537e0ed21179a29ed28da28057d338e67330ae12123ccceba6724f35bd68a4,raw_304b537e0ed21179a29ed28da28057d338e67330ae12123ccceba6724f35bd68a4,Covid_article_for_PE_S&S&S.txt,a0398b30-583f-4809-9f4c-1dd499e79205,nan,Covid_Holisticv1.2,81f0137d4cfd132ce9019c58308d2675c4de86bac1dcadbf309af97c97d7cabe,15,0,checklist,U,1.0,0.0,[],NA,NA,1.0,1,4,U,What is/are the problem/s with the suspicious claim/s?,U
100059,4b537e0ed21179a29ed28da28057d338e67330ae12123ccceba6724f35bd68a4,raw_304b537e0ed21179a29ed28da28057d338e67330ae12123ccceba6724f35bd68a4,Covid_article_for_PE_S&S&S.txt,a0398b30-583f-4809-9f4c-1dd499e79205,nan,Covid_Holisticv1.2,81f0137d4cfd132ce9019c58308d2675c4de86bac1dcadbf309af97c97d7cabe,16,XXX,0,0,0,0,[],NA,NA,0,0,0,0,You said there was some other reason the claim/s were suspicious. What are they?,zero
100059,4b537e0ed21179a29ed28da28057d338e67330ae12123ccceba6724f35bd68a4,raw_304b537e0ed21179a29ed28da28057d338e67330ae12123ccceba6724f35bd68a4,Covid_article_for_PE_S&S&S.txt,a0398b30-583f-4809-9f4c-1dd499e79205,nan,Covid_Holisticv1.2,81f0137d4cfd132ce9019c58308d2675c4de86bac1dcadbf309af97c97d7cabe,17,0,ordinal,U,1.0,2.0,[],NA,NA,1.0,1,10,U,"How difficult was this task for you, on the whole?",U
100059,4b537e0ed21179a29ed28da28057d338e67330ae12123ccceba6724f35bd68a4,raw_304b537e0ed21179a29ed28da28057d338e67330ae12123ccceba6724f35bd68a4,Covid_article_for_PE_S&S&S.txt,a0398b30-583f-4809-9f4c-1dd499e79205,nan,Covid_Holisticv1.2,81f0137d4cfd132ce9019c58308d2675c4de86bac1dcadbf309af97c97d7cabe,18,0,ordinal,U,1.0,2.0,[],NA,NA,1.0,1,10,U,"How confident are you about your answers, on the whole?",U
