article_num,article_sha256,article_id,article_filename,source_task_uuid,tua_uuid,namespace,schema_sha256,question_Number,answer_uuid,question_type,agreed_Answer,coding_perc_agreement,one_two_diff,highlighted_indices,alpha_unitizing_score,alpha_unitizing_score_inclusive,agreement_score,num_users,num_answer_choices,target_text,question_text,answer_text,answer_content
100059,4b537e0ed21179a29ed28da28057d338e67330ae12123ccceba6724f35bd68a4,raw_304b537e0ed21179a29ed28da28057d338e67330ae12123ccceba6724f35bd68a4,Covid_article_for_PE_S&S&S.txt,02eab525-39de-42ac-a27f-ded7ef4fe780,112470de-c5d1-4612-89e2-1efc0358013c,Covid_Probability,d5f24573a7077ee3ebb203ca64f955a8c5d5a6c6b25aa65e1bfa6fa71d1311f2,1,29d14258-0445-497a-b33f-13d4e382cb0e,ordinal,2,0.4367383761507848,1.4367383761507848,"[4758, 4759, 4760, 4761, 4762, 4763, 4764, 4765, 4766, 4767, 4768, 4769, 4770, 4771, 4772, 4773, 4774, 4775, 4776, 4777, 4778, 4779, 4780, 4781, 4782, 4783, 4784, 4785, 4786, 4787, 4788, 4789, 4790, 4791, 4792, 4793, 4794, 4795, 4796, 4797, 4798, 4799, 4800, 4801, 4802, 4803, 4804, 4805, 4806, 4807, 4808, 4809, 4810, 4811, 4812, 4813, 4814, 4815, 4816, 4817, 4818, 4819, 4820, 4821, 4822, 4823, 4824, 4825, 4826, 4827, 4828, 4829, 4830, 4831, 4832, 4833, 4834, 4835, 4836, 4837, 4838, 4839, 4840, 4841, 4842, 4843, 4844, 4845, 4846, 4847, 4848, 4849, 4850, 4851, 4852, 4853, 4854, 4855, 4856, 4857, 4858, 4859, 4860, 4861, 4862, 4863, 4864, 4865, 4866, 4867, 4868, 4869, 4870, 4871, 4872, 4873, 4874, 4875, 4876, 4877, 4878, 4879, 4880, 4881, 4882, 4883, 4884, 4885, 4886, 4887, 4888, 4889, 4890, 4891, 4892, 4893, 4894, 4895, 4896, 4897, 4898, 4899, 4900, 4901, 4902, 4903, 4904, 4905, 4906, 4907, 4908, 4909, 4910, 4911, 4912, 4913, 4914, 4915, 4916, 4917, 4918, 4919, 4920, 4921, 4922, 4923, 4924, 4925, 4926, 4927, 4928, 4929, 4930, 4931, 4932, 4933, 4934, 4935, 4936, 4937, 4938, 4939, 4940, 4941, 4942, 4943, 4944, 4945, 4946, 4947, 4948, 4949, 4950, 4951, 4952, 4953, 4954, 4955, 4956, 4957, 4958, 4959, 4960, 4961, 4962, 4963, 4964, 4965, 4966, 4967, 4968, 4969, 4970, 4971, 4972, 4973, 4974, 4975, 4976, 4977, 4978, 4979, 4980, 4981, 4982, 4983, 4984, 4985, 4986, 4987, 4988, 4989, 4990, 4991, 4992, 4993, 4994, 4995, 4996, 4997, 4998, 4999, 5000, 5001, 5002, 5003, 5004, 5005, 5006, 5007, 5008, 5009, 5010]",0.966127871212617,0.966127871212617,0.4367383761507848,5,3,"The likelihood of dying during the study period increased by 26 percent for those who reported loneliness (feeling alone), 29 percent for those who were socially isolated (having few social contacts) and 32 percent for those living alone, the team foun//break//",Does the text make any claims with great confidence? Highlight the relevant part.,Maybe
100059,4b537e0ed21179a29ed28da28057d338e67330ae12123ccceba6724f35bd68a4,raw_304b537e0ed21179a29ed28da28057d338e67330ae12123ccceba6724f35bd68a4,Covid_article_for_PE_S&S&S.txt,02eab525-39de-42ac-a27f-ded7ef4fe780,112470de-c5d1-4612-89e2-1efc0358013c,Covid_Probability,d5f24573a7077ee3ebb203ca64f955a8c5d5a6c6b25aa65e1bfa6fa71d1311f2,2,b8d99362-e808-4e7d-bda4-e8d4caf5e433,ordinal,1,0.8479969065549501,1.84799690655495,[],NA,NA,0.8479969065549501,2,5,NA,To what extent does the confidence seem justified?,Completely justified
100059,4b537e0ed21179a29ed28da28057d338e67330ae12123ccceba6724f35bd68a4,raw_304b537e0ed21179a29ed28da28057d338e67330ae12123ccceba6724f35bd68a4,Covid_article_for_PE_S&S&S.txt,02eab525-39de-42ac-a27f-ded7ef4fe780,112470de-c5d1-4612-89e2-1efc0358013c,Covid_Probability,d5f24573a7077ee3ebb203ca64f955a8c5d5a6c6b25aa65e1bfa6fa71d1311f2,5,4f162277-faca-46d2-9da6-760023182275,ordinal,3,0.6149321633158761,1.614932163315876,[],NA,NA,0.6149321633158761,5,3,NA,"Does the text acknowledge that their favored theory is in any way uncertain? If so, highlight the relevant section.",No
100059,4b537e0ed21179a29ed28da28057d338e67330ae12123ccceba6724f35bd68a4,raw_304b537e0ed21179a29ed28da28057d338e67330ae12123ccceba6724f35bd68a4,Covid_article_for_PE_S&S&S.txt,02eab525-39de-42ac-a27f-ded7ef4fe780,112470de-c5d1-4612-89e2-1efc0358013c,Covid_Probability,d5f24573a7077ee3ebb203ca64f955a8c5d5a6c6b25aa65e1bfa6fa71d1311f2,6,99e392bc-20d5-4381-9e7c-10682ee30a45,nominal,3,0.8,0.6000000000000001,"[4819, 4820, 4821, 4822, 4823, 4824, 4825, 4826, 4827, 4828, 4881, 4882, 4883, 4884, 4885, 4886, 4887, 4888, 4889, 4890, 4962, 4963, 4964, 4965, 4966, 4967, 4968, 4969, 4970, 4971]",1.0,1.0,0.8,5,5,26 percen//break//29 percen//break//32 percen//break//,Are any numbers given?,"Yes, multiple numbers"
100059,4b537e0ed21179a29ed28da28057d338e67330ae12123ccceba6724f35bd68a4,raw_304b537e0ed21179a29ed28da28057d338e67330ae12123ccceba6724f35bd68a4,Covid_article_for_PE_S&S&S.txt,02eab525-39de-42ac-a27f-ded7ef4fe780,112470de-c5d1-4612-89e2-1efc0358013c,Covid_Probability,d5f24573a7077ee3ebb203ca64f955a8c5d5a6c6b25aa65e1bfa6fa71d1311f2,7,56db74b2-9f44-4134-880a-49deafce69e9,nominal,2,0.5,0.0,"[4819, 4820, 4821, 4822, 4823, 4824, 4825, 4826, 4827, 4828, 4881, 4882, 4883, 4884, 4885, 4886, 4887, 4888, 4889, 4890, 4962, 4963, 4964, 4965, 4966, 4967, 4968, 4969, 4970, 4971]",1.0,1.0,0.5,4,5,26 percen//break//29 percen//break//32 percen//break//,"Since a number is given, is a comparison number (i.e. a baseline number) for a similar case given for context?","Number given, but no baseline comparison number given"
100059,4b537e0ed21179a29ed28da28057d338e67330ae12123ccceba6724f35bd68a4,raw_304b537e0ed21179a29ed28da28057d338e67330ae12123ccceba6724f35bd68a4,Covid_article_for_PE_S&S&S.txt,02eab525-39de-42ac-a27f-ded7ef4fe780,112470de-c5d1-4612-89e2-1efc0358013c,Covid_Probability,d5f24573a7077ee3ebb203ca64f955a8c5d5a6c6b25aa65e1bfa6fa71d1311f2,10,5274cf9e-6408-4966-8129-ecdfaf9d7cfc,ordinal,3,1.0,2.0,[],NA,NA,1.0,4,3,NA,"Does the text make a specific point estimate as if their probability estimate was definitely exactly right? (e.g. no “about,” “approximately,” or confidence intervals)",No
100059,4b537e0ed21179a29ed28da28057d338e67330ae12123ccceba6724f35bd68a4,raw_304b537e0ed21179a29ed28da28057d338e67330ae12123ccceba6724f35bd68a4,Covid_article_for_PE_S&S&S.txt,02eab525-39de-42ac-a27f-ded7ef4fe780,112470de-c5d1-4612-89e2-1efc0358013c,Covid_Probability,d5f24573a7077ee3ebb203ca64f955a8c5d5a6c6b25aa65e1bfa6fa71d1311f2,11,5606d8e9-7ace-405f-a87e-5ef9f7c2e8eb,ordinal,4,1.0,2.0,[],NA,NA,1.0,5,4,NA,Does the text acknowledge that additional evidence might shift our understanding of the topics discussed in the article?,"No, not at all"
100059,4b537e0ed21179a29ed28da28057d338e67330ae12123ccceba6724f35bd68a4,raw_304b537e0ed21179a29ed28da28057d338e67330ae12123ccceba6724f35bd68a4,Covid_article_for_PE_S&S&S.txt,02eab525-39de-42ac-a27f-ded7ef4fe780,112470de-c5d1-4612-89e2-1efc0358013c,Covid_Probability,d5f24573a7077ee3ebb203ca64f955a8c5d5a6c6b25aa65e1bfa6fa71d1311f2,13,996f482d-49c8-430d-a9a3-5c952b217e5f,ordinal,5,0.7925227566637723,1.7925227566637723,[],NA,NA,0.7925227566637723,5,10,NA,"How difficult was this task for you, on the whole?",5: Middling difficulty
100059,4b537e0ed21179a29ed28da28057d338e67330ae12123ccceba6724f35bd68a4,raw_304b537e0ed21179a29ed28da28057d338e67330ae12123ccceba6724f35bd68a4,Covid_article_for_PE_S&S&S.txt,02eab525-39de-42ac-a27f-ded7ef4fe780,112470de-c5d1-4612-89e2-1efc0358013c,Covid_Probability,d5f24573a7077ee3ebb203ca64f955a8c5d5a6c6b25aa65e1bfa6fa71d1311f2,14,b38ae034-6a32-4759-987f-a246ece878b5,ordinal,7,0.7748235832548872,1.774823583254887,[],NA,NA,0.7748235832548872,5,10,NA,"How confident are you about your answers, on the whole?",7
