article_num,article_sha256,article_id,article_filename,source_task_uuid,tua_uuid,namespace,schema_sha256,question_Number,answer_uuid,question_type,agreed_Answer,coding_perc_agreement,one_two_diff,highlighted_indices,alpha_unitizing_score,alpha_unitizing_score_inclusive,agreement_score,num_users,num_answer_choices,target_text,question_text,answer_text,answer_content
100059,4b537e0ed21179a29ed28da28057d338e67330ae12123ccceba6724f35bd68a4,raw_304b537e0ed21179a29ed28da28057d338e67330ae12123ccceba6724f35bd68a4,Covid_article_for_PE_S&S&S.txt,57375874-1ecd-46b5-9ef9-8e4500a49438,3b21f478-db75-4352-94d4-7479595d3195,Covid_Probability,d5f24573a7077ee3ebb203ca64f955a8c5d5a6c6b25aa65e1bfa6fa71d1311f2,1,93f9e87c-fc74-48b2-9f74-523a705c0f2d,ordinal,3,1.0,2.0,[],NA,NA,1.0,4,3,NA,Does the text make any claims with great confidence? Highlight the relevant part.,No
100059,4b537e0ed21179a29ed28da28057d338e67330ae12123ccceba6724f35bd68a4,raw_304b537e0ed21179a29ed28da28057d338e67330ae12123ccceba6724f35bd68a4,Covid_article_for_PE_S&S&S.txt,57375874-1ecd-46b5-9ef9-8e4500a49438,3b21f478-db75-4352-94d4-7479595d3195,Covid_Probability,d5f24573a7077ee3ebb203ca64f955a8c5d5a6c6b25aa65e1bfa6fa71d1311f2,5,197d9ebe-9a23-43a6-ab46-ff4f0aae75cf,ordinal,2,0.707518749639422,1.707518749639422,"[2875, 2876, 2877, 2878, 2879, 2880, 2881, 2882, 2883, 2884, 2885, 2886, 2887, 2888, 2889, 2890, 2891, 2892, 2893, 2894, 2895, 2896, 2897, 2898, 2899, 2900, 2901, 3246, 3247, 3248, 3249, 3250, 3251, 3252, 3461, 3462, 3463, 3464, 3465, 3466, 3467, 3468, 3469, 3470, 3471, 3472, 3473, 4531, 4532, 4533, 4534, 4535, 4536, 4537, 4538, 4539, 4540, 4541, 4542, 4543, 4544, 4545, 4546, 4547, 4548]",0.44427268608631454,0.44427268608631454,0.707518749639422,4,3,research elsewhere suggest//break//tend t//break//could trigge//break//isolation may har//break//,"Does the text acknowledge that their favored theory is in any way uncertain? If so, highlight the relevant section.","Yes, implicitly"
100059,4b537e0ed21179a29ed28da28057d338e67330ae12123ccceba6724f35bd68a4,raw_304b537e0ed21179a29ed28da28057d338e67330ae12123ccceba6724f35bd68a4,Covid_article_for_PE_S&S&S.txt,57375874-1ecd-46b5-9ef9-8e4500a49438,3b21f478-db75-4352-94d4-7479595d3195,Covid_Probability,d5f24573a7077ee3ebb203ca64f955a8c5d5a6c6b25aa65e1bfa6fa71d1311f2,6,9641a3b1-9b19-46f9-b1f7-80b79bf5d6a1,nominal,1,1.0,1.0,[],NA,NA,1.0,4,5,NA,Are any numbers given?,No
100059,4b537e0ed21179a29ed28da28057d338e67330ae12123ccceba6724f35bd68a4,raw_304b537e0ed21179a29ed28da28057d338e67330ae12123ccceba6724f35bd68a4,Covid_article_for_PE_S&S&S.txt,57375874-1ecd-46b5-9ef9-8e4500a49438,3b21f478-db75-4352-94d4-7479595d3195,Covid_Probability,d5f24573a7077ee3ebb203ca64f955a8c5d5a6c6b25aa65e1bfa6fa71d1311f2,11,80a9713a-14d3-47ed-9b92-f90853e73f60,ordinal,3,0.6918004126320001,1.691800412632,[],NA,NA,0.6918004126320001,4,4,could trigger unpredictable and widespread mental health challenge//break//I sincerely hop//break//,Does the text acknowledge that additional evidence might shift our understanding of the topics discussed in the article?,I can't tell
100059,4b537e0ed21179a29ed28da28057d338e67330ae12123ccceba6724f35bd68a4,raw_304b537e0ed21179a29ed28da28057d338e67330ae12123ccceba6724f35bd68a4,Covid_article_for_PE_S&S&S.txt,57375874-1ecd-46b5-9ef9-8e4500a49438,3b21f478-db75-4352-94d4-7479595d3195,Covid_Probability,d5f24573a7077ee3ebb203ca64f955a8c5d5a6c6b25aa65e1bfa6fa71d1311f2,12,0,nominal,U,1.0,1.0,[],NA,NA,1.0,1,5,U,Does the text acknowledge the possibility of additional evidence that would... (check all that apply):,U
100059,4b537e0ed21179a29ed28da28057d338e67330ae12123ccceba6724f35bd68a4,raw_304b537e0ed21179a29ed28da28057d338e67330ae12123ccceba6724f35bd68a4,Covid_article_for_PE_S&S&S.txt,57375874-1ecd-46b5-9ef9-8e4500a49438,3b21f478-db75-4352-94d4-7479595d3195,Covid_Probability,d5f24573a7077ee3ebb203ca64f955a8c5d5a6c6b25aa65e1bfa6fa71d1311f2,13,996f482d-49c8-430d-a9a3-5c952b217e5f,ordinal,5,0.7103413950482935,1.7103413950482935,[],NA,NA,0.7103413950482935,4,10,NA,"How difficult was this task for you, on the whole?",5: Middling difficulty
100059,4b537e0ed21179a29ed28da28057d338e67330ae12123ccceba6724f35bd68a4,raw_304b537e0ed21179a29ed28da28057d338e67330ae12123ccceba6724f35bd68a4,Covid_article_for_PE_S&S&S.txt,57375874-1ecd-46b5-9ef9-8e4500a49438,3b21f478-db75-4352-94d4-7479595d3195,Covid_Probability,d5f24573a7077ee3ebb203ca64f955a8c5d5a6c6b25aa65e1bfa6fa71d1311f2,14,b38ae034-6a32-4759-987f-a246ece878b5,ordinal,7,0.7211387966248248,1.7211387966248248,[],NA,NA,0.7211387966248248,4,10,NA,"How confident are you about your answers, on the whole?",7
