,article_num,article_sha256,article_id,article_filename,source_task_uuid,tua_uuid,namespace,schema_sha256,question_Number,answer_uuid,question_type,agreed_Answer,coding_perc_agreement,highlighted_indices,agreement_score,num_users,num_answer_choices,target_text,question_text,answer_text,answer_content,prereq_passed
0,100059,4b537e0ed21179a29ed28da28057d338e67330ae12123ccceba6724f35bd68a4,raw_304b537e0ed21179a29ed28da28057d338e67330ae12123ccceba6724f35bd68a4,Covid_article_for_PE_S&S&S.txt,79826d5e-97f6-4cb3-aea0-e5fe66a344aa,5519e901-fe21-4b8e-82e4-b8c59ecb4e92,Covid_Evidence2020_03_21,45dce5251bd3ea6e908fa33ac9e6a8e17e6830215912ce1626cf4206e159819c,1,73d7a14a-9ec6-404c-b2b7-a55508af3b76,checklist,1,1.0,"[5859, 5860, 5861, 5862, 5863, 5864, 5865, 5866, 5867, 5868, 5869, 5870, 5871, 5872, 5873, 5874, 5875, 5876, 5877, 5878, 5879, 5880, 5881, 5882, 5883, 5884, 5885, 5886, 5887, 5888, 5889, 5890, 5891, 5892, 5893, 5894, 5895, 5896, 5897, 5898, 5899, 5900, 5901, 5902, 5903, 5904, 5905, 5906, 5907, 5908, 5909, 5910, 5911, 5912, 5913, 5914, 5915, 5916, 5917, 5918, 5919, 5920, 5921, 5922, 5923, 5924, 5925, 5926, 5927, 5928, 5929, 5930, 5931, 5932, 5933, 5934, 5935, 5936, 5937, 5938, 5939, 5940, 5941, 5942, 5943, 5944, 5945, 5946, 5947, 5948, 5949, 5950, 5951, 5952, 5953, 5954, 5955, 5956, 5957, 5958, 5959, 5960, 5961, 5962, 5963, 5964, 5965, 5966, 5967, 5968, 5969, 5970, 5971, 5972, 5973, 5974, 5975, 5976, 5977, 5978, 5979, 5980, 5981, 5982, 5983, 5984, 5985, 5986, 5987, 5988, 5989, 5990, 5991, 5992, 5993, 5994, 5995, 5996, 5997, 5998, 5999, 6000, 6001, 6002, 6003, 6004, 6005, 6006, 6007, 6008, 6009, 6010, 6011, 6012, 6013, 6014, 6015, 6016, 6017, 6018, 6019, 6020, 6021, 6022, 6023, 6024, 6025, 6026, 6027, 6028, 6029, 6030, 6031, 6032, 6033, 6034, 6035, 6036, 6037, 6038, 6039, 6040, 6041, 6042, 6043, 6044, 6045, 6046, 6047, 6048, 6049, 6050, 6051, 6052, 6053, 6054, 6055, 6056, 6057, 6058, 6059, 6060, 6061, 6062, 6063, 6064, 6065, 6066, 6067, 6068, 6069, 6070, 6071, 6072, 6073, 6074, 6075, 6076, 6077, 6078, 6079, 6080, 6081, 6082, 6083, 6084, 6085, 6086, 6087, 6088, 6089, 6090, 6091, 6092, 6093, 6094, 6095, 6469, 6470, 6471, 6472, 6473, 6474, 6475, 6476, 6477, 6478, 6479, 6480, 6481, 6482, 6483, 6484, 6485, 6486, 6487, 6488, 6489, 6490, 6491, 6492, 6493, 6494, 6495, 6496, 6497, 6498, 6499, 6500, 6501, 6502, 6503, 6504, 6505, 6506, 6507, 6508, 6509, 6510, 6511, 6512, 6513, 6514, 6515, 6516, 6517, 6518, 6519, 6520, 6521, 6522, 6523, 6524, 6525, 6526, 6527, 6528, 6529, 6530, 6531, 6532, 6533, 6534, 6535, 6536, 6537, 6538, 6539, 6540, 6541, 6542, 6543, 6544, 6545, 6546, 6547, 6548, 6549, 6550, 6551, 6552, 6553, 6554, 6555, 6556, 6557, 6558, 6559, 6560, 6561, 6562, 6563, 6564, 6565, 6566, 6567, 6568, 6569, 6570, 6571, 6572, 6573, 6574, 6575, 6576, 6577, 6578, 6579, 6580, 6581, 6582, 6583, 6584, 6585, 6586, 6587, 6588, 6589, 6590, 6591, 6592, 6593, 6594, 6595, 6596, 6597, 6598, 6599, 6600, 6601, 6602, 6603, 6604, 6605, 6606, 6607, 6608, 6609, 6610, 6611, 6612, 6613, 6614, 6615, 6616, 6617, 6618, 6619, 6620, 6621, 6622, 6623, 6624, 6625, 6626, 6627, 6628, 6629, 6630, 6631, 6632, 6633, 6634, 6635, 6636, 6637, 6638, 6639, 6640, 6641, 6642, 6643, 6644, 6645, 6646, 6647, 6648, 6649, 6650, 6651, 6652, 6653, 6654, 6655, 6656, 6657, 6658, 6659, 6660, 6661, 6662, 6663, 6664]",1.0,3,3,"modern technology is no substitute for human touch, such as holding hands, hugging or massage, which studies suggest can affect health, including possibly lowering blood pressure and reducing the severity of symptoms from the common col//break//His work suggests, for instance, that handholding can reduce physical pain.
Even touch that comes from a hospital worker in protective gear instead of a loved one is better than nothing, Coan say//break//",Is a general or singular causal claim made? Highlight the section(s) that supports your answer.,"General Causation (In general, X causes Y.)",,True
1,100059,4b537e0ed21179a29ed28da28057d338e67330ae12123ccceba6724f35bd68a4,raw_304b537e0ed21179a29ed28da28057d338e67330ae12123ccceba6724f35bd68a4,Covid_article_for_PE_S&S&S.txt,79826d5e-97f6-4cb3-aea0-e5fe66a344aa,5519e901-fe21-4b8e-82e4-b8c59ecb4e92,Covid_Evidence2020_03_21,45dce5251bd3ea6e908fa33ac9e6a8e17e6830215912ce1626cf4206e159819c,1,f91456b2-b2f6-40aa-a347-a537379edb79,checklist,2,0.3333333333333333,[],0.3333333333333333,3,3,,Is a general or singular causal claim made? Highlight the section(s) that supports your answer.,"Singular Causation (In this case, A caused/is causing B)",,True
2,100059,4b537e0ed21179a29ed28da28057d338e67330ae12123ccceba6724f35bd68a4,raw_304b537e0ed21179a29ed28da28057d338e67330ae12123ccceba6724f35bd68a4,Covid_article_for_PE_S&S&S.txt,79826d5e-97f6-4cb3-aea0-e5fe66a344aa,5519e901-fe21-4b8e-82e4-b8c59ecb4e92,Covid_Evidence2020_03_21,45dce5251bd3ea6e908fa33ac9e6a8e17e6830215912ce1626cf4206e159819c,1,0,checklist,L,0.0,[],0.0,3,3,L,Is a general or singular causal claim made? Highlight the section(s) that supports your answer.,L,,True
11,100059,4b537e0ed21179a29ed28da28057d338e67330ae12123ccceba6724f35bd68a4,raw_304b537e0ed21179a29ed28da28057d338e67330ae12123ccceba6724f35bd68a4,Covid_article_for_PE_S&S&S.txt,79826d5e-97f6-4cb3-aea0-e5fe66a344aa,5519e901-fe21-4b8e-82e4-b8c59ecb4e92,Covid_Evidence2020_03_21,45dce5251bd3ea6e908fa33ac9e6a8e17e6830215912ce1626cf4206e159819c,2,0,checklist,L,0.0,[],0.0,3,9,L,What evidence is given for the primary causal claim? Select all that apply.,L,,True
10,100059,4b537e0ed21179a29ed28da28057d338e67330ae12123ccceba6724f35bd68a4,raw_304b537e0ed21179a29ed28da28057d338e67330ae12123ccceba6724f35bd68a4,Covid_article_for_PE_S&S&S.txt,79826d5e-97f6-4cb3-aea0-e5fe66a344aa,5519e901-fe21-4b8e-82e4-b8c59ecb4e92,Covid_Evidence2020_03_21,45dce5251bd3ea6e908fa33ac9e6a8e17e6830215912ce1626cf4206e159819c,2,0,checklist,L,0.0,[],0.0,3,9,L,What evidence is given for the primary causal claim? Select all that apply.,L,,True
8,100059,4b537e0ed21179a29ed28da28057d338e67330ae12123ccceba6724f35bd68a4,raw_304b537e0ed21179a29ed28da28057d338e67330ae12123ccceba6724f35bd68a4,Covid_article_for_PE_S&S&S.txt,79826d5e-97f6-4cb3-aea0-e5fe66a344aa,5519e901-fe21-4b8e-82e4-b8c59ecb4e92,Covid_Evidence2020_03_21,45dce5251bd3ea6e908fa33ac9e6a8e17e6830215912ce1626cf4206e159819c,2,0,checklist,L,0.0,[],0.0,3,9,L,What evidence is given for the primary causal claim? Select all that apply.,L,,True
7,100059,4b537e0ed21179a29ed28da28057d338e67330ae12123ccceba6724f35bd68a4,raw_304b537e0ed21179a29ed28da28057d338e67330ae12123ccceba6724f35bd68a4,Covid_article_for_PE_S&S&S.txt,79826d5e-97f6-4cb3-aea0-e5fe66a344aa,5519e901-fe21-4b8e-82e4-b8c59ecb4e92,Covid_Evidence2020_03_21,45dce5251bd3ea6e908fa33ac9e6a8e17e6830215912ce1626cf4206e159819c,2,780989ca-2765-4989-9cc3-08f3874489e0,checklist,5,0.6666666666666666,"[5859.0, 5860.0, 5861.0, 5862.0, 5863.0, 5864.0, 5865.0, 5866.0, 5867.0, 5868.0, 5869.0, 5870.0, 5871.0, 5872.0, 5873.0, 5874.0, 5875.0, 5876.0, 5877.0, 5878.0, 5879.0, 5880.0, 5881.0, 5882.0, 5883.0, 5884.0, 5885.0, 5886.0, 5887.0, 5888.0, 5889.0, 5890.0, 5891.0, 5892.0, 5893.0, 5894.0, 5895.0, 5896.0, 5897.0, 5898.0, 5899.0, 5900.0, 5901.0, 5902.0, 5903.0, 5904.0, 5905.0, 5906.0, 5907.0, 5908.0, 5909.0, 5910.0, 5911.0, 5912.0, 5913.0, 5914.0, 5915.0, 5916.0, 5917.0, 5918.0, 5919.0, 5920.0, 5921.0, 5922.0, 5923.0, 5924.0, 5925.0, 5926.0, 5927.0, 5928.0, 5929.0, 5930.0, 5931.0, 5932.0, 5933.0, 5934.0, 5935.0, 5936.0, 5937.0, 5938.0, 5939.0, 5940.0, 5941.0, 5942.0, 5943.0, 5944.0, 5945.0, 5946.0, 5947.0, 5948.0, 5949.0, 5950.0, 5951.0, 5952.0, 5953.0, 5954.0, 5955.0, 5956.0, 5957.0, 5958.0, 5959.0, 5960.0, 5961.0, 5962.0, 5963.0, 5964.0, 5965.0, 5966.0, 5967.0, 5968.0, 5969.0, 5970.0, 5971.0, 5972.0, 5973.0, 5974.0, 5975.0, 5976.0, 5977.0, 5978.0, 5979.0, 5980.0, 5981.0, 5982.0, 5983.0, 5984.0, 5985.0, 5986.0, 5987.0, 5988.0, 5989.0, 5990.0, 5991.0, 5992.0, 5993.0, 5994.0, 5995.0, 5996.0, 5997.0, 5998.0, 5999.0, 6000.0, 6001.0, 6002.0, 6003.0, 6004.0, 6005.0, 6006.0, 6007.0, 6008.0, 6009.0, 6010.0, 6011.0, 6012.0, 6013.0, 6014.0, 6015.0, 6016.0, 6017.0, 6018.0, 6019.0, 6020.0, 6021.0, 6022.0, 6023.0, 6024.0, 6025.0, 6026.0, 6027.0, 6028.0, 6029.0, 6030.0, 6031.0, 6032.0, 6033.0, 6034.0, 6035.0, 6036.0, 6037.0, 6038.0, 6039.0, 6040.0, 6041.0, 6042.0, 6043.0, 6044.0, 6045.0, 6046.0, 6047.0, 6048.0, 6049.0, 6050.0, 6051.0, 6052.0, 6053.0, 6054.0, 6055.0, 6056.0, 6057.0, 6058.0, 6059.0, 6060.0, 6061.0, 6062.0, 6063.0, 6064.0, 6065.0, 6066.0, 6067.0, 6068.0, 6069.0, 6070.0, 6071.0, 6072.0, 6073.0, 6074.0, 6075.0, 6076.0, 6077.0, 6078.0, 6079.0, 6080.0, 6081.0, 6082.0, 6083.0, 6084.0, 6085.0, 6086.0, 6087.0, 6088.0, 6089.0, 6090.0, 6091.0, 6092.0, 6093.0, 6094.0, 6095.0, 6469.0, 6470.0, 6471.0, 6472.0, 6473.0, 6474.0, 6475.0, 6476.0, 6477.0, 6478.0, 6479.0, 6480.0, 6481.0, 6482.0, 6483.0, 6484.0, 6485.0, 6486.0, 6487.0, 6488.0, 6489.0, 6490.0, 6491.0, 6492.0, 6493.0, 6494.0, 6495.0, 6496.0, 6497.0, 6498.0, 6499.0, 6500.0, 6501.0, 6502.0, 6503.0, 6504.0, 6505.0, 6506.0, 6507.0, 6508.0, 6509.0, 6510.0, 6511.0, 6512.0, 6513.0, 6514.0, 6515.0, 6516.0, 6517.0, 6518.0, 6519.0, 6520.0, 6521.0, 6522.0, 6523.0, 6524.0, 6525.0, 6526.0, 6527.0, 6528.0, 6529.0, 6530.0, 6531.0, 6532.0, 6533.0, 6534.0, 6535.0, 6536.0, 6537.0, 6538.0, 6539.0, 6540.0, 6541.0, 6542.0, 6543.0, 6544.0, 6545.0, 6546.0, 6547.0, 6548.0, 6549.0, 6550.0, 6551.0, 6552.0, 6553.0, 6554.0, 6555.0, 6556.0, 6557.0, 6558.0, 6559.0, 6560.0, 6561.0, 6562.0, 6563.0, 6564.0, 6565.0, 6566.0, 6567.0, 6568.0, 6569.0, 6570.0, 6571.0, 6572.0, 6573.0, 6574.0, 6575.0, 6576.0, 6577.0, 6578.0, 6579.0, 6580.0, 6581.0, 6582.0, 6583.0, 6584.0, 6585.0, 6586.0, 6587.0, 6588.0, 6589.0, 6590.0, 6591.0, 6592.0, 6593.0, 6594.0, 6595.0, 6596.0, 6597.0, 6598.0, 6599.0, 6600.0, 6601.0, 6602.0, 6603.0, 6604.0, 6605.0, 6606.0, 6607.0, 6608.0, 6609.0, 6610.0, 6611.0, 6612.0, 6613.0, 6614.0, 6615.0, 6616.0, 6617.0, 6618.0, 6619.0, 6620.0, 6621.0, 6622.0, 6623.0, 6624.0, 6625.0, 6626.0, 6627.0, 6628.0, 6629.0, 6630.0, 6631.0, 6632.0, 6633.0, 6634.0, 6635.0, 6636.0, 6637.0, 6638.0, 6639.0, 6640.0, 6641.0, 6642.0, 6643.0, 6644.0, 6645.0, 6646.0, 6647.0, 6648.0, 6649.0, 6650.0, 6651.0, 6652.0, 6653.0, 6654.0, 6655.0, 6656.0, 6657.0, 6658.0, 6659.0, 6660.0, 6661.0, 6662.0, 6663.0, 6664.0]",0.6666666666666666,3,9,which studies sugges//break//,What evidence is given for the primary causal claim? Select all that apply.,An experimental study was conducted (natural experiments OK),,True
9,100059,4b537e0ed21179a29ed28da28057d338e67330ae12123ccceba6724f35bd68a4,raw_304b537e0ed21179a29ed28da28057d338e67330ae12123ccceba6724f35bd68a4,Covid_article_for_PE_S&S&S.txt,79826d5e-97f6-4cb3-aea0-e5fe66a344aa,5519e901-fe21-4b8e-82e4-b8c59ecb4e92,Covid_Evidence2020_03_21,45dce5251bd3ea6e908fa33ac9e6a8e17e6830215912ce1626cf4206e159819c,2,c51b597d-2d96-4337-affe-b92836a08869,checklist,7,0.6666666666666666,"[5859.0, 5860.0, 5861.0, 5862.0, 5863.0, 5864.0, 5865.0, 5866.0, 5867.0, 5868.0, 5869.0, 5870.0, 5871.0, 5872.0, 5873.0, 5874.0, 5875.0, 5876.0, 5877.0, 5878.0, 5879.0, 5880.0, 5881.0, 5882.0, 5883.0, 5884.0, 5885.0, 5886.0, 5887.0, 5888.0, 5889.0, 5890.0, 5891.0, 5892.0, 5893.0, 5894.0, 5895.0, 5896.0, 5897.0, 5898.0, 5899.0, 5900.0, 5901.0, 5902.0, 5903.0, 5904.0, 5905.0, 5906.0, 5907.0, 5908.0, 5909.0, 5910.0, 5911.0, 5912.0, 5913.0, 5914.0, 5915.0, 5916.0, 5917.0, 5918.0, 5919.0, 5920.0, 5921.0, 5922.0, 5923.0, 5924.0, 5925.0, 5926.0, 5927.0, 5928.0, 5929.0, 5930.0, 5931.0, 5932.0, 5933.0, 5934.0, 5935.0, 5936.0, 5937.0, 5938.0, 5939.0, 5940.0, 5941.0, 5942.0, 5943.0, 5944.0, 5945.0, 5946.0, 5947.0, 5948.0, 5949.0, 5950.0, 5951.0, 5952.0, 5953.0, 5954.0, 5955.0, 5956.0, 5957.0, 5958.0, 5959.0, 5960.0, 5961.0, 5962.0, 5963.0, 5964.0, 5965.0, 5966.0, 5967.0, 5968.0, 5969.0, 5970.0, 5971.0, 5972.0, 5973.0, 5974.0, 5975.0, 5976.0, 5977.0, 5978.0, 5979.0, 5980.0, 5981.0, 5982.0, 5983.0, 5984.0, 5985.0, 5986.0, 5987.0, 5988.0, 5989.0, 5990.0, 5991.0, 5992.0, 5993.0, 5994.0, 5995.0, 5996.0, 5997.0, 5998.0, 5999.0, 6000.0, 6001.0, 6002.0, 6003.0, 6004.0, 6005.0, 6006.0, 6007.0, 6008.0, 6009.0, 6010.0, 6011.0, 6012.0, 6013.0, 6014.0, 6015.0, 6016.0, 6017.0, 6018.0, 6019.0, 6020.0, 6021.0, 6022.0, 6023.0, 6024.0, 6025.0, 6026.0, 6027.0, 6028.0, 6029.0, 6030.0, 6031.0, 6032.0, 6033.0, 6034.0, 6035.0, 6036.0, 6037.0, 6038.0, 6039.0, 6040.0, 6041.0, 6042.0, 6043.0, 6044.0, 6045.0, 6046.0, 6047.0, 6048.0, 6049.0, 6050.0, 6051.0, 6052.0, 6053.0, 6054.0, 6055.0, 6056.0, 6057.0, 6058.0, 6059.0, 6060.0, 6061.0, 6062.0, 6063.0, 6064.0, 6065.0, 6066.0, 6067.0, 6068.0, 6069.0, 6070.0, 6071.0, 6072.0, 6073.0, 6074.0, 6075.0, 6076.0, 6077.0, 6078.0, 6079.0, 6080.0, 6081.0, 6082.0, 6083.0, 6084.0, 6085.0, 6086.0, 6087.0, 6088.0, 6089.0, 6090.0, 6091.0, 6092.0, 6093.0, 6094.0, 6095.0, 6414.0, 6415.0, 6416.0, 6417.0, 6418.0, 6419.0, 6420.0, 6421.0, 6422.0, 6423.0, 6424.0, 6425.0, 6426.0, 6427.0, 6428.0, 6429.0, 6430.0, 6431.0, 6432.0, 6433.0, 6434.0, 6435.0, 6436.0, 6437.0, 6438.0, 6439.0, 6440.0, 6441.0, 6442.0, 6443.0, 6444.0, 6445.0, 6446.0, 6447.0, 6448.0, 6449.0, 6450.0, 6451.0, 6452.0, 6453.0, 6454.0, 6455.0, 6456.0, 6457.0, 6458.0, 6459.0, 6460.0, 6461.0, 6462.0, 6463.0, 6464.0, 6465.0, 6466.0, 6469.0, 6470.0, 6471.0, 6472.0, 6473.0, 6474.0, 6475.0, 6476.0, 6477.0, 6478.0, 6479.0, 6480.0, 6481.0, 6482.0, 6483.0, 6484.0, 6485.0, 6486.0, 6487.0, 6488.0, 6489.0, 6490.0, 6491.0, 6492.0, 6493.0, 6494.0, 6495.0, 6496.0, 6497.0, 6498.0, 6499.0, 6500.0, 6501.0, 6502.0, 6503.0, 6504.0, 6505.0, 6506.0, 6507.0, 6508.0, 6509.0, 6510.0, 6511.0, 6512.0, 6513.0, 6514.0, 6515.0, 6516.0, 6517.0, 6518.0, 6519.0, 6520.0, 6521.0, 6522.0, 6523.0, 6524.0, 6525.0, 6526.0, 6527.0, 6528.0, 6529.0, 6530.0, 6531.0, 6532.0, 6533.0, 6534.0, 6535.0, 6536.0, 6537.0, 6538.0, 6539.0, 6540.0, 6541.0, 6542.0, 6543.0, 6544.0, 6545.0, 6546.0, 6547.0, 6548.0, 6549.0, 6550.0, 6551.0, 6552.0, 6553.0, 6554.0, 6555.0, 6556.0, 6557.0, 6558.0, 6559.0, 6560.0, 6561.0, 6562.0, 6563.0, 6564.0, 6565.0, 6566.0, 6567.0, 6568.0, 6569.0, 6570.0, 6571.0, 6572.0, 6573.0, 6574.0, 6575.0, 6576.0, 6577.0, 6578.0, 6579.0, 6580.0, 6581.0, 6582.0, 6583.0, 6584.0, 6585.0, 6586.0, 6587.0, 6588.0, 6589.0, 6590.0, 6591.0, 6592.0, 6593.0, 6594.0, 6595.0, 6596.0, 6597.0, 6598.0, 6599.0, 6600.0, 6601.0, 6602.0, 6603.0, 6604.0, 6605.0, 6606.0, 6607.0, 6608.0, 6609.0, 6610.0, 6611.0, 6612.0, 6613.0, 6614.0, 6615.0, 6616.0, 6617.0, 6618.0, 6619.0, 6620.0, 6621.0, 6622.0, 6623.0, 6624.0, 6625.0, 6626.0, 6627.0, 6628.0, 6629.0, 6630.0, 6631.0, 6632.0, 6633.0, 6634.0, 6635.0, 6636.0, 6637.0, 6638.0, 6639.0, 6640.0, 6641.0, 6642.0, 6643.0, 6644.0, 6645.0, 6646.0, 6647.0, 6648.0, 6649.0, 6650.0, 6651.0, 6652.0, 6653.0, 6654.0, 6655.0, 6656.0, 6657.0, 6658.0, 6659.0, 6660.0, 6661.0, 6662.0, 6663.0, 6664.0]",0.6666666666666666,3,9,"Coan of the University of Virginia in Charlottesvill//break//His work suggests, for instance, that handholding can reduce physical pai//break//Even touch that comes from a hospital worker in protective gear instead of a loved one is better than nothing, Coan say//break//",What evidence is given for the primary causal claim? Select all that apply.,Experts are cited,,True
5,100059,4b537e0ed21179a29ed28da28057d338e67330ae12123ccceba6724f35bd68a4,raw_304b537e0ed21179a29ed28da28057d338e67330ae12123ccceba6724f35bd68a4,Covid_article_for_PE_S&S&S.txt,79826d5e-97f6-4cb3-aea0-e5fe66a344aa,5519e901-fe21-4b8e-82e4-b8c59ecb4e92,Covid_Evidence2020_03_21,45dce5251bd3ea6e908fa33ac9e6a8e17e6830215912ce1626cf4206e159819c,2,fee5e5ec-ce13-43e7-aca6-5babee4eb8a5,checklist,3,0.3333333333333333,"[5859.0, 5860.0, 5861.0, 5862.0, 5863.0, 5864.0, 5865.0, 5866.0, 5867.0, 5868.0, 5869.0, 5870.0, 5871.0, 5872.0, 5873.0, 5874.0, 5875.0, 5876.0, 5877.0, 5878.0, 5879.0, 5880.0, 5881.0, 5882.0, 5883.0, 5884.0, 5885.0, 5886.0, 5887.0, 5888.0, 5889.0, 5890.0, 5891.0, 5892.0, 5893.0, 5894.0, 5895.0, 5896.0, 5897.0, 5898.0, 5899.0, 5900.0, 5901.0, 5902.0, 5903.0, 5904.0, 5905.0, 5906.0, 5907.0, 5908.0, 5909.0, 5910.0, 5911.0, 5912.0, 5913.0, 5914.0, 5915.0, 5916.0, 5917.0, 5918.0, 5919.0, 5920.0, 5921.0, 5922.0, 5923.0, 5924.0, 5925.0, 5926.0, 5927.0, 5928.0, 5929.0, 5930.0, 5931.0, 5932.0, 5933.0, 5934.0, 5935.0, 5936.0, 5937.0, 5938.0, 5939.0, 5940.0, 5941.0, 5942.0, 5943.0, 5944.0, 5945.0, 5946.0, 5947.0, 5948.0, 5949.0, 5950.0, 5951.0, 5952.0, 5953.0, 5954.0, 5955.0, 5956.0, 5957.0, 5958.0, 5959.0, 5960.0, 5961.0, 5962.0, 5963.0, 5964.0, 5965.0, 5966.0, 5967.0, 5968.0, 5969.0, 5970.0, 5971.0, 5972.0, 5973.0, 5974.0, 5975.0, 5976.0, 5977.0, 5978.0, 5979.0, 5980.0, 5981.0, 5982.0, 5983.0, 5984.0, 5985.0, 5986.0, 5987.0, 5988.0, 5989.0, 5990.0, 5991.0, 5992.0, 5993.0, 5994.0, 5995.0, 5996.0, 5997.0, 5998.0, 5999.0, 6000.0, 6001.0, 6002.0, 6003.0, 6004.0, 6005.0, 6006.0, 6007.0, 6008.0, 6009.0, 6010.0, 6011.0, 6012.0, 6013.0, 6014.0, 6015.0, 6016.0, 6017.0, 6018.0, 6019.0, 6020.0, 6021.0, 6022.0, 6023.0, 6024.0, 6025.0, 6026.0, 6027.0, 6028.0, 6029.0, 6030.0, 6031.0, 6032.0, 6033.0, 6034.0, 6035.0, 6036.0, 6037.0, 6038.0, 6039.0, 6040.0, 6041.0, 6042.0, 6043.0, 6044.0, 6045.0, 6046.0, 6047.0, 6048.0, 6049.0, 6050.0, 6051.0, 6052.0, 6053.0, 6054.0, 6055.0, 6056.0, 6057.0, 6058.0, 6059.0, 6060.0, 6061.0, 6062.0, 6063.0, 6064.0, 6065.0, 6066.0, 6067.0, 6068.0, 6069.0, 6070.0, 6071.0, 6072.0, 6073.0, 6074.0, 6075.0, 6076.0, 6077.0, 6078.0, 6079.0, 6080.0, 6081.0, 6082.0, 6083.0, 6084.0, 6085.0, 6086.0, 6087.0, 6088.0, 6089.0, 6090.0, 6091.0, 6092.0, 6093.0, 6094.0, 6095.0, 6414.0, 6415.0, 6416.0, 6417.0, 6418.0, 6419.0, 6420.0, 6421.0, 6422.0, 6423.0, 6424.0, 6425.0, 6426.0, 6427.0, 6428.0, 6429.0, 6430.0, 6431.0, 6432.0, 6433.0, 6434.0, 6435.0, 6436.0, 6437.0, 6438.0, 6439.0, 6440.0, 6441.0, 6442.0, 6443.0, 6444.0, 6445.0, 6446.0, 6447.0, 6448.0, 6449.0, 6450.0, 6451.0, 6452.0, 6453.0, 6454.0, 6455.0, 6456.0, 6457.0, 6458.0, 6459.0, 6460.0, 6461.0, 6462.0, 6463.0, 6464.0, 6465.0, 6466.0, 6469.0, 6470.0, 6471.0, 6472.0, 6473.0, 6474.0, 6475.0, 6476.0, 6477.0, 6478.0, 6479.0, 6480.0, 6481.0, 6482.0, 6483.0, 6484.0, 6485.0, 6486.0, 6487.0, 6488.0, 6489.0, 6490.0, 6491.0, 6492.0, 6493.0, 6494.0, 6495.0, 6496.0, 6497.0, 6498.0, 6499.0, 6500.0, 6501.0, 6502.0, 6503.0, 6504.0, 6505.0, 6506.0, 6507.0, 6508.0, 6509.0, 6510.0, 6511.0, 6512.0, 6513.0, 6514.0, 6515.0, 6516.0, 6517.0, 6518.0, 6519.0, 6520.0, 6521.0, 6522.0, 6523.0, 6524.0, 6525.0, 6526.0, 6527.0, 6528.0, 6529.0, 6530.0, 6531.0, 6532.0, 6533.0, 6534.0, 6535.0, 6536.0, 6537.0, 6538.0, 6539.0, 6540.0, 6541.0, 6542.0, 6543.0, 6544.0, 6545.0, 6546.0, 6547.0, 6548.0, 6549.0, 6550.0, 6551.0, 6552.0, 6553.0, 6554.0, 6555.0, 6556.0, 6557.0, 6558.0, 6559.0, 6560.0, 6561.0, 6562.0, 6563.0, 6564.0, 6565.0, 6566.0, 6567.0, 6568.0, 6569.0, 6570.0, 6571.0, 6572.0, 6573.0, 6574.0, 6575.0, 6576.0, 6577.0, 6578.0, 6579.0, 6580.0, 6581.0, 6582.0, 6583.0, 6584.0, 6585.0, 6586.0, 6587.0, 6588.0, 6589.0, 6590.0, 6591.0, 6592.0, 6593.0, 6594.0, 6595.0, 6596.0, 6597.0, 6598.0, 6599.0, 6600.0, 6601.0, 6602.0, 6603.0, 6604.0, 6605.0, 6606.0, 6607.0, 6608.0, 6609.0, 6610.0, 6611.0, 6612.0, 6613.0, 6614.0, 6615.0, 6616.0, 6617.0, 6618.0, 6619.0, 6620.0, 6621.0, 6622.0, 6623.0, 6624.0, 6625.0, 6626.0, 6627.0, 6628.0, 6629.0, 6630.0, 6631.0, 6632.0, 6633.0, 6634.0, 6635.0, 6636.0, 6637.0, 6638.0, 6639.0, 6640.0, 6641.0, 6642.0, 6643.0, 6644.0, 6645.0, 6646.0, 6647.0, 6648.0, 6649.0, 6650.0, 6651.0, 6652.0, 6653.0, 6654.0, 6655.0, 6656.0, 6657.0, 6658.0, 6659.0, 6660.0, 6661.0, 6662.0, 6663.0, 6664.0]",0.3333333333333333,3,9,,What evidence is given for the primary causal claim? Select all that apply.,The correlation appears across multiple independent contexts,,True
4,100059,4b537e0ed21179a29ed28da28057d338e67330ae12123ccceba6724f35bd68a4,raw_304b537e0ed21179a29ed28da28057d338e67330ae12123ccceba6724f35bd68a4,Covid_article_for_PE_S&S&S.txt,79826d5e-97f6-4cb3-aea0-e5fe66a344aa,5519e901-fe21-4b8e-82e4-b8c59ecb4e92,Covid_Evidence2020_03_21,45dce5251bd3ea6e908fa33ac9e6a8e17e6830215912ce1626cf4206e159819c,2,0,checklist,L,0.0,[],0.0,3,9,L,What evidence is given for the primary causal claim? Select all that apply.,L,,True
3,100059,4b537e0ed21179a29ed28da28057d338e67330ae12123ccceba6724f35bd68a4,raw_304b537e0ed21179a29ed28da28057d338e67330ae12123ccceba6724f35bd68a4,Covid_article_for_PE_S&S&S.txt,79826d5e-97f6-4cb3-aea0-e5fe66a344aa,5519e901-fe21-4b8e-82e4-b8c59ecb4e92,Covid_Evidence2020_03_21,45dce5251bd3ea6e908fa33ac9e6a8e17e6830215912ce1626cf4206e159819c,2,0,checklist,L,0.0,[],0.0,3,9,L,What evidence is given for the primary causal claim? Select all that apply.,L,,True
6,100059,4b537e0ed21179a29ed28da28057d338e67330ae12123ccceba6724f35bd68a4,raw_304b537e0ed21179a29ed28da28057d338e67330ae12123ccceba6724f35bd68a4,Covid_article_for_PE_S&S&S.txt,79826d5e-97f6-4cb3-aea0-e5fe66a344aa,5519e901-fe21-4b8e-82e4-b8c59ecb4e92,Covid_Evidence2020_03_21,45dce5251bd3ea6e908fa33ac9e6a8e17e6830215912ce1626cf4206e159819c,2,0546a258-029e-46ed-a84f-9ea36d69a770,checklist,4,0.3333333333333333,"[5859.0, 5860.0, 5861.0, 5862.0, 5863.0, 5864.0, 5865.0, 5866.0, 5867.0, 5868.0, 5869.0, 5870.0, 5871.0, 5872.0, 5873.0, 5874.0, 5875.0, 5876.0, 5877.0, 5878.0, 5879.0, 5880.0, 5881.0, 5882.0, 5883.0, 5884.0, 5885.0, 5886.0, 5887.0, 5888.0, 5889.0, 5890.0, 5891.0, 5892.0, 5893.0, 5894.0, 5895.0, 5896.0, 5897.0, 5898.0, 5899.0, 5900.0, 5901.0, 5902.0, 5903.0, 5904.0, 5905.0, 5906.0, 5907.0, 5908.0, 5909.0, 5910.0, 5911.0, 5912.0, 5913.0, 5914.0, 5915.0, 5916.0, 5917.0, 5918.0, 5919.0, 5920.0, 5921.0, 5922.0, 5923.0, 5924.0, 5925.0, 5926.0, 5927.0, 5928.0, 5929.0, 5930.0, 5931.0, 5932.0, 5933.0, 5934.0, 5935.0, 5936.0, 5937.0, 5938.0, 5939.0, 5940.0, 5941.0, 5942.0, 5943.0, 5944.0, 5945.0, 5946.0, 5947.0, 5948.0, 5949.0, 5950.0, 5951.0, 5952.0, 5953.0, 5954.0, 5955.0, 5956.0, 5957.0, 5958.0, 5959.0, 5960.0, 5961.0, 5962.0, 5963.0, 5964.0, 5965.0, 5966.0, 5967.0, 5968.0, 5969.0, 5970.0, 5971.0, 5972.0, 5973.0, 5974.0, 5975.0, 5976.0, 5977.0, 5978.0, 5979.0, 5980.0, 5981.0, 5982.0, 5983.0, 5984.0, 5985.0, 5986.0, 5987.0, 5988.0, 5989.0, 5990.0, 5991.0, 5992.0, 5993.0, 5994.0, 5995.0, 5996.0, 5997.0, 5998.0, 5999.0, 6000.0, 6001.0, 6002.0, 6003.0, 6004.0, 6005.0, 6006.0, 6007.0, 6008.0, 6009.0, 6010.0, 6011.0, 6012.0, 6013.0, 6014.0, 6015.0, 6016.0, 6017.0, 6018.0, 6019.0, 6020.0, 6021.0, 6022.0, 6023.0, 6024.0, 6025.0, 6026.0, 6027.0, 6028.0, 6029.0, 6030.0, 6031.0, 6032.0, 6033.0, 6034.0, 6035.0, 6036.0, 6037.0, 6038.0, 6039.0, 6040.0, 6041.0, 6042.0, 6043.0, 6044.0, 6045.0, 6046.0, 6047.0, 6048.0, 6049.0, 6050.0, 6051.0, 6052.0, 6053.0, 6054.0, 6055.0, 6056.0, 6057.0, 6058.0, 6059.0, 6060.0, 6061.0, 6062.0, 6063.0, 6064.0, 6065.0, 6066.0, 6067.0, 6068.0, 6069.0, 6070.0, 6071.0, 6072.0, 6073.0, 6074.0, 6075.0, 6076.0, 6077.0, 6078.0, 6079.0, 6080.0, 6081.0, 6082.0, 6083.0, 6084.0, 6085.0, 6086.0, 6087.0, 6088.0, 6089.0, 6090.0, 6091.0, 6092.0, 6093.0, 6094.0, 6095.0, 6414.0, 6415.0, 6416.0, 6417.0, 6418.0, 6419.0, 6420.0, 6421.0, 6422.0, 6423.0, 6424.0, 6425.0, 6426.0, 6427.0, 6428.0, 6429.0, 6430.0, 6431.0, 6432.0, 6433.0, 6434.0, 6435.0, 6436.0, 6437.0, 6438.0, 6439.0, 6440.0, 6441.0, 6442.0, 6443.0, 6444.0, 6445.0, 6446.0, 6447.0, 6448.0, 6449.0, 6450.0, 6451.0, 6452.0, 6453.0, 6454.0, 6455.0, 6456.0, 6457.0, 6458.0, 6459.0, 6460.0, 6461.0, 6462.0, 6463.0, 6464.0, 6465.0, 6466.0, 6469.0, 6470.0, 6471.0, 6472.0, 6473.0, 6474.0, 6475.0, 6476.0, 6477.0, 6478.0, 6479.0, 6480.0, 6481.0, 6482.0, 6483.0, 6484.0, 6485.0, 6486.0, 6487.0, 6488.0, 6489.0, 6490.0, 6491.0, 6492.0, 6493.0, 6494.0, 6495.0, 6496.0, 6497.0, 6498.0, 6499.0, 6500.0, 6501.0, 6502.0, 6503.0, 6504.0, 6505.0, 6506.0, 6507.0, 6508.0, 6509.0, 6510.0, 6511.0, 6512.0, 6513.0, 6514.0, 6515.0, 6516.0, 6517.0, 6518.0, 6519.0, 6520.0, 6521.0, 6522.0, 6523.0, 6524.0, 6525.0, 6526.0, 6527.0, 6528.0, 6529.0, 6530.0, 6531.0, 6532.0, 6533.0, 6534.0, 6535.0, 6536.0, 6537.0, 6538.0, 6539.0, 6540.0, 6541.0, 6542.0, 6543.0, 6544.0, 6545.0, 6546.0, 6547.0, 6548.0, 6549.0, 6550.0, 6551.0, 6552.0, 6553.0, 6554.0, 6555.0, 6556.0, 6557.0, 6558.0, 6559.0, 6560.0, 6561.0, 6562.0, 6563.0, 6564.0, 6565.0, 6566.0, 6567.0, 6568.0, 6569.0, 6570.0, 6571.0, 6572.0, 6573.0, 6574.0, 6575.0, 6576.0, 6577.0, 6578.0, 6579.0, 6580.0, 6581.0, 6582.0, 6583.0, 6584.0, 6585.0, 6586.0, 6587.0, 6588.0, 6589.0, 6590.0, 6591.0, 6592.0, 6593.0, 6594.0, 6595.0, 6596.0, 6597.0, 6598.0, 6599.0, 6600.0, 6601.0, 6602.0, 6603.0, 6604.0, 6605.0, 6606.0, 6607.0, 6608.0, 6609.0, 6610.0, 6611.0, 6612.0, 6613.0, 6614.0, 6615.0, 6616.0, 6617.0, 6618.0, 6619.0, 6620.0, 6621.0, 6622.0, 6623.0, 6624.0, 6625.0, 6626.0, 6627.0, 6628.0, 6629.0, 6630.0, 6631.0, 6632.0, 6633.0, 6634.0, 6635.0, 6636.0, 6637.0, 6638.0, 6639.0, 6640.0, 6641.0, 6642.0, 6643.0, 6644.0, 6645.0, 6646.0, 6647.0, 6648.0, 6649.0, 6650.0, 6651.0, 6652.0, 6653.0, 6654.0, 6655.0, 6656.0, 6657.0, 6658.0, 6659.0, 6660.0, 6661.0, 6662.0, 6663.0, 6664.0]",0.3333333333333333,3,9,"modern technology is no substitute for human touch, such as holding hands, hugging or massage, which studies suggest can affect health, including possibly lowering blood pressure and reducing the severity of symptoms from the common col//break//Even touch that comes from a hospital worker in protective gear instead of a loved one is better than nothin//break//",What evidence is given for the primary causal claim? Select all that apply.,A plausible mechanism is proposed,,True
12,100059,4b537e0ed21179a29ed28da28057d338e67330ae12123ccceba6724f35bd68a4,raw_304b537e0ed21179a29ed28da28057d338e67330ae12123ccceba6724f35bd68a4,Covid_article_for_PE_S&S&S.txt,79826d5e-97f6-4cb3-aea0-e5fe66a344aa,5519e901-fe21-4b8e-82e4-b8c59ecb4e92,Covid_Evidence2020_03_21,45dce5251bd3ea6e908fa33ac9e6a8e17e6830215912ce1626cf4206e159819c,4,7369a857-fd09-4a36-8e26-e64e8d5a6641,ordinal,6,1.0,"[5954.0, 5955.0, 5956.0, 5957.0, 5958.0, 5959.0, 5960.0, 5961.0, 5962.0, 5963.0, 5964.0, 5965.0, 5966.0, 5967.0, 5968.0, 5969.0, 5970.0, 5971.0, 5972.0, 5973.0, 5974.0]",1.0,2,6,,How representative is the sample of the population that the claim is made about?,Can't tell; not enough info,,True
13,100059,4b537e0ed21179a29ed28da28057d338e67330ae12123ccceba6724f35bd68a4,raw_304b537e0ed21179a29ed28da28057d338e67330ae12123ccceba6724f35bd68a4,Covid_article_for_PE_S&S&S.txt,79826d5e-97f6-4cb3-aea0-e5fe66a344aa,5519e901-fe21-4b8e-82e4-b8c59ecb4e92,Covid_Evidence2020_03_21,45dce5251bd3ea6e908fa33ac9e6a8e17e6830215912ce1626cf4206e159819c,5,ddb82ce8-8e29-4dfe-9aef-30e54ef42fef,ordinal,5,1.0,"[5954.0, 5955.0, 5956.0, 5957.0, 5958.0, 5959.0, 5960.0, 5961.0, 5962.0, 5963.0, 5964.0, 5965.0, 5966.0, 5967.0, 5968.0, 5969.0, 5970.0, 5971.0, 5972.0, 5973.0, 5974.0]",1.0,2,5,,"Was there an adequate control? If so, highlight section.",Can't tell; not enough info,,True
14,100059,4b537e0ed21179a29ed28da28057d338e67330ae12123ccceba6724f35bd68a4,raw_304b537e0ed21179a29ed28da28057d338e67330ae12123ccceba6724f35bd68a4,Covid_article_for_PE_S&S&S.txt,79826d5e-97f6-4cb3-aea0-e5fe66a344aa,5519e901-fe21-4b8e-82e4-b8c59ecb4e92,Covid_Evidence2020_03_21,45dce5251bd3ea6e908fa33ac9e6a8e17e6830215912ce1626cf4206e159819c,7,XXX,0,0,0.0,[],0.0,0,0,0,What is the best alternative explanation you can think of that could lead to the same set of evidence?,zero,,True
15,100059,4b537e0ed21179a29ed28da28057d338e67330ae12123ccceba6724f35bd68a4,raw_304b537e0ed21179a29ed28da28057d338e67330ae12123ccceba6724f35bd68a4,Covid_article_for_PE_S&S&S.txt,79826d5e-97f6-4cb3-aea0-e5fe66a344aa,5519e901-fe21-4b8e-82e4-b8c59ecb4e92,Covid_Evidence2020_03_21,45dce5251bd3ea6e908fa33ac9e6a8e17e6830215912ce1626cf4206e159819c,8,5f82927d-95d4-4506-9d68-259aa66fcc69,ordinal,4,0.7853812700750918,[],0.7853812700750918,3,5,,"How likely is your alternative explanation for the same evidence, as compared to the author’s explanation?",Somewhat less likely,,True
16,100059,4b537e0ed21179a29ed28da28057d338e67330ae12123ccceba6724f35bd68a4,raw_304b537e0ed21179a29ed28da28057d338e67330ae12123ccceba6724f35bd68a4,Covid_article_for_PE_S&S&S.txt,79826d5e-97f6-4cb3-aea0-e5fe66a344aa,5519e901-fe21-4b8e-82e4-b8c59ecb4e92,Covid_Evidence2020_03_21,45dce5251bd3ea6e908fa33ac9e6a8e17e6830215912ce1626cf4206e159819c,9,27ebbcb0-94fa-4477-8644-af3f6c9ea03b,ordinal,3,1.0,[],1.0,3,3,,Is data presented as evidence for a pattern (e.g. A relationship between two variables)?,No,,True
17,100059,4b537e0ed21179a29ed28da28057d338e67330ae12123ccceba6724f35bd68a4,raw_304b537e0ed21179a29ed28da28057d338e67330ae12123ccceba6724f35bd68a4,Covid_article_for_PE_S&S&S.txt,79826d5e-97f6-4cb3-aea0-e5fe66a344aa,5519e901-fe21-4b8e-82e4-b8c59ecb4e92,Covid_Evidence2020_03_21,45dce5251bd3ea6e908fa33ac9e6a8e17e6830215912ce1626cf4206e159819c,12,e2e6a7d3-ad12-4ba6-ab81-f7f73bc68a83,ordinal,4,1.0,[],1.0,3,4,,Does the author suggest in any way that further evidence might improve our understanding of the topic?,"No, not at all",,True
18,100059,4b537e0ed21179a29ed28da28057d338e67330ae12123ccceba6724f35bd68a4,raw_304b537e0ed21179a29ed28da28057d338e67330ae12123ccceba6724f35bd68a4,Covid_article_for_PE_S&S&S.txt,79826d5e-97f6-4cb3-aea0-e5fe66a344aa,5519e901-fe21-4b8e-82e4-b8c59ecb4e92,Covid_Evidence2020_03_21,45dce5251bd3ea6e908fa33ac9e6a8e17e6830215912ce1626cf4206e159819c,13,73d8f381-e2b9-41fd-ac96-e17752b6c26a,ordinal,5,0.9342150418290642,[],0.9342150418290642,3,10,,"How difficult was this task for you, on the whole?",5: Middling difficulty,,True
19,100059,4b537e0ed21179a29ed28da28057d338e67330ae12123ccceba6724f35bd68a4,raw_304b537e0ed21179a29ed28da28057d338e67330ae12123ccceba6724f35bd68a4,Covid_article_for_PE_S&S&S.txt,79826d5e-97f6-4cb3-aea0-e5fe66a344aa,5519e901-fe21-4b8e-82e4-b8c59ecb4e92,Covid_Evidence2020_03_21,45dce5251bd3ea6e908fa33ac9e6a8e17e6830215912ce1626cf4206e159819c,14,d5cfa621-a240-4ac2-b702-13d7117a947a,ordinal,7,0.8272017054059444,[],0.8272017054059444,3,10,,"How confident are you about your answers, on the whole?",7,,True
