,Unnamed: 0,article_batch_name,article_number,article_filename,article_sha256,article_text_length,tua_group_uuid,tua_group_name,tua_batch_uuid,tua_batch_name,tua_batch_final,source_task_uuid,tua_uuid,namespace,topic_name,case_number,answer_uuid,extra,highlight_count,start_pos,end_pos,target_text,question_Number,agreed_Answer,schema_sha256,agreement_score,highlighted_indices,alpha_unitizing_score,prereq_passed
5,5,CovidArticles/Covid_article_for_PE_S&S&S.txt,100059,Covid_article_for_PE_S&S&S.txt,4b537e0ed21179a29ed28da28057d338e67330ae12123ccceba6724f35bd68a4,6794,496f1cfe-cc73-45fe-bc74-d23a8668713f,Covid_Probabilityv1.IAA,194b511c-af07-4763-8809-68290b45ddc6,tua_csv/2020/06/Adj_S_IAA_Covid_Probabilityv1-Task-2235-DataHunt.csv.gz,True,0834fc96-8c79-403c-80a0-4956d15b406f,3489b0dd-4248-493b-a40e-2888b94a2934,Covid_Probability,93f9e87c,0,93f9e87c-fc74-48b2-9f74-523a705c0f2d,"{""answer_text_list"": [""No""]}",0,0,0,,1,3,d5f24573a7077ee3ebb203ca64f955a8c5d5a6c6b25aa65e1bfa6fa71d1311f2,1.0,[0],,True
0,0,CovidArticles/Covid_article_for_PE_S&S&S.txt,100059,Covid_article_for_PE_S&S&S.txt,4b537e0ed21179a29ed28da28057d338e67330ae12123ccceba6724f35bd68a4,6794,496f1cfe-cc73-45fe-bc74-d23a8668713f,Covid_Probabilityv1.IAA,194b511c-af07-4763-8809-68290b45ddc6,tua_csv/2020/06/Adj_S_IAA_Covid_Probabilityv1-Task-2235-DataHunt.csv.gz,True,0834fc96-8c79-403c-80a0-4956d15b406f,3489b0dd-4248-493b-a40e-2888b94a2934,Covid_Probability,197d9ebe,0,197d9ebe-9a23-43a6-ab46-ff4f0aae75cf,"{""answer_text_list"": [""Yes, implicitly"", ""Yes, implicitly""]}",2,5960,5975,studies suggest,5,2,d5f24573a7077ee3ebb203ca64f955a8c5d5a6c6b25aa65e1bfa6fa71d1311f2,0.707518749639422,"[5960, 5961, 5962, 5963, 5964, 5965, 5966, 5967, 5968, 5969, 5970, 5971, 5972, 5973, 5974, 5975]",,True
1,1,CovidArticles/Covid_article_for_PE_S&S&S.txt,100059,Covid_article_for_PE_S&S&S.txt,4b537e0ed21179a29ed28da28057d338e67330ae12123ccceba6724f35bd68a4,6794,496f1cfe-cc73-45fe-bc74-d23a8668713f,Covid_Probabilityv1.IAA,194b511c-af07-4763-8809-68290b45ddc6,tua_csv/2020/06/Adj_S_IAA_Covid_Probabilityv1-Task-2235-DataHunt.csv.gz,True,0834fc96-8c79-403c-80a0-4956d15b406f,3489b0dd-4248-493b-a40e-2888b94a2934,Covid_Probability,197d9ebe,0,197d9ebe-9a23-43a6-ab46-ff4f0aae75cf,"{""answer_text_list"": [""Yes, implicitly"", ""Yes, implicitly""]}",2,5995,6037,including possibly\xa0lowering blood pressure,5,2,d5f24573a7077ee3ebb203ca64f955a8c5d5a6c6b25aa65e1bfa6fa71d1311f2,0.707518749639422,"[5995, 5996, 5997, 5998, 5999, 6000, 6001, 6002, 6003, 6004, 6005, 6006, 6007, 6008, 6009, 6010, 6011, 6012, 6013, 6014, 6015, 6016, 6017, 6018, 6019, 6020, 6021, 6022, 6023, 6024, 6025, 6026, 6027, 6028, 6029, 6030, 6031, 6032, 6033, 6034, 6035, 6036, 6037]",,True
6,6,CovidArticles/Covid_article_for_PE_S&S&S.txt,100059,Covid_article_for_PE_S&S&S.txt,4b537e0ed21179a29ed28da28057d338e67330ae12123ccceba6724f35bd68a4,6794,496f1cfe-cc73-45fe-bc74-d23a8668713f,Covid_Probabilityv1.IAA,194b511c-af07-4763-8809-68290b45ddc6,tua_csv/2020/06/Adj_S_IAA_Covid_Probabilityv1-Task-2235-DataHunt.csv.gz,True,0834fc96-8c79-403c-80a0-4956d15b406f,3489b0dd-4248-493b-a40e-2888b94a2934,Covid_Probability,9641a3b1,0,9641a3b1-9b19-46f9-b1f7-80b79bf5d6a1,"{""answer_text_list"": [""No""]}",0,0,0,,6,1,d5f24573a7077ee3ebb203ca64f955a8c5d5a6c6b25aa65e1bfa6fa71d1311f2,1.0,[0],,True
3,3,CovidArticles/Covid_article_for_PE_S&S&S.txt,100059,Covid_article_for_PE_S&S&S.txt,4b537e0ed21179a29ed28da28057d338e67330ae12123ccceba6724f35bd68a4,6794,496f1cfe-cc73-45fe-bc74-d23a8668713f,Covid_Probabilityv1.IAA,194b511c-af07-4763-8809-68290b45ddc6,tua_csv/2020/06/Adj_S_IAA_Covid_Probabilityv1-Task-2235-DataHunt.csv.gz,True,0834fc96-8c79-403c-80a0-4956d15b406f,3489b0dd-4248-493b-a40e-2888b94a2934,Covid_Probability,5606d8e9,0,5606d8e9-7ace-405f-a87e-5ef9f7c2e8eb,"{""answer_text_list"": [""No, not at all"", ""No, not at all""]}",2,5960,5975,studies suggest,11,4,d5f24573a7077ee3ebb203ca64f955a8c5d5a6c6b25aa65e1bfa6fa71d1311f2,0.8,"[5960, 5961, 5962, 5963, 5964, 5965, 5966, 5967, 5968, 5969, 5970, 5971, 5972, 5973, 5974, 5975]",,True
4,4,CovidArticles/Covid_article_for_PE_S&S&S.txt,100059,Covid_article_for_PE_S&S&S.txt,4b537e0ed21179a29ed28da28057d338e67330ae12123ccceba6724f35bd68a4,6794,496f1cfe-cc73-45fe-bc74-d23a8668713f,Covid_Probabilityv1.IAA,194b511c-af07-4763-8809-68290b45ddc6,tua_csv/2020/06/Adj_S_IAA_Covid_Probabilityv1-Task-2235-DataHunt.csv.gz,True,0834fc96-8c79-403c-80a0-4956d15b406f,3489b0dd-4248-493b-a40e-2888b94a2934,Covid_Probability,5606d8e9,0,5606d8e9-7ace-405f-a87e-5ef9f7c2e8eb,"{""answer_text_list"": [""No, not at all"", ""No, not at all""]}",2,5995,6037,including possibly\xa0lowering blood pressure,11,4,d5f24573a7077ee3ebb203ca64f955a8c5d5a6c6b25aa65e1bfa6fa71d1311f2,0.8,"[5995, 5996, 5997, 5998, 5999, 6000, 6001, 6002, 6003, 6004, 6005, 6006, 6007, 6008, 6009, 6010, 6011, 6012, 6013, 6014, 6015, 6016, 6017, 6018, 6019, 6020, 6021, 6022, 6023, 6024, 6025, 6026, 6027, 6028, 6029, 6030, 6031, 6032, 6033, 6034, 6035, 6036, 6037]",,True
7,7,CovidArticles/Covid_article_for_PE_S&S&S.txt,100059,Covid_article_for_PE_S&S&S.txt,4b537e0ed21179a29ed28da28057d338e67330ae12123ccceba6724f35bd68a4,6794,496f1cfe-cc73-45fe-bc74-d23a8668713f,Covid_Probabilityv1.IAA,194b511c-af07-4763-8809-68290b45ddc6,tua_csv/2020/06/Adj_S_IAA_Covid_Probabilityv1-Task-2235-DataHunt.csv.gz,True,0834fc96-8c79-403c-80a0-4956d15b406f,3489b0dd-4248-493b-a40e-2888b94a2934,Covid_Probability,afbfd52c,0,afbfd52c-67d5-41c9-938e-8eb8ffdb06ba,"{""answer_text_list"": [""2""]}",0,0,0,,13,2,d5f24573a7077ee3ebb203ca64f955a8c5d5a6c6b25aa65e1bfa6fa71d1311f2,0.8,[0],,True
2,2,CovidArticles/Covid_article_for_PE_S&S&S.txt,100059,Covid_article_for_PE_S&S&S.txt,4b537e0ed21179a29ed28da28057d338e67330ae12123ccceba6724f35bd68a4,6794,496f1cfe-cc73-45fe-bc74-d23a8668713f,Covid_Probabilityv1.IAA,194b511c-af07-4763-8809-68290b45ddc6,tua_csv/2020/06/Adj_S_IAA_Covid_Probabilityv1-Task-2235-DataHunt.csv.gz,True,0834fc96-8c79-403c-80a0-4956d15b406f,3489b0dd-4248-493b-a40e-2888b94a2934,Covid_Probability,479fc9ac,0,479fc9ac-bf76-4c42-84bd-a627516a5fdf,"{""answer_text_list"": [""9""]}",0,0,0,,14,9,d5f24573a7077ee3ebb203ca64f955a8c5d5a6c6b25aa65e1bfa6fa71d1311f2,0.8,[0],,True
