,article_num,article_sha256,article_id,article_filename,source_task_uuid,tua_uuid,namespace,schema_sha256,question_Number,answer_uuid,question_type,agreed_Answer,coding_perc_agreement,highlighted_indices,agreement_score,num_users,num_answer_choices,target_text,question_text,answer_text,answer_content,prereq_passed
0,100059,4b537e0ed21179a29ed28da28057d338e67330ae12123ccceba6724f35bd68a4,raw_304b537e0ed21179a29ed28da28057d338e67330ae12123ccceba6724f35bd68a4,Covid_article_for_PE_S&S&S.txt,ba47fc7f-dfe6-40b6-9e6a-ac578e7a666c,d442fae8-9eb8-4012-a99e-b5c671d69490,Covid_Reasoning,9dfbf61fb64553748d371fac309ff63ef29f205810c24953012d827305f20dbf,1,0,checklist,M,0.25,[],0.25,4,6,M,Does the passage contain... (check all that apply):,M,,True
1,100059,4b537e0ed21179a29ed28da28057d338e67330ae12123ccceba6724f35bd68a4,raw_304b537e0ed21179a29ed28da28057d338e67330ae12123ccceba6724f35bd68a4,Covid_article_for_PE_S&S&S.txt,ba47fc7f-dfe6-40b6-9e6a-ac578e7a666c,d442fae8-9eb8-4012-a99e-b5c671d69490,Covid_Reasoning,9dfbf61fb64553748d371fac309ff63ef29f205810c24953012d827305f20dbf,1,ec3f18f7-f1a6-42a1-860d-d6522781716a,checklist,2,0.5,[],0.5,4,6,,Does the passage contain... (check all that apply):,An evaluative judgment (claims about something being good or bad),,True
2,100059,4b537e0ed21179a29ed28da28057d338e67330ae12123ccceba6724f35bd68a4,raw_304b537e0ed21179a29ed28da28057d338e67330ae12123ccceba6724f35bd68a4,Covid_article_for_PE_S&S&S.txt,ba47fc7f-dfe6-40b6-9e6a-ac578e7a666c,d442fae8-9eb8-4012-a99e-b5c671d69490,Covid_Reasoning,9dfbf61fb64553748d371fac309ff63ef29f205810c24953012d827305f20dbf,1,0,checklist,M,0.25,[],0.25,4,6,M,Does the passage contain... (check all that apply):,M,,True
3,100059,4b537e0ed21179a29ed28da28057d338e67330ae12123ccceba6724f35bd68a4,raw_304b537e0ed21179a29ed28da28057d338e67330ae12123ccceba6724f35bd68a4,Covid_article_for_PE_S&S&S.txt,ba47fc7f-dfe6-40b6-9e6a-ac578e7a666c,d442fae8-9eb8-4012-a99e-b5c671d69490,Covid_Reasoning,9dfbf61fb64553748d371fac309ff63ef29f205810c24953012d827305f20dbf,1,0,checklist,M,0.25,[],0.25,4,6,M,Does the passage contain... (check all that apply):,M,,True
4,100059,4b537e0ed21179a29ed28da28057d338e67330ae12123ccceba6724f35bd68a4,raw_304b537e0ed21179a29ed28da28057d338e67330ae12123ccceba6724f35bd68a4,Covid_article_for_PE_S&S&S.txt,ba47fc7f-dfe6-40b6-9e6a-ac578e7a666c,d442fae8-9eb8-4012-a99e-b5c671d69490,Covid_Reasoning,9dfbf61fb64553748d371fac309ff63ef29f205810c24953012d827305f20dbf,1,0,checklist,L,0.0,[],0.0,4,6,L,Does the passage contain... (check all that apply):,L,,True
5,100059,4b537e0ed21179a29ed28da28057d338e67330ae12123ccceba6724f35bd68a4,raw_304b537e0ed21179a29ed28da28057d338e67330ae12123ccceba6724f35bd68a4,Covid_article_for_PE_S&S&S.txt,ba47fc7f-dfe6-40b6-9e6a-ac578e7a666c,d442fae8-9eb8-4012-a99e-b5c671d69490,Covid_Reasoning,9dfbf61fb64553748d371fac309ff63ef29f205810c24953012d827305f20dbf,1,0,checklist,L,0.0,[],0.0,4,6,L,Does the passage contain... (check all that apply):,L,,True
18,100059,4b537e0ed21179a29ed28da28057d338e67330ae12123ccceba6724f35bd68a4,raw_304b537e0ed21179a29ed28da28057d338e67330ae12123ccceba6724f35bd68a4,Covid_article_for_PE_S&S&S.txt,ba47fc7f-dfe6-40b6-9e6a-ac578e7a666c,d442fae8-9eb8-4012-a99e-b5c671d69490,Covid_Reasoning,9dfbf61fb64553748d371fac309ff63ef29f205810c24953012d827305f20dbf,3,199c3384-db59-496d-a5a8-7f70bf8157d3,checklist,7,1.0,[],1.0,2,7,,Does the argument contain any of the following misleading forms of reasoning? Check all that apply.,No appeals to biases,,True
17,100059,4b537e0ed21179a29ed28da28057d338e67330ae12123ccceba6724f35bd68a4,raw_304b537e0ed21179a29ed28da28057d338e67330ae12123ccceba6724f35bd68a4,Covid_article_for_PE_S&S&S.txt,ba47fc7f-dfe6-40b6-9e6a-ac578e7a666c,d442fae8-9eb8-4012-a99e-b5c671d69490,Covid_Reasoning,9dfbf61fb64553748d371fac309ff63ef29f205810c24953012d827305f20dbf,3,0,checklist,L,0.0,[],0.0,2,7,L,Does the argument contain any of the following misleading forms of reasoning? Check all that apply.,L,,True
16,100059,4b537e0ed21179a29ed28da28057d338e67330ae12123ccceba6724f35bd68a4,raw_304b537e0ed21179a29ed28da28057d338e67330ae12123ccceba6724f35bd68a4,Covid_article_for_PE_S&S&S.txt,ba47fc7f-dfe6-40b6-9e6a-ac578e7a666c,d442fae8-9eb8-4012-a99e-b5c671d69490,Covid_Reasoning,9dfbf61fb64553748d371fac309ff63ef29f205810c24953012d827305f20dbf,3,0,checklist,L,0.0,[],0.0,2,7,L,Does the argument contain any of the following misleading forms of reasoning? Check all that apply.,L,,True
15,100059,4b537e0ed21179a29ed28da28057d338e67330ae12123ccceba6724f35bd68a4,raw_304b537e0ed21179a29ed28da28057d338e67330ae12123ccceba6724f35bd68a4,Covid_article_for_PE_S&S&S.txt,ba47fc7f-dfe6-40b6-9e6a-ac578e7a666c,d442fae8-9eb8-4012-a99e-b5c671d69490,Covid_Reasoning,9dfbf61fb64553748d371fac309ff63ef29f205810c24953012d827305f20dbf,3,0,checklist,L,0.0,[],0.0,2,7,L,Does the argument contain any of the following misleading forms of reasoning? Check all that apply.,L,,True
14,100059,4b537e0ed21179a29ed28da28057d338e67330ae12123ccceba6724f35bd68a4,raw_304b537e0ed21179a29ed28da28057d338e67330ae12123ccceba6724f35bd68a4,Covid_article_for_PE_S&S&S.txt,ba47fc7f-dfe6-40b6-9e6a-ac578e7a666c,d442fae8-9eb8-4012-a99e-b5c671d69490,Covid_Reasoning,9dfbf61fb64553748d371fac309ff63ef29f205810c24953012d827305f20dbf,3,0,checklist,L,0.0,[],0.0,2,7,L,Does the argument contain any of the following misleading forms of reasoning? Check all that apply.,L,,True
13,100059,4b537e0ed21179a29ed28da28057d338e67330ae12123ccceba6724f35bd68a4,raw_304b537e0ed21179a29ed28da28057d338e67330ae12123ccceba6724f35bd68a4,Covid_article_for_PE_S&S&S.txt,ba47fc7f-dfe6-40b6-9e6a-ac578e7a666c,d442fae8-9eb8-4012-a99e-b5c671d69490,Covid_Reasoning,9dfbf61fb64553748d371fac309ff63ef29f205810c24953012d827305f20dbf,3,0,checklist,L,0.0,[],0.0,2,7,L,Does the argument contain any of the following misleading forms of reasoning? Check all that apply.,L,,True
12,100059,4b537e0ed21179a29ed28da28057d338e67330ae12123ccceba6724f35bd68a4,raw_304b537e0ed21179a29ed28da28057d338e67330ae12123ccceba6724f35bd68a4,Covid_article_for_PE_S&S&S.txt,ba47fc7f-dfe6-40b6-9e6a-ac578e7a666c,d442fae8-9eb8-4012-a99e-b5c671d69490,Covid_Reasoning,9dfbf61fb64553748d371fac309ff63ef29f205810c24953012d827305f20dbf,3,0,checklist,L,0.0,[],0.0,2,7,L,Does the argument contain any of the following misleading forms of reasoning? Check all that apply.,L,,True
30,100059,4b537e0ed21179a29ed28da28057d338e67330ae12123ccceba6724f35bd68a4,raw_304b537e0ed21179a29ed28da28057d338e67330ae12123ccceba6724f35bd68a4,Covid_article_for_PE_S&S&S.txt,ba47fc7f-dfe6-40b6-9e6a-ac578e7a666c,d442fae8-9eb8-4012-a99e-b5c671d69490,Covid_Reasoning,9dfbf61fb64553748d371fac309ff63ef29f205810c24953012d827305f20dbf,9,198cbfe9-64a0-417a-8c7e-f11d16bbda9c,ordinal,6,0.8435164295556344,[],0.8435164295556344,4,10,,"How difficult was this task for you, on the whole?",6,,True
31,100059,4b537e0ed21179a29ed28da28057d338e67330ae12123ccceba6724f35bd68a4,raw_304b537e0ed21179a29ed28da28057d338e67330ae12123ccceba6724f35bd68a4,Covid_article_for_PE_S&S&S.txt,ba47fc7f-dfe6-40b6-9e6a-ac578e7a666c,d442fae8-9eb8-4012-a99e-b5c671d69490,Covid_Reasoning,9dfbf61fb64553748d371fac309ff63ef29f205810c24953012d827305f20dbf,10,898c5f14-2b2b-4e8e-84cb-33a5291569f8,ordinal,6,0.8014334086717694,[],0.8014334086717694,4,10,,"How confident are you about your answers, on the whole?",6,,True
