,article_num,article_sha256,article_id,article_filename,source_task_uuid,tua_uuid,namespace,schema_sha256,question_Number,answer_uuid,question_type,agreed_Answer,coding_perc_agreement,highlighted_indices,agreement_score,num_users,num_answer_choices,target_text,question_text,answer_text,answer_content,prereq_passed
0,100059,4b537e0ed21179a29ed28da28057d338e67330ae12123ccceba6724f35bd68a4,raw_304b537e0ed21179a29ed28da28057d338e67330ae12123ccceba6724f35bd68a4,Covid_article_for_PE_S&S&S.txt,615235b3-4ead-45c6-9666-2d9b5df2ae79,24d551a3-8e6d-48dc-8c19-6dee8ec94cb1,Covid_Probability,d5f24573a7077ee3ebb203ca64f955a8c5d5a6c6b25aa65e1bfa6fa71d1311f2,1,93f9e87c-fc74-48b2-9f74-523a705c0f2d,ordinal,3,1.0,[],1.0,4,3,,Does the text make any claims with great confidence? Highlight the relevant part.,No,,True
1,100059,4b537e0ed21179a29ed28da28057d338e67330ae12123ccceba6724f35bd68a4,raw_304b537e0ed21179a29ed28da28057d338e67330ae12123ccceba6724f35bd68a4,Covid_article_for_PE_S&S&S.txt,615235b3-4ead-45c6-9666-2d9b5df2ae79,24d551a3-8e6d-48dc-8c19-6dee8ec94cb1,Covid_Probability,d5f24573a7077ee3ebb203ca64f955a8c5d5a6c6b25aa65e1bfa6fa71d1311f2,5,197d9ebe-9a23-43a6-ab46-ff4f0aae75cf,ordinal,2,0.4150374992788439,"[2238, 2239, 2240, 2241, 2242, 2243, 2244, 2245, 2246, 2247, 2248, 2249, 2250, 2251, 2252, 2253, 2254, 2255, 2256, 2257, 2258, 2259, 2260, 2261, 2262, 2263, 2264, 2265, 2266, 2267, 2268, 2269, 2270, 2271, 2536, 2537, 2538, 2539, 2540, 2541, 2542, 2543, 2544, 2545, 2546, 2547, 2548, 2549, 2550, 2551, 2552, 2553, 2554, 2555, 2556, 2557, 2558, 2559, 2560, 2561, 2562, 2563, 2564, 2565, 2566, 2567, 2568, 2569, 2570, 2571, 2572, 2573, 2574, 2575, 2576, 2577, 2578, 2579, 2580, 2581, 2582, 2583, 2740, 2741, 2742, 2743, 2744, 2745, 2746, 2747, 2748, 2749, 2750, 2751, 2752, 2753, 2754, 2755, 2756, 2757, 2758, 2759, 2760, 2761, 2762, 2763, 2764, 2765, 2766, 2767, 2768, 2769, 2770, 2771, 2772, 2773, 2774, 2775, 2776, 2777, 2778, 2779, 2780, 2781, 2782, 2783, 2784, 2785, 2786, 2787, 2788, 2789, 2790, 2791]",0.4150374992788439,4,3,Certain factors increased the ris//break//Mitigating those risks can reduce the likelihoo//break//it need not cause serious mental health difficultie//break//,"Does the text acknowledge that their favored theory is in any way uncertain? If so, highlight the relevant section.","Yes, implicitly",,True
2,100059,4b537e0ed21179a29ed28da28057d338e67330ae12123ccceba6724f35bd68a4,raw_304b537e0ed21179a29ed28da28057d338e67330ae12123ccceba6724f35bd68a4,Covid_article_for_PE_S&S&S.txt,615235b3-4ead-45c6-9666-2d9b5df2ae79,24d551a3-8e6d-48dc-8c19-6dee8ec94cb1,Covid_Probability,d5f24573a7077ee3ebb203ca64f955a8c5d5a6c6b25aa65e1bfa6fa71d1311f2,6,9641a3b1-9b19-46f9-b1f7-80b79bf5d6a1,nominal,1,0.75,[],0.75,4,5,,Are any numbers given?,No,,True
5,100059,4b537e0ed21179a29ed28da28057d338e67330ae12123ccceba6724f35bd68a4,raw_304b537e0ed21179a29ed28da28057d338e67330ae12123ccceba6724f35bd68a4,Covid_article_for_PE_S&S&S.txt,615235b3-4ead-45c6-9666-2d9b5df2ae79,24d551a3-8e6d-48dc-8c19-6dee8ec94cb1,Covid_Probability,d5f24573a7077ee3ebb203ca64f955a8c5d5a6c6b25aa65e1bfa6fa71d1311f2,11,5606d8e9-7ace-405f-a87e-5ef9f7c2e8eb,ordinal,4,1.0,[],1.0,4,4,,Does the text acknowledge that additional evidence might shift our understanding of the topics discussed in the article?,"No, not at all",,True
6,100059,4b537e0ed21179a29ed28da28057d338e67330ae12123ccceba6724f35bd68a4,raw_304b537e0ed21179a29ed28da28057d338e67330ae12123ccceba6724f35bd68a4,Covid_article_for_PE_S&S&S.txt,615235b3-4ead-45c6-9666-2d9b5df2ae79,24d551a3-8e6d-48dc-8c19-6dee8ec94cb1,Covid_Probability,d5f24573a7077ee3ebb203ca64f955a8c5d5a6c6b25aa65e1bfa6fa71d1311f2,13,996f482d-49c8-430d-a9a3-5c952b217e5f,ordinal,5,0.8014334086717694,[],0.8014334086717694,4,10,,"How difficult was this task for you, on the whole?",5: Middling difficulty,,True
7,100059,4b537e0ed21179a29ed28da28057d338e67330ae12123ccceba6724f35bd68a4,raw_304b537e0ed21179a29ed28da28057d338e67330ae12123ccceba6724f35bd68a4,Covid_article_for_PE_S&S&S.txt,615235b3-4ead-45c6-9666-2d9b5df2ae79,24d551a3-8e6d-48dc-8c19-6dee8ec94cb1,Covid_Probability,d5f24573a7077ee3ebb203ca64f955a8c5d5a6c6b25aa65e1bfa6fa71d1311f2,14,b38ae034-6a32-4759-987f-a246ece878b5,ordinal,7,0.8061752848319717,[],0.8061752848319717,4,10,,"How confident are you about your answers, on the whole?",7,,True
