,article_num,article_sha256,article_id,article_filename,source_task_uuid,tua_uuid,namespace,schema_sha256,question_Number,answer_uuid,question_type,agreed_Answer,coding_perc_agreement,highlighted_indices,agreement_score,num_users,num_answer_choices,target_text,question_text,answer_text,answer_content,prereq_passed
0,100059,4b537e0ed21179a29ed28da28057d338e67330ae12123ccceba6724f35bd68a4,raw_304b537e0ed21179a29ed28da28057d338e67330ae12123ccceba6724f35bd68a4,Covid_article_for_PE_S&S&S.txt,edb1510f-1923-4d6f-a678-95f53d752bea,a723537a-f11a-41dd-bf5b-668cef67a5de,Covid_Evidence2020_03_21,45dce5251bd3ea6e908fa33ac9e6a8e17e6830215912ce1626cf4206e159819c,1,73d7a14a-9ec6-404c-b2b7-a55508af3b76,checklist,1,0.6491228070175439,"[1401, 1402, 1403, 1404, 1405, 1406, 1407, 1408, 1409, 1410, 1411, 1412, 1413, 1414, 1415, 1416, 1417, 1418, 1419, 1420, 1421, 1422, 1423, 1424, 1425, 1426, 1427, 1428, 1429, 1430, 1431, 1432, 1433, 1434, 1435, 1436, 1437, 1438, 1439, 1440, 1441, 1442, 1443, 1444, 1445, 1446, 1447, 1448, 1449, 1450, 1451, 1452, 1453, 1454, 1455, 1456, 1457, 1458, 1459, 1460, 1461, 1462, 1463, 1464, 1465, 1466, 1467, 1468, 1469, 1470, 1471, 1472, 1473, 1474, 1475, 1476, 1477, 1478, 1479, 1480, 1481, 1482, 1483, 1484, 1485, 1486, 1487, 1488, 1489, 1490, 1491, 1492, 1493, 1494, 1495, 1496, 1497, 1498, 1499, 1500, 1501, 1502, 1503, 1504, 1505, 1506, 1507, 1508, 1509, 1510, 1511, 1512, 1513, 1514, 1515, 1516, 1517, 1518, 1519, 1520, 1521, 1522, 1523, 1524, 1525, 1526, 1527, 1528, 1529, 1530, 1531, 1532, 1533, 1534, 1535, 1536, 1537, 1538, 1539, 1540, 1541, 1542, 1543, 1544, 1545, 1546, 1547, 1548, 1549, 1550, 1551, 1552, 1553, 1554, 1555, 1556, 1557, 1558, 1559]",0.6491228070175439,57,3,"Many quarantined individuals experienced both short- and long-term mental health problems, including stress, insomnia, emotional exhaustion and substance abus//break//",Is a general or singular causal claim made? Highlight the section(s) that supports your answer.,"General Causation (In general, X causes Y.)",,True
1,100059,4b537e0ed21179a29ed28da28057d338e67330ae12123ccceba6724f35bd68a4,raw_304b537e0ed21179a29ed28da28057d338e67330ae12123ccceba6724f35bd68a4,Covid_article_for_PE_S&S&S.txt,edb1510f-1923-4d6f-a678-95f53d752bea,a723537a-f11a-41dd-bf5b-668cef67a5de,Covid_Evidence2020_03_21,45dce5251bd3ea6e908fa33ac9e6a8e17e6830215912ce1626cf4206e159819c,1,0,checklist,M,0.21052631578947367,[],0.21052631578947367,57,3,M,Is a general or singular causal claim made? Highlight the section(s) that supports your answer.,M,,True
2,100059,4b537e0ed21179a29ed28da28057d338e67330ae12123ccceba6724f35bd68a4,raw_304b537e0ed21179a29ed28da28057d338e67330ae12123ccceba6724f35bd68a4,Covid_article_for_PE_S&S&S.txt,edb1510f-1923-4d6f-a678-95f53d752bea,a723537a-f11a-41dd-bf5b-668cef67a5de,Covid_Evidence2020_03_21,45dce5251bd3ea6e908fa33ac9e6a8e17e6830215912ce1626cf4206e159819c,1,0,checklist,M,0.2982456140350877,[],0.2982456140350877,57,3,M,Is a general or singular causal claim made? Highlight the section(s) that supports your answer.,M,,True
10,100059,4b537e0ed21179a29ed28da28057d338e67330ae12123ccceba6724f35bd68a4,raw_304b537e0ed21179a29ed28da28057d338e67330ae12123ccceba6724f35bd68a4,Covid_article_for_PE_S&S&S.txt,edb1510f-1923-4d6f-a678-95f53d752bea,a723537a-f11a-41dd-bf5b-668cef67a5de,Covid_Evidence2020_03_21,45dce5251bd3ea6e908fa33ac9e6a8e17e6830215912ce1626cf4206e159819c,2,0,checklist,L,0.075,[],0.075,40,9,L,What evidence is given for the primary causal claim? Select all that apply.,L,,True
9,100059,4b537e0ed21179a29ed28da28057d338e67330ae12123ccceba6724f35bd68a4,raw_304b537e0ed21179a29ed28da28057d338e67330ae12123ccceba6724f35bd68a4,Covid_article_for_PE_S&S&S.txt,edb1510f-1923-4d6f-a678-95f53d752bea,a723537a-f11a-41dd-bf5b-668cef67a5de,Covid_Evidence2020_03_21,45dce5251bd3ea6e908fa33ac9e6a8e17e6830215912ce1626cf4206e159819c,2,0,checklist,M,0.175,[],0.175,40,9,M,What evidence is given for the primary causal claim? Select all that apply.,M,,True
8,100059,4b537e0ed21179a29ed28da28057d338e67330ae12123ccceba6724f35bd68a4,raw_304b537e0ed21179a29ed28da28057d338e67330ae12123ccceba6724f35bd68a4,Covid_article_for_PE_S&S&S.txt,edb1510f-1923-4d6f-a678-95f53d752bea,a723537a-f11a-41dd-bf5b-668cef67a5de,Covid_Evidence2020_03_21,45dce5251bd3ea6e908fa33ac9e6a8e17e6830215912ce1626cf4206e159819c,2,0,checklist,L,0.1,[],0.1,40,9,L,What evidence is given for the primary causal claim? Select all that apply.,L,,True
7,100059,4b537e0ed21179a29ed28da28057d338e67330ae12123ccceba6724f35bd68a4,raw_304b537e0ed21179a29ed28da28057d338e67330ae12123ccceba6724f35bd68a4,Covid_article_for_PE_S&S&S.txt,edb1510f-1923-4d6f-a678-95f53d752bea,a723537a-f11a-41dd-bf5b-668cef67a5de,Covid_Evidence2020_03_21,45dce5251bd3ea6e908fa33ac9e6a8e17e6830215912ce1626cf4206e159819c,2,780989ca-2765-4989-9cc3-08f3874489e0,checklist,5,0.55,"[1187.0, 1188.0, 1189.0, 1190.0, 1191.0, 1192.0, 1193.0, 1194.0, 1195.0, 1196.0, 1213.0, 1214.0, 1215.0, 1216.0, 1217.0, 1218.0, 1219.0, 1220.0, 1221.0, 1222.0, 1223.0, 1224.0, 1225.0, 1226.0, 1227.0, 1228.0, 1229.0, 1230.0, 1231.0, 1232.0, 1233.0, 1234.0, 1235.0, 1236.0, 1237.0, 1238.0, 1239.0, 1240.0, 1241.0, 1242.0, 1243.0, 1244.0, 1401.0, 1402.0, 1403.0, 1404.0, 1405.0, 1406.0, 1407.0, 1408.0, 1409.0, 1410.0, 1411.0, 1412.0, 1413.0, 1414.0, 1415.0, 1416.0, 1417.0, 1418.0, 1419.0, 1420.0, 1421.0, 1422.0, 1423.0, 1424.0, 1425.0, 1426.0, 1427.0, 1428.0, 1429.0, 1430.0, 1431.0, 1432.0, 1433.0, 1434.0, 1435.0, 1436.0, 1437.0, 1438.0, 1439.0, 1440.0, 1441.0, 1442.0, 1443.0, 1444.0, 1445.0, 1446.0, 1447.0, 1448.0, 1449.0, 1450.0, 1451.0, 1452.0, 1453.0, 1454.0, 1455.0, 1456.0, 1457.0, 1458.0, 1459.0, 1460.0, 1461.0, 1462.0, 1463.0, 1464.0, 1465.0, 1466.0, 1467.0, 1468.0, 1469.0, 1470.0, 1471.0, 1472.0, 1473.0, 1474.0, 1475.0, 1476.0, 1477.0, 1478.0, 1479.0, 1480.0, 1481.0, 1482.0, 1483.0, 1484.0, 1485.0, 1486.0, 1487.0, 1488.0, 1489.0, 1490.0, 1491.0, 1492.0, 1493.0, 1494.0, 1495.0, 1496.0, 1497.0, 1498.0, 1499.0, 1500.0, 1501.0, 1502.0, 1503.0, 1504.0, 1505.0, 1506.0, 1507.0, 1508.0, 1509.0, 1510.0, 1511.0, 1512.0, 1513.0, 1514.0, 1515.0, 1516.0, 1517.0, 1518.0, 1519.0, 1520.0, 1521.0, 1522.0, 1523.0, 1524.0, 1525.0, 1526.0, 1527.0, 1528.0, 1529.0, 1530.0, 1531.0, 1532.0, 1533.0, 1534.0, 1535.0, 1536.0, 1537.0, 1538.0, 1539.0, 1540.0, 1541.0, 1542.0, 1543.0, 1544.0, 1545.0, 1546.0, 1547.0, 1548.0, 1549.0, 1550.0, 1551.0, 1552.0, 1553.0, 1554.0, 1555.0, 1556.0, 1557.0, 1558.0, 1559.0, 1562.0, 1563.0, 1564.0, 1565.0, 1566.0, 1567.0, 1568.0, 1569.0, 1570.0, 1571.0, 1572.0, 1573.0, 1574.0, 1575.0, 1576.0, 1577.0, 1578.0, 1579.0, 1580.0, 1581.0, 1582.0, 1583.0, 1584.0, 1585.0, 1586.0, 1587.0, 1588.0, 1589.0, 1590.0, 1591.0, 1592.0, 1593.0, 1594.0, 1595.0, 1596.0, 1597.0, 1598.0, 1599.0, 1600.0, 1601.0, 1602.0, 1603.0, 1604.0, 1605.0, 1606.0, 1607.0, 1608.0, 1609.0, 1610.0, 1611.0, 1612.0, 1613.0, 1614.0, 1615.0, 1616.0, 1617.0, 1618.0, 1619.0, 1620.0, 1621.0, 1622.0, 1623.0, 1624.0, 1625.0, 1626.0, 1627.0, 1628.0, 1629.0, 1630.0, 1631.0, 1632.0, 1633.0, 1634.0, 1635.0, 1636.0, 1637.0, 1638.0, 1639.0, 1640.0, 1641.0, 1642.0, 1643.0, 1644.0, 1645.0, 1646.0, 1647.0, 1648.0, 1649.0, 1650.0, 1651.0, 1652.0, 1653.0, 1654.0, 1655.0, 1656.0, 1657.0, 1658.0, 1659.0, 1660.0, 1661.0, 1662.0, 1663.0, 1664.0, 1665.0, 1666.0, 1667.0, 1668.0, 1669.0, 1670.0, 1671.0, 1672.0, 1673.0, 1674.0, 1675.0, 1676.0, 1679.0, 1680.0, 1681.0, 1682.0, 1683.0, 1684.0, 1685.0, 1686.0, 1687.0, 1688.0, 1689.0, 1690.0, 1691.0, 1692.0, 1693.0, 1694.0, 1695.0, 1696.0, 1697.0, 1698.0, 1699.0, 1700.0, 1701.0, 1702.0, 1703.0, 1704.0, 1705.0, 1706.0, 1707.0, 1708.0, 1709.0, 1710.0, 1711.0, 1712.0, 1713.0, 1714.0, 1715.0, 1716.0, 1717.0, 1718.0, 1719.0, 1720.0, 1721.0, 1722.0, 1723.0, 1724.0, 1725.0, 1726.0, 1727.0, 1728.0, 1729.0, 1730.0, 1731.0, 1732.0, 1733.0, 1734.0, 1735.0, 1736.0, 1737.0, 1738.0, 1739.0, 1740.0, 1741.0, 1742.0, 1743.0, 1744.0, 1745.0, 1746.0, 1747.0, 1748.0, 1749.0, 1750.0, 1751.0, 1752.0, 1753.0, 1754.0, 1755.0, 1756.0, 1757.0, 1758.0, 1759.0, 1760.0, 1761.0, 1762.0, 1763.0, 1764.0, 1765.0, 1766.0, 1767.0, 1768.0, 1769.0, 1770.0, 1771.0, 1772.0, 1773.0, 1774.0, 1775.0, 1776.0, 1777.0, 1778.0, 1779.0, 1780.0, 1781.0, 1782.0, 1783.0, 1784.0, 1785.0, 1786.0, 1787.0, 1788.0, 1789.0, 1790.0, 1791.0, 1792.0, 1793.0, 1794.0, 1795.0, 1796.0, 1797.0, 1798.0, 1799.0, 1800.0, 1801.0, 1802.0, 1803.0, 1804.0, 1805.0, 1806.0, 1807.0, 1808.0, 1809.0, 1810.0, 1811.0, 1812.0, 1813.0, 1814.0, 1815.0, 1816.0, 1817.0, 1818.0, 1819.0, 1820.0, 1821.0, 1822.0, 1823.0, 1824.0, 1825.0, 1826.0, 1827.0, 1828.0, 1829.0, 1830.0, 1831.0, 1832.0, 1833.0, 1834.0, 1835.0, 1836.0, 1837.0, 1838.0, 1839.0, 1840.0, 1841.0, 1842.0, 1843.0, 1844.0, 1845.0, 1846.0, 1847.0, 1848.0, 1849.0, 1850.0, 1851.0, 1852.0, 1853.0, 1854.0, 1855.0, 1856.0, 1857.0, 1858.0, 1859.0, 1860.0, 1861.0, 1862.0, 1863.0, 1864.0, 1865.0, 1866.0, 1867.0, 1868.0, 1869.0, 1870.0, 1871.0, 1872.0, 1873.0, 1874.0, 1875.0, 1876.0, 1877.0, 1878.0, 1879.0, 1880.0, 1881.0, 1882.0, 1883.0, 1884.0, 1885.0, 1886.0, 1887.0, 1888.0, 1889.0, 1890.0, 1891.0, 1892.0, 1893.0, 1894.0, 1895.0, 1896.0, 1897.0, 1898.0, 1899.0, 1900.0, 1901.0, 1902.0, 1903.0, 1904.0, 1905.0, 1906.0, 1907.0, 1908.0, 1909.0, 1910.0, 1911.0, 1912.0, 1913.0, 1914.0, 1915.0, 1916.0, 1917.0, 1918.0, 1919.0, 1920.0, 1921.0, 1922.0, 1923.0, 1924.0, 1925.0, 1926.0, 1927.0, 1928.0, 1929.0, 1930.0, 1931.0, 1932.0, 1933.0, 1934.0, 1935.0, 1936.0]",0.55,40,9,"24 studie//break//psychological outcomes of peopl//break//For instance, one study compared quarantined versus non-quarantined individuals during an equine influenza outbrea//break//Of 2,760 quarantined people, 34 percent, or 938 individuals, reported high levels of psychological distress, which can indicate mental health problems such as anxiety and depression, during the outbreak compared with 12 percent of non-quarantined individual//break//",What evidence is given for the primary causal claim? Select all that apply.,An experimental study was conducted (natural experiments OK),,True
11,100059,4b537e0ed21179a29ed28da28057d338e67330ae12123ccceba6724f35bd68a4,raw_304b537e0ed21179a29ed28da28057d338e67330ae12123ccceba6724f35bd68a4,Covid_article_for_PE_S&S&S.txt,edb1510f-1923-4d6f-a678-95f53d752bea,a723537a-f11a-41dd-bf5b-668cef67a5de,Covid_Evidence2020_03_21,45dce5251bd3ea6e908fa33ac9e6a8e17e6830215912ce1626cf4206e159819c,2,0,checklist,L,0.025,[],0.025,40,9,L,What evidence is given for the primary causal claim? Select all that apply.,L,,True
5,100059,4b537e0ed21179a29ed28da28057d338e67330ae12123ccceba6724f35bd68a4,raw_304b537e0ed21179a29ed28da28057d338e67330ae12123ccceba6724f35bd68a4,Covid_article_for_PE_S&S&S.txt,edb1510f-1923-4d6f-a678-95f53d752bea,a723537a-f11a-41dd-bf5b-668cef67a5de,Covid_Evidence2020_03_21,45dce5251bd3ea6e908fa33ac9e6a8e17e6830215912ce1626cf4206e159819c,2,fee5e5ec-ce13-43e7-aca6-5babee4eb8a5,checklist,3,0.675,"[1177.0, 1178.0, 1179.0, 1180.0, 1181.0, 1182.0, 1183.0, 1184.0, 1185.0, 1186.0, 1187.0, 1188.0, 1189.0, 1190.0, 1191.0, 1192.0, 1193.0, 1194.0, 1195.0, 1196.0, 1213.0, 1214.0, 1215.0, 1216.0, 1217.0, 1218.0, 1219.0, 1220.0, 1221.0, 1222.0, 1223.0, 1224.0, 1225.0, 1226.0, 1227.0, 1228.0, 1229.0, 1230.0, 1231.0, 1232.0, 1233.0, 1234.0, 1235.0, 1236.0, 1237.0, 1238.0, 1239.0, 1240.0, 1241.0, 1242.0, 1243.0, 1244.0, 1306.0, 1307.0, 1308.0, 1309.0, 1310.0, 1311.0, 1312.0, 1313.0, 1314.0, 1315.0, 1316.0, 1317.0, 1318.0, 1319.0, 1320.0, 1321.0, 1322.0, 1323.0, 1324.0, 1325.0, 1326.0, 1327.0, 1328.0, 1329.0, 1330.0, 1331.0, 1332.0, 1333.0, 1334.0, 1335.0, 1336.0, 1337.0, 1338.0, 1339.0, 1340.0, 1341.0, 1342.0, 1343.0, 1344.0, 1345.0, 1346.0, 1347.0, 1348.0, 1349.0, 1350.0, 1351.0, 1352.0, 1353.0, 1354.0, 1355.0, 1356.0, 1357.0, 1358.0, 1359.0, 1360.0, 1361.0, 1362.0, 1363.0, 1364.0, 1365.0, 1366.0, 1367.0, 1368.0, 1369.0, 1370.0, 1371.0, 1372.0, 1373.0, 1374.0, 1375.0, 1376.0, 1377.0, 1378.0, 1379.0, 1380.0, 1381.0, 1382.0, 1383.0, 1384.0, 1385.0, 1386.0, 1387.0, 1388.0, 1389.0, 1390.0, 1391.0, 1392.0, 1393.0, 1394.0, 1395.0, 1396.0, 1397.0, 1398.0, 1401.0, 1402.0, 1403.0, 1404.0, 1405.0, 1406.0, 1407.0, 1408.0, 1409.0, 1410.0, 1411.0, 1412.0, 1413.0, 1414.0, 1415.0, 1416.0, 1417.0, 1418.0, 1419.0, 1420.0, 1421.0, 1422.0, 1423.0, 1424.0, 1425.0, 1426.0, 1427.0, 1428.0, 1429.0, 1430.0, 1431.0, 1432.0, 1433.0, 1434.0, 1435.0, 1436.0, 1437.0, 1438.0, 1439.0, 1440.0, 1441.0, 1442.0, 1443.0, 1444.0, 1445.0, 1446.0, 1447.0, 1448.0, 1449.0, 1450.0, 1451.0, 1452.0, 1453.0, 1454.0, 1455.0, 1456.0, 1457.0, 1458.0, 1459.0, 1460.0, 1461.0, 1462.0, 1463.0, 1464.0, 1465.0, 1466.0, 1467.0, 1468.0, 1469.0, 1470.0, 1471.0, 1472.0, 1473.0, 1474.0, 1475.0, 1476.0, 1477.0, 1478.0, 1479.0, 1480.0, 1481.0, 1482.0, 1483.0, 1484.0, 1485.0, 1486.0, 1487.0, 1488.0, 1489.0, 1490.0, 1491.0, 1492.0, 1493.0, 1494.0, 1495.0, 1496.0, 1497.0, 1498.0, 1499.0, 1500.0, 1501.0, 1502.0, 1503.0, 1504.0, 1505.0, 1506.0, 1507.0, 1508.0, 1509.0, 1510.0, 1511.0, 1512.0, 1513.0, 1514.0, 1515.0, 1516.0, 1517.0, 1518.0, 1519.0, 1520.0, 1521.0, 1522.0, 1523.0, 1524.0, 1525.0, 1526.0, 1527.0, 1528.0, 1529.0, 1530.0, 1531.0, 1532.0, 1533.0, 1534.0, 1535.0, 1536.0, 1537.0, 1538.0, 1539.0, 1540.0, 1541.0, 1542.0, 1543.0, 1544.0, 1545.0, 1546.0, 1547.0, 1548.0, 1549.0, 1550.0, 1551.0, 1552.0, 1553.0, 1554.0, 1555.0, 1556.0, 1557.0, 1558.0, 1559.0, 1562.0, 1563.0, 1564.0, 1565.0, 1566.0, 1567.0, 1568.0, 1569.0, 1570.0, 1571.0, 1572.0, 1573.0, 1574.0, 1575.0, 1576.0, 1577.0, 1578.0, 1579.0, 1580.0, 1581.0, 1582.0, 1583.0, 1584.0, 1585.0, 1586.0, 1587.0, 1588.0, 1589.0, 1590.0, 1591.0, 1592.0, 1593.0, 1594.0, 1595.0, 1596.0, 1597.0, 1598.0, 1599.0, 1600.0, 1601.0, 1602.0, 1603.0, 1604.0, 1605.0, 1606.0, 1607.0, 1608.0, 1609.0, 1610.0, 1611.0, 1612.0, 1613.0, 1614.0, 1615.0, 1616.0, 1617.0, 1618.0, 1619.0, 1620.0, 1621.0, 1622.0, 1623.0, 1624.0, 1625.0, 1626.0, 1627.0, 1628.0, 1629.0, 1630.0, 1631.0, 1632.0, 1633.0, 1634.0, 1635.0, 1636.0, 1637.0, 1638.0, 1639.0, 1640.0, 1641.0, 1642.0, 1643.0, 1644.0, 1645.0, 1646.0, 1647.0, 1648.0, 1649.0, 1650.0, 1651.0, 1652.0, 1653.0, 1654.0, 1655.0, 1656.0, 1657.0, 1658.0, 1659.0, 1660.0, 1661.0, 1662.0, 1663.0, 1664.0, 1665.0, 1666.0, 1667.0, 1668.0, 1669.0, 1670.0, 1671.0, 1672.0, 1673.0, 1674.0, 1675.0, 1676.0, 1679.0, 1680.0, 1681.0, 1682.0, 1683.0, 1684.0, 1685.0, 1686.0, 1687.0, 1688.0, 1689.0, 1690.0, 1691.0, 1692.0, 1693.0, 1694.0, 1695.0, 1696.0, 1697.0, 1698.0, 1699.0, 1700.0, 1701.0, 1702.0, 1703.0, 1704.0, 1705.0, 1706.0, 1707.0, 1708.0, 1709.0, 1710.0, 1711.0, 1712.0, 1713.0, 1714.0, 1715.0, 1716.0, 1717.0, 1718.0, 1719.0, 1720.0, 1721.0, 1722.0, 1723.0, 1724.0, 1725.0, 1726.0, 1727.0, 1728.0, 1729.0, 1730.0, 1731.0, 1732.0, 1733.0, 1734.0, 1735.0, 1736.0, 1737.0, 1738.0, 1739.0, 1740.0, 1741.0, 1742.0, 1743.0, 1744.0, 1745.0, 1746.0, 1747.0, 1748.0, 1749.0, 1750.0, 1751.0, 1752.0, 1753.0, 1754.0, 1755.0, 1756.0, 1757.0, 1758.0, 1759.0, 1760.0, 1761.0, 1762.0, 1763.0, 1764.0, 1765.0, 1766.0, 1767.0, 1768.0, 1769.0, 1770.0, 1771.0, 1772.0, 1773.0, 1774.0, 1775.0, 1776.0, 1777.0, 1778.0, 1779.0, 1780.0, 1781.0, 1782.0, 1783.0, 1784.0, 1785.0, 1786.0, 1787.0, 1788.0, 1789.0, 1790.0, 1791.0, 1792.0, 1793.0, 1794.0, 1795.0, 1796.0, 1797.0, 1798.0, 1799.0, 1800.0, 1801.0, 1802.0, 1803.0, 1804.0, 1805.0, 1806.0, 1807.0, 1808.0, 1809.0, 1810.0, 1811.0, 1812.0, 1813.0, 1814.0, 1815.0, 1816.0, 1817.0, 1818.0, 1819.0, 1820.0, 1821.0, 1822.0, 1823.0, 1824.0, 1825.0, 1826.0, 1827.0, 1828.0, 1829.0, 1830.0, 1831.0, 1832.0, 1833.0, 1834.0, 1835.0, 1836.0, 1837.0, 1838.0, 1839.0, 1840.0, 1841.0, 1842.0, 1843.0, 1844.0, 1845.0, 1846.0, 1847.0, 1848.0, 1849.0, 1850.0, 1851.0, 1852.0, 1853.0, 1854.0, 1855.0, 1856.0, 1857.0, 1858.0, 1859.0, 1860.0, 1861.0, 1862.0, 1863.0, 1864.0, 1865.0, 1866.0, 1867.0, 1868.0, 1869.0, 1870.0, 1871.0, 1872.0, 1873.0, 1874.0, 1875.0, 1876.0, 1877.0, 1878.0, 1879.0, 1880.0, 1881.0, 1882.0, 1883.0, 1884.0, 1885.0, 1886.0, 1887.0, 1888.0, 1889.0, 1890.0, 1891.0, 1892.0, 1893.0, 1894.0, 1895.0, 1896.0, 1897.0, 1898.0, 1899.0, 1900.0, 1901.0, 1902.0, 1903.0, 1904.0, 1905.0, 1906.0, 1907.0, 1908.0, 1909.0, 1910.0, 1911.0, 1912.0, 1913.0, 1914.0, 1915.0, 1916.0, 1917.0, 1918.0, 1919.0, 1920.0, 1921.0, 1922.0, 1923.0, 1924.0, 1925.0, 1926.0, 1927.0, 1928.0, 1929.0, 1930.0, 1931.0, 1932.0, 1933.0, 1934.0, 1935.0, 1936.0]",0.675,40,9,"evaluated 24 studie//break//during outbreaks of SARS, H1N1 flu, Ebola and other infectious diseases since the early 2000//break//",What evidence is given for the primary causal claim? Select all that apply.,The correlation appears across multiple independent contexts,,True
4,100059,4b537e0ed21179a29ed28da28057d338e67330ae12123ccceba6724f35bd68a4,raw_304b537e0ed21179a29ed28da28057d338e67330ae12123ccceba6724f35bd68a4,Covid_article_for_PE_S&S&S.txt,edb1510f-1923-4d6f-a678-95f53d752bea,a723537a-f11a-41dd-bf5b-668cef67a5de,Covid_Evidence2020_03_21,45dce5251bd3ea6e908fa33ac9e6a8e17e6830215912ce1626cf4206e159819c,2,ba2d1638-2509-4ce8-9130-39ea26d1d424,checklist,2,0.35,"[1177.0, 1178.0, 1179.0, 1180.0, 1181.0, 1182.0, 1183.0, 1184.0, 1185.0, 1186.0, 1187.0, 1188.0, 1189.0, 1190.0, 1191.0, 1192.0, 1193.0, 1194.0, 1195.0, 1196.0, 1213.0, 1214.0, 1215.0, 1216.0, 1217.0, 1218.0, 1219.0, 1220.0, 1221.0, 1222.0, 1223.0, 1224.0, 1225.0, 1226.0, 1227.0, 1228.0, 1229.0, 1230.0, 1231.0, 1232.0, 1233.0, 1234.0, 1235.0, 1236.0, 1237.0, 1238.0, 1239.0, 1240.0, 1241.0, 1242.0, 1243.0, 1244.0, 1245.0, 1246.0, 1247.0, 1248.0, 1249.0, 1250.0, 1251.0, 1252.0, 1253.0, 1254.0, 1255.0, 1256.0, 1257.0, 1258.0, 1259.0, 1260.0, 1261.0, 1262.0, 1263.0, 1264.0, 1265.0, 1306.0, 1307.0, 1308.0, 1309.0, 1310.0, 1311.0, 1312.0, 1313.0, 1314.0, 1315.0, 1316.0, 1317.0, 1318.0, 1319.0, 1320.0, 1321.0, 1322.0, 1323.0, 1324.0, 1325.0, 1326.0, 1327.0, 1328.0, 1329.0, 1330.0, 1331.0, 1332.0, 1333.0, 1334.0, 1335.0, 1336.0, 1337.0, 1338.0, 1339.0, 1340.0, 1341.0, 1342.0, 1343.0, 1344.0, 1345.0, 1346.0, 1347.0, 1348.0, 1349.0, 1350.0, 1351.0, 1352.0, 1353.0, 1354.0, 1355.0, 1356.0, 1357.0, 1358.0, 1359.0, 1360.0, 1361.0, 1362.0, 1363.0, 1364.0, 1365.0, 1366.0, 1367.0, 1368.0, 1369.0, 1370.0, 1371.0, 1372.0, 1373.0, 1374.0, 1375.0, 1376.0, 1377.0, 1378.0, 1379.0, 1380.0, 1381.0, 1382.0, 1383.0, 1384.0, 1385.0, 1386.0, 1387.0, 1388.0, 1389.0, 1390.0, 1391.0, 1392.0, 1393.0, 1394.0, 1395.0, 1396.0, 1397.0, 1398.0, 1401.0, 1402.0, 1403.0, 1404.0, 1405.0, 1406.0, 1407.0, 1408.0, 1409.0, 1410.0, 1411.0, 1412.0, 1413.0, 1414.0, 1415.0, 1416.0, 1417.0, 1418.0, 1419.0, 1420.0, 1421.0, 1422.0, 1423.0, 1424.0, 1425.0, 1426.0, 1427.0, 1428.0, 1429.0, 1430.0, 1431.0, 1432.0, 1433.0, 1434.0, 1435.0, 1436.0, 1437.0, 1438.0, 1439.0, 1440.0, 1441.0, 1442.0, 1443.0, 1444.0, 1445.0, 1446.0, 1447.0, 1448.0, 1449.0, 1450.0, 1451.0, 1452.0, 1453.0, 1454.0, 1455.0, 1456.0, 1457.0, 1458.0, 1459.0, 1460.0, 1461.0, 1462.0, 1463.0, 1464.0, 1465.0, 1466.0, 1467.0, 1468.0, 1469.0, 1470.0, 1471.0, 1472.0, 1473.0, 1474.0, 1475.0, 1476.0, 1477.0, 1478.0, 1479.0, 1480.0, 1481.0, 1482.0, 1483.0, 1484.0, 1485.0, 1486.0, 1487.0, 1488.0, 1489.0, 1490.0, 1491.0, 1492.0, 1493.0, 1494.0, 1495.0, 1496.0, 1497.0, 1498.0, 1499.0, 1500.0, 1501.0, 1502.0, 1503.0, 1504.0, 1505.0, 1506.0, 1507.0, 1508.0, 1509.0, 1510.0, 1511.0, 1512.0, 1513.0, 1514.0, 1515.0, 1516.0, 1517.0, 1518.0, 1519.0, 1520.0, 1521.0, 1522.0, 1523.0, 1524.0, 1525.0, 1526.0, 1527.0, 1528.0, 1529.0, 1530.0, 1531.0, 1532.0, 1533.0, 1534.0, 1535.0, 1536.0, 1537.0, 1538.0, 1539.0, 1540.0, 1541.0, 1542.0, 1543.0, 1544.0, 1545.0, 1546.0, 1547.0, 1548.0, 1549.0, 1550.0, 1551.0, 1552.0, 1553.0, 1554.0, 1555.0, 1556.0, 1557.0, 1558.0, 1559.0, 1562.0, 1563.0, 1564.0, 1565.0, 1566.0, 1567.0, 1568.0, 1569.0, 1570.0, 1571.0, 1572.0, 1573.0, 1574.0, 1575.0, 1576.0, 1577.0, 1578.0, 1579.0, 1580.0, 1581.0, 1582.0, 1583.0, 1584.0, 1585.0, 1586.0, 1587.0, 1588.0, 1589.0, 1590.0, 1591.0, 1592.0, 1593.0, 1594.0, 1595.0, 1596.0, 1597.0, 1598.0, 1599.0, 1600.0, 1601.0, 1602.0, 1603.0, 1604.0, 1605.0, 1606.0, 1607.0, 1608.0, 1609.0, 1610.0, 1611.0, 1612.0, 1613.0, 1614.0, 1615.0, 1616.0, 1617.0, 1618.0, 1619.0, 1620.0, 1621.0, 1622.0, 1623.0, 1624.0, 1625.0, 1626.0, 1627.0, 1628.0, 1629.0, 1630.0, 1631.0, 1632.0, 1633.0, 1634.0, 1635.0, 1636.0, 1637.0, 1638.0, 1639.0, 1640.0, 1641.0, 1642.0, 1643.0, 1644.0, 1645.0, 1646.0, 1647.0, 1648.0, 1649.0, 1650.0, 1651.0, 1652.0, 1653.0, 1654.0, 1655.0, 1656.0, 1657.0, 1658.0, 1659.0, 1660.0, 1661.0, 1662.0, 1663.0, 1664.0, 1665.0, 1666.0, 1667.0, 1668.0, 1669.0, 1670.0, 1671.0, 1672.0, 1673.0, 1674.0, 1675.0, 1676.0, 1679.0, 1680.0, 1681.0, 1682.0, 1683.0, 1684.0, 1685.0, 1686.0, 1687.0, 1688.0, 1689.0, 1690.0, 1691.0, 1692.0, 1693.0, 1694.0, 1695.0, 1696.0, 1697.0, 1698.0, 1699.0, 1700.0, 1701.0, 1702.0, 1703.0, 1704.0, 1705.0, 1706.0, 1707.0, 1708.0, 1709.0, 1710.0, 1711.0, 1712.0, 1713.0, 1714.0, 1715.0, 1716.0, 1717.0, 1718.0, 1719.0, 1720.0, 1721.0, 1722.0, 1723.0, 1724.0, 1725.0, 1726.0, 1727.0, 1728.0, 1729.0, 1730.0, 1731.0, 1732.0, 1733.0, 1734.0, 1735.0, 1736.0, 1737.0, 1738.0, 1739.0, 1740.0, 1741.0, 1742.0, 1743.0, 1744.0, 1745.0, 1746.0, 1747.0, 1748.0, 1749.0, 1750.0, 1751.0, 1752.0, 1753.0, 1754.0, 1755.0, 1756.0, 1757.0, 1758.0, 1759.0, 1760.0, 1761.0, 1762.0, 1763.0, 1764.0, 1765.0, 1766.0, 1767.0, 1768.0, 1769.0, 1770.0, 1771.0, 1772.0, 1773.0, 1774.0, 1775.0, 1776.0, 1777.0, 1778.0, 1779.0, 1780.0, 1781.0, 1782.0, 1783.0, 1784.0, 1785.0, 1786.0, 1787.0, 1788.0, 1789.0, 1790.0, 1791.0, 1792.0, 1793.0, 1794.0, 1795.0, 1796.0, 1797.0, 1798.0, 1799.0, 1800.0, 1801.0, 1802.0, 1803.0, 1804.0, 1805.0, 1806.0, 1807.0, 1808.0, 1809.0, 1810.0, 1811.0, 1812.0, 1813.0, 1814.0, 1815.0, 1816.0, 1817.0, 1818.0, 1819.0, 1820.0, 1821.0, 1822.0, 1823.0, 1824.0, 1825.0, 1826.0, 1827.0, 1828.0, 1829.0, 1830.0, 1831.0, 1832.0, 1833.0, 1834.0, 1835.0, 1836.0, 1837.0, 1838.0, 1839.0, 1840.0, 1841.0, 1842.0, 1843.0, 1844.0, 1845.0, 1846.0, 1847.0, 1848.0, 1849.0, 1850.0, 1851.0, 1852.0, 1853.0, 1854.0, 1855.0, 1856.0, 1857.0, 1858.0, 1859.0, 1860.0, 1861.0, 1862.0, 1863.0, 1864.0, 1865.0, 1866.0, 1867.0, 1868.0, 1869.0, 1870.0, 1871.0, 1872.0, 1873.0, 1874.0, 1875.0, 1876.0, 1877.0, 1878.0, 1879.0, 1880.0, 1881.0, 1882.0, 1883.0, 1884.0, 1885.0, 1886.0, 1887.0, 1888.0, 1889.0, 1890.0, 1891.0, 1892.0, 1893.0, 1894.0, 1895.0, 1896.0, 1897.0, 1898.0, 1899.0, 1900.0, 1901.0, 1902.0, 1903.0, 1904.0, 1905.0, 1906.0, 1907.0, 1908.0, 1909.0, 1910.0, 1911.0, 1912.0, 1913.0, 1914.0, 1915.0, 1916.0, 1917.0, 1918.0, 1919.0, 1920.0, 1921.0, 1922.0, 1923.0, 1924.0, 1925.0, 1926.0, 1927.0, 1928.0, 1929.0, 1930.0, 1931.0, 1932.0, 1933.0, 1934.0, 1935.0, 1936.0]",0.35,40,9,"outcomes of people who were quarantine//break//Of 2,760 quarantined people, 34 percent, or 938 individuals, reported high levels of psychological distress, which can indicate mental health problems such as anxiety and depression, during the outbreak compared with 12 percent of non-quarantined individual//break//",What evidence is given for the primary causal claim? Select all that apply.,Cause precedes effect,,True
3,100059,4b537e0ed21179a29ed28da28057d338e67330ae12123ccceba6724f35bd68a4,raw_304b537e0ed21179a29ed28da28057d338e67330ae12123ccceba6724f35bd68a4,Covid_article_for_PE_S&S&S.txt,edb1510f-1923-4d6f-a678-95f53d752bea,a723537a-f11a-41dd-bf5b-668cef67a5de,Covid_Evidence2020_03_21,45dce5251bd3ea6e908fa33ac9e6a8e17e6830215912ce1626cf4206e159819c,2,5a1fb1f4-d8b7-45c0-bce5-7d4c3b91c55f,checklist,1,0.725,"[1177.0, 1178.0, 1179.0, 1180.0, 1181.0, 1182.0, 1183.0, 1184.0, 1185.0, 1186.0, 1187.0, 1188.0, 1189.0, 1190.0, 1191.0, 1192.0, 1193.0, 1194.0, 1195.0, 1196.0, 1213.0, 1214.0, 1215.0, 1216.0, 1217.0, 1218.0, 1219.0, 1220.0, 1221.0, 1222.0, 1223.0, 1224.0, 1225.0, 1226.0, 1227.0, 1228.0, 1229.0, 1230.0, 1231.0, 1232.0, 1233.0, 1234.0, 1235.0, 1236.0, 1237.0, 1238.0, 1239.0, 1240.0, 1241.0, 1242.0, 1243.0, 1244.0, 1245.0, 1246.0, 1247.0, 1248.0, 1249.0, 1250.0, 1251.0, 1252.0, 1253.0, 1254.0, 1255.0, 1256.0, 1257.0, 1258.0, 1259.0, 1260.0, 1261.0, 1262.0, 1263.0, 1264.0, 1265.0, 1306.0, 1307.0, 1308.0, 1309.0, 1310.0, 1311.0, 1312.0, 1313.0, 1314.0, 1315.0, 1316.0, 1317.0, 1318.0, 1319.0, 1320.0, 1321.0, 1322.0, 1323.0, 1324.0, 1325.0, 1326.0, 1327.0, 1328.0, 1329.0, 1330.0, 1331.0, 1332.0, 1333.0, 1334.0, 1335.0, 1336.0, 1337.0, 1338.0, 1339.0, 1340.0, 1341.0, 1342.0, 1343.0, 1344.0, 1345.0, 1346.0, 1347.0, 1348.0, 1349.0, 1350.0, 1351.0, 1352.0, 1353.0, 1354.0, 1355.0, 1356.0, 1357.0, 1358.0, 1359.0, 1360.0, 1361.0, 1362.0, 1363.0, 1364.0, 1365.0, 1366.0, 1367.0, 1368.0, 1369.0, 1370.0, 1371.0, 1372.0, 1373.0, 1374.0, 1375.0, 1376.0, 1377.0, 1378.0, 1379.0, 1380.0, 1381.0, 1382.0, 1383.0, 1384.0, 1385.0, 1386.0, 1387.0, 1388.0, 1389.0, 1390.0, 1391.0, 1392.0, 1393.0, 1394.0, 1395.0, 1396.0, 1397.0, 1398.0, 1401.0, 1402.0, 1403.0, 1404.0, 1405.0, 1406.0, 1407.0, 1408.0, 1409.0, 1410.0, 1411.0, 1412.0, 1413.0, 1414.0, 1415.0, 1416.0, 1417.0, 1418.0, 1419.0, 1420.0, 1421.0, 1422.0, 1423.0, 1424.0, 1425.0, 1426.0, 1427.0, 1428.0, 1429.0, 1430.0, 1431.0, 1432.0, 1433.0, 1434.0, 1435.0, 1436.0, 1437.0, 1438.0, 1439.0, 1440.0, 1441.0, 1442.0, 1443.0, 1444.0, 1445.0, 1446.0, 1447.0, 1448.0, 1449.0, 1450.0, 1451.0, 1452.0, 1453.0, 1454.0, 1455.0, 1456.0, 1457.0, 1458.0, 1459.0, 1460.0, 1461.0, 1462.0, 1463.0, 1464.0, 1465.0, 1466.0, 1467.0, 1468.0, 1469.0, 1470.0, 1471.0, 1472.0, 1473.0, 1474.0, 1475.0, 1476.0, 1477.0, 1478.0, 1479.0, 1480.0, 1481.0, 1482.0, 1483.0, 1484.0, 1485.0, 1486.0, 1487.0, 1488.0, 1489.0, 1490.0, 1491.0, 1492.0, 1493.0, 1494.0, 1495.0, 1496.0, 1497.0, 1498.0, 1499.0, 1500.0, 1501.0, 1502.0, 1503.0, 1504.0, 1505.0, 1506.0, 1507.0, 1508.0, 1509.0, 1510.0, 1511.0, 1512.0, 1513.0, 1514.0, 1515.0, 1516.0, 1517.0, 1518.0, 1519.0, 1520.0, 1521.0, 1522.0, 1523.0, 1524.0, 1525.0, 1526.0, 1527.0, 1528.0, 1529.0, 1530.0, 1531.0, 1532.0, 1533.0, 1534.0, 1535.0, 1536.0, 1537.0, 1538.0, 1539.0, 1540.0, 1541.0, 1542.0, 1543.0, 1544.0, 1545.0, 1546.0, 1547.0, 1548.0, 1549.0, 1550.0, 1551.0, 1552.0, 1553.0, 1554.0, 1555.0, 1556.0, 1557.0, 1558.0, 1559.0, 1562.0, 1563.0, 1564.0, 1565.0, 1566.0, 1567.0, 1568.0, 1569.0, 1570.0, 1571.0, 1572.0, 1573.0, 1574.0, 1575.0, 1576.0, 1577.0, 1578.0, 1579.0, 1580.0, 1581.0, 1582.0, 1583.0, 1584.0, 1585.0, 1586.0, 1587.0, 1588.0, 1589.0, 1590.0, 1591.0, 1592.0, 1593.0, 1594.0, 1595.0, 1596.0, 1597.0, 1598.0, 1599.0, 1600.0, 1601.0, 1602.0, 1603.0, 1604.0, 1605.0, 1606.0, 1607.0, 1608.0, 1609.0, 1610.0, 1611.0, 1612.0, 1613.0, 1614.0, 1615.0, 1616.0, 1617.0, 1618.0, 1619.0, 1620.0, 1621.0, 1622.0, 1623.0, 1624.0, 1625.0, 1626.0, 1627.0, 1628.0, 1629.0, 1630.0, 1631.0, 1632.0, 1633.0, 1634.0, 1635.0, 1636.0, 1637.0, 1638.0, 1639.0, 1640.0, 1641.0, 1642.0, 1643.0, 1644.0, 1645.0, 1646.0, 1647.0, 1648.0, 1649.0, 1650.0, 1651.0, 1652.0, 1653.0, 1654.0, 1655.0, 1656.0, 1657.0, 1658.0, 1659.0, 1660.0, 1661.0, 1662.0, 1663.0, 1664.0, 1665.0, 1666.0, 1667.0, 1668.0, 1669.0, 1670.0, 1671.0, 1672.0, 1673.0, 1674.0, 1675.0, 1676.0, 1679.0, 1680.0, 1681.0, 1682.0, 1683.0, 1684.0, 1685.0, 1686.0, 1687.0, 1688.0, 1689.0, 1690.0, 1691.0, 1692.0, 1693.0, 1694.0, 1695.0, 1696.0, 1697.0, 1698.0, 1699.0, 1700.0, 1701.0, 1702.0, 1703.0, 1704.0, 1705.0, 1706.0, 1707.0, 1708.0, 1709.0, 1710.0, 1711.0, 1712.0, 1713.0, 1714.0, 1715.0, 1716.0, 1717.0, 1718.0, 1719.0, 1720.0, 1721.0, 1722.0, 1723.0, 1724.0, 1725.0, 1726.0, 1727.0, 1728.0, 1729.0, 1730.0, 1731.0, 1732.0, 1733.0, 1734.0, 1735.0, 1736.0, 1737.0, 1738.0, 1739.0, 1740.0, 1741.0, 1742.0, 1743.0, 1744.0, 1745.0, 1746.0, 1747.0, 1748.0, 1749.0, 1750.0, 1751.0, 1752.0, 1753.0, 1754.0, 1755.0, 1756.0, 1757.0, 1758.0, 1759.0, 1760.0, 1761.0, 1762.0, 1763.0, 1764.0, 1765.0, 1766.0, 1767.0, 1768.0, 1769.0, 1770.0, 1771.0, 1772.0, 1773.0, 1774.0, 1775.0, 1776.0, 1777.0, 1778.0, 1779.0, 1780.0, 1781.0, 1782.0, 1783.0, 1784.0, 1785.0, 1786.0, 1787.0, 1788.0, 1789.0, 1790.0, 1791.0, 1792.0, 1793.0, 1794.0, 1795.0, 1796.0, 1797.0, 1798.0, 1799.0, 1800.0, 1801.0, 1802.0, 1803.0, 1804.0, 1805.0, 1806.0, 1807.0, 1808.0, 1809.0, 1810.0, 1811.0, 1812.0, 1813.0, 1814.0, 1815.0, 1816.0, 1817.0, 1818.0, 1819.0, 1820.0, 1821.0, 1822.0, 1823.0, 1824.0, 1825.0, 1826.0, 1827.0, 1828.0, 1829.0, 1830.0, 1831.0, 1832.0, 1833.0, 1834.0, 1835.0, 1836.0, 1837.0, 1838.0, 1839.0, 1840.0, 1841.0, 1842.0, 1843.0, 1844.0, 1845.0, 1846.0, 1847.0, 1848.0, 1849.0, 1850.0, 1851.0, 1852.0, 1853.0, 1854.0, 1855.0, 1856.0, 1857.0, 1858.0, 1859.0, 1860.0, 1861.0, 1862.0, 1863.0, 1864.0, 1865.0, 1866.0, 1867.0, 1868.0, 1869.0, 1870.0, 1871.0, 1872.0, 1873.0, 1874.0, 1875.0, 1876.0, 1877.0, 1878.0, 1879.0, 1880.0, 1881.0, 1882.0, 1883.0, 1884.0, 1885.0, 1886.0, 1887.0, 1888.0, 1889.0, 1890.0, 1891.0, 1892.0, 1893.0, 1894.0, 1895.0, 1896.0, 1897.0, 1898.0, 1899.0, 1900.0, 1901.0, 1902.0, 1903.0, 1904.0, 1905.0, 1906.0, 1907.0, 1908.0, 1909.0, 1910.0, 1911.0, 1912.0, 1913.0, 1914.0, 1915.0, 1916.0, 1917.0, 1918.0, 1919.0, 1920.0, 1921.0, 1922.0, 1923.0, 1924.0, 1925.0, 1926.0, 1927.0, 1928.0, 1929.0, 1930.0, 1931.0, 1932.0, 1933.0, 1934.0, 1935.0, 1936.0]",0.725,40,9,"Many quarantined individuals experienced both short- and long-term mental health problems, including stress, insomnia, emotional exhaustion and substance abus//break//Of 2,760 quarantined people, 34 percent, or 938 individuals, reported high levels of psychological distress, which can indicate mental health problems such as anxiety and depression, during the outbreak compared with 12 percent of non-quarantined individual//break//",What evidence is given for the primary causal claim? Select all that apply.,Correlation,,True
6,100059,4b537e0ed21179a29ed28da28057d338e67330ae12123ccceba6724f35bd68a4,raw_304b537e0ed21179a29ed28da28057d338e67330ae12123ccceba6724f35bd68a4,Covid_article_for_PE_S&S&S.txt,edb1510f-1923-4d6f-a678-95f53d752bea,a723537a-f11a-41dd-bf5b-668cef67a5de,Covid_Evidence2020_03_21,45dce5251bd3ea6e908fa33ac9e6a8e17e6830215912ce1626cf4206e159819c,2,0,checklist,M,0.225,[],0.225,40,9,M,What evidence is given for the primary causal claim? Select all that apply.,M,,True
13,100059,4b537e0ed21179a29ed28da28057d338e67330ae12123ccceba6724f35bd68a4,raw_304b537e0ed21179a29ed28da28057d338e67330ae12123ccceba6724f35bd68a4,Covid_article_for_PE_S&S&S.txt,edb1510f-1923-4d6f-a678-95f53d752bea,a723537a-f11a-41dd-bf5b-668cef67a5de,Covid_Evidence2020_03_21,45dce5251bd3ea6e908fa33ac9e6a8e17e6830215912ce1626cf4206e159819c,4,96fde299-cf70-4ac8-b179-7bf7936edad1,ordinal,4,0.4850604824856821,"[1187.0, 1188.0, 1189.0, 1190.0, 1191.0, 1192.0, 1193.0, 1194.0, 1195.0, 1196.0, 1213.0, 1214.0, 1215.0, 1216.0, 1217.0, 1218.0, 1219.0, 1220.0, 1221.0, 1222.0, 1223.0, 1224.0, 1225.0, 1226.0, 1227.0, 1228.0, 1229.0, 1230.0, 1231.0, 1232.0, 1233.0, 1234.0, 1235.0, 1236.0, 1237.0, 1238.0, 1239.0, 1240.0, 1241.0, 1242.0, 1243.0, 1244.0, 1401.0, 1402.0, 1403.0, 1404.0, 1405.0, 1406.0, 1407.0, 1408.0, 1409.0, 1410.0, 1411.0, 1412.0, 1413.0, 1414.0, 1415.0, 1416.0, 1417.0, 1418.0, 1419.0, 1420.0, 1421.0, 1422.0, 1423.0, 1424.0, 1425.0, 1426.0, 1427.0, 1428.0, 1429.0, 1430.0, 1431.0, 1432.0, 1433.0, 1434.0, 1435.0, 1436.0, 1437.0, 1438.0, 1439.0, 1440.0, 1441.0, 1442.0, 1443.0, 1444.0, 1445.0, 1446.0, 1447.0, 1448.0, 1449.0, 1450.0, 1451.0, 1452.0, 1453.0, 1454.0, 1455.0, 1456.0, 1457.0, 1458.0, 1459.0, 1460.0, 1461.0, 1462.0, 1463.0, 1464.0, 1465.0, 1466.0, 1467.0, 1468.0, 1469.0, 1470.0, 1471.0, 1472.0, 1473.0, 1474.0, 1475.0, 1476.0, 1477.0, 1478.0, 1479.0, 1480.0, 1481.0, 1482.0, 1483.0, 1484.0, 1485.0, 1486.0, 1487.0, 1488.0, 1489.0, 1490.0, 1491.0, 1492.0, 1493.0, 1494.0, 1495.0, 1496.0, 1497.0, 1498.0, 1499.0, 1500.0, 1501.0, 1502.0, 1503.0, 1504.0, 1505.0, 1506.0, 1507.0, 1508.0, 1509.0, 1510.0, 1511.0, 1512.0, 1513.0, 1514.0, 1515.0, 1516.0, 1517.0, 1518.0, 1519.0, 1520.0, 1521.0, 1522.0, 1523.0, 1524.0, 1525.0, 1526.0, 1527.0, 1528.0, 1529.0, 1530.0, 1531.0, 1532.0, 1533.0, 1534.0, 1535.0, 1536.0, 1537.0, 1538.0, 1539.0, 1540.0, 1541.0, 1542.0, 1543.0, 1544.0, 1545.0, 1546.0, 1547.0, 1548.0, 1549.0, 1550.0, 1551.0, 1552.0, 1553.0, 1554.0, 1555.0, 1556.0, 1557.0, 1558.0, 1559.0, 1562.0, 1563.0, 1564.0, 1565.0, 1566.0, 1567.0, 1568.0, 1569.0, 1570.0, 1571.0, 1572.0, 1573.0, 1574.0, 1575.0, 1576.0, 1577.0, 1578.0, 1579.0, 1580.0, 1581.0, 1582.0, 1583.0, 1584.0, 1585.0, 1586.0, 1587.0, 1588.0, 1589.0, 1590.0, 1591.0, 1592.0, 1593.0, 1594.0, 1595.0, 1596.0, 1597.0, 1598.0, 1599.0, 1600.0, 1601.0, 1602.0, 1603.0, 1604.0, 1605.0, 1606.0, 1607.0, 1608.0, 1609.0, 1610.0, 1611.0, 1612.0, 1613.0, 1614.0, 1615.0, 1616.0, 1617.0, 1618.0, 1619.0, 1620.0, 1621.0, 1622.0, 1623.0, 1624.0, 1625.0, 1626.0, 1627.0, 1628.0, 1629.0, 1630.0, 1631.0, 1632.0, 1633.0, 1634.0, 1635.0, 1636.0, 1637.0, 1638.0, 1639.0, 1640.0, 1641.0, 1642.0, 1643.0, 1644.0, 1645.0, 1646.0, 1647.0, 1648.0, 1649.0, 1650.0, 1651.0, 1652.0, 1653.0, 1654.0, 1655.0, 1656.0, 1657.0, 1658.0, 1659.0, 1660.0, 1661.0, 1662.0, 1663.0, 1664.0, 1665.0, 1666.0, 1667.0, 1668.0, 1669.0, 1670.0, 1671.0, 1672.0, 1673.0, 1674.0, 1675.0, 1676.0, 1679.0, 1680.0, 1681.0, 1682.0, 1683.0, 1684.0, 1685.0, 1686.0, 1687.0, 1688.0, 1689.0, 1690.0, 1691.0, 1692.0, 1693.0, 1694.0, 1695.0, 1696.0, 1697.0, 1698.0, 1699.0, 1700.0, 1701.0, 1702.0, 1703.0, 1704.0, 1705.0, 1706.0, 1707.0, 1708.0, 1709.0, 1710.0, 1711.0, 1712.0, 1713.0, 1714.0, 1715.0, 1716.0, 1717.0, 1718.0, 1719.0, 1720.0, 1721.0, 1722.0, 1723.0, 1724.0, 1725.0, 1726.0, 1727.0, 1728.0, 1729.0, 1730.0, 1731.0, 1732.0, 1733.0, 1734.0, 1735.0, 1736.0, 1737.0, 1738.0, 1739.0, 1740.0, 1741.0, 1742.0, 1743.0, 1744.0, 1745.0, 1746.0, 1747.0, 1748.0, 1749.0, 1750.0, 1751.0, 1752.0, 1753.0, 1754.0, 1755.0, 1756.0, 1757.0, 1758.0, 1759.0, 1760.0, 1761.0, 1762.0, 1763.0, 1764.0, 1765.0, 1766.0, 1767.0, 1768.0, 1769.0, 1770.0, 1771.0, 1772.0, 1773.0, 1774.0, 1775.0, 1776.0, 1777.0, 1778.0, 1779.0, 1780.0, 1781.0, 1782.0, 1783.0, 1784.0, 1785.0, 1786.0, 1787.0, 1788.0, 1789.0, 1790.0, 1791.0, 1792.0, 1793.0, 1794.0, 1795.0, 1796.0, 1797.0, 1798.0, 1799.0, 1800.0, 1801.0, 1802.0, 1803.0, 1804.0, 1805.0, 1806.0, 1807.0, 1808.0, 1809.0, 1810.0, 1811.0, 1812.0, 1813.0, 1814.0, 1815.0, 1816.0, 1817.0, 1818.0, 1819.0, 1820.0, 1821.0, 1822.0, 1823.0, 1824.0, 1825.0, 1826.0, 1827.0, 1828.0, 1829.0, 1830.0, 1831.0, 1832.0, 1833.0, 1834.0, 1835.0, 1836.0, 1837.0, 1838.0, 1839.0, 1840.0, 1841.0, 1842.0, 1843.0, 1844.0, 1845.0, 1846.0, 1847.0, 1848.0, 1849.0, 1850.0, 1851.0, 1852.0, 1853.0, 1854.0, 1855.0, 1856.0, 1857.0, 1858.0, 1859.0, 1860.0, 1861.0, 1862.0, 1863.0, 1864.0, 1865.0, 1866.0, 1867.0, 1868.0, 1869.0, 1870.0, 1871.0, 1872.0, 1873.0, 1874.0, 1875.0, 1876.0, 1877.0, 1878.0, 1879.0, 1880.0, 1881.0, 1882.0, 1883.0, 1884.0, 1885.0, 1886.0, 1887.0, 1888.0, 1889.0, 1890.0, 1891.0, 1892.0, 1893.0, 1894.0, 1895.0, 1896.0, 1897.0, 1898.0, 1899.0, 1900.0, 1901.0, 1902.0, 1903.0, 1904.0, 1905.0, 1906.0, 1907.0, 1908.0, 1909.0, 1910.0, 1911.0, 1912.0, 1913.0, 1914.0, 1915.0, 1916.0, 1917.0, 1918.0, 1919.0, 1920.0, 1921.0, 1922.0, 1923.0, 1924.0, 1925.0, 1926.0, 1927.0, 1928.0, 1929.0, 1930.0, 1931.0, 1932.0, 1933.0, 1934.0, 1935.0, 1936.0]",0.4850604824856821,37,6,,How representative is the sample of the population that the claim is made about?,Slightly representative,,True
14,100059,4b537e0ed21179a29ed28da28057d338e67330ae12123ccceba6724f35bd68a4,raw_304b537e0ed21179a29ed28da28057d338e67330ae12123ccceba6724f35bd68a4,Covid_article_for_PE_S&S&S.txt,edb1510f-1923-4d6f-a678-95f53d752bea,a723537a-f11a-41dd-bf5b-668cef67a5de,Covid_Evidence2020_03_21,45dce5251bd3ea6e908fa33ac9e6a8e17e6830215912ce1626cf4206e159819c,5,cf5dd87d-bb5c-433d-abbc-d2a532798b73,ordinal,2,0.60828341743559,"[1187.0, 1188.0, 1189.0, 1190.0, 1191.0, 1192.0, 1193.0, 1194.0, 1195.0, 1196.0, 1213.0, 1214.0, 1215.0, 1216.0, 1217.0, 1218.0, 1219.0, 1220.0, 1221.0, 1222.0, 1223.0, 1224.0, 1225.0, 1226.0, 1227.0, 1228.0, 1229.0, 1230.0, 1231.0, 1232.0, 1233.0, 1234.0, 1235.0, 1236.0, 1237.0, 1238.0, 1239.0, 1240.0, 1241.0, 1242.0, 1243.0, 1244.0, 1562.0, 1563.0, 1564.0, 1565.0, 1566.0, 1567.0, 1568.0, 1569.0, 1570.0, 1571.0, 1572.0, 1573.0, 1574.0, 1575.0, 1576.0, 1577.0, 1578.0, 1579.0, 1580.0, 1581.0, 1582.0, 1583.0, 1584.0, 1585.0, 1586.0, 1587.0, 1588.0, 1589.0, 1590.0, 1591.0, 1592.0, 1593.0, 1594.0, 1595.0, 1596.0, 1597.0, 1598.0, 1599.0, 1600.0, 1601.0, 1602.0, 1603.0, 1604.0, 1605.0, 1606.0, 1607.0, 1608.0, 1609.0, 1610.0, 1611.0, 1612.0, 1613.0, 1614.0, 1615.0, 1616.0, 1617.0, 1618.0, 1619.0, 1620.0, 1621.0, 1622.0, 1623.0, 1624.0, 1625.0, 1626.0, 1627.0, 1628.0, 1629.0, 1630.0, 1631.0, 1632.0, 1633.0, 1634.0, 1635.0, 1636.0, 1637.0, 1638.0, 1639.0, 1640.0, 1641.0, 1642.0, 1643.0, 1644.0, 1645.0, 1646.0, 1647.0, 1648.0, 1649.0, 1650.0, 1651.0, 1652.0, 1653.0, 1654.0, 1655.0, 1656.0, 1657.0, 1658.0, 1659.0, 1660.0, 1661.0, 1662.0, 1663.0, 1664.0, 1665.0, 1666.0, 1667.0, 1668.0, 1669.0, 1670.0, 1671.0, 1672.0, 1673.0, 1674.0, 1675.0, 1676.0, 1679.0, 1680.0, 1681.0, 1682.0, 1683.0, 1684.0, 1685.0, 1686.0, 1687.0, 1688.0, 1689.0, 1690.0, 1691.0, 1692.0, 1693.0, 1694.0, 1695.0, 1696.0, 1697.0, 1698.0, 1699.0, 1700.0, 1701.0, 1702.0, 1703.0, 1704.0, 1705.0, 1706.0, 1707.0, 1708.0, 1709.0, 1710.0, 1711.0, 1712.0, 1713.0, 1714.0, 1715.0, 1716.0, 1717.0, 1718.0, 1719.0, 1720.0, 1721.0, 1722.0, 1723.0, 1724.0, 1725.0, 1726.0, 1727.0, 1728.0, 1729.0, 1730.0, 1731.0, 1732.0, 1733.0, 1734.0, 1735.0, 1736.0, 1737.0, 1738.0, 1739.0, 1740.0, 1741.0, 1742.0, 1743.0, 1744.0, 1745.0, 1746.0, 1747.0, 1748.0, 1749.0, 1750.0, 1751.0, 1752.0, 1753.0, 1754.0, 1755.0, 1756.0, 1757.0, 1758.0, 1759.0, 1760.0, 1761.0, 1762.0, 1763.0, 1764.0, 1765.0, 1766.0, 1767.0, 1768.0, 1769.0, 1770.0, 1771.0, 1772.0, 1773.0, 1774.0, 1775.0, 1776.0, 1777.0, 1778.0, 1779.0, 1780.0, 1781.0, 1782.0, 1783.0, 1784.0, 1785.0, 1786.0, 1787.0, 1788.0, 1789.0, 1790.0, 1791.0, 1792.0, 1793.0, 1794.0, 1795.0, 1796.0, 1797.0, 1798.0, 1799.0, 1800.0, 1801.0, 1802.0, 1803.0, 1804.0, 1805.0, 1806.0, 1807.0, 1808.0, 1809.0, 1810.0, 1811.0, 1812.0, 1813.0, 1814.0, 1815.0, 1816.0, 1817.0, 1818.0, 1819.0, 1820.0, 1821.0, 1822.0, 1823.0, 1824.0, 1825.0, 1826.0, 1827.0, 1828.0, 1829.0, 1830.0, 1831.0, 1832.0, 1833.0, 1834.0, 1835.0, 1836.0, 1837.0, 1838.0, 1839.0, 1840.0, 1841.0, 1842.0, 1843.0, 1844.0, 1845.0, 1846.0, 1847.0, 1848.0, 1849.0, 1850.0, 1851.0, 1852.0, 1853.0, 1854.0, 1855.0, 1856.0, 1857.0, 1858.0, 1859.0, 1860.0, 1861.0, 1862.0, 1863.0, 1864.0, 1865.0, 1866.0, 1867.0, 1868.0, 1869.0, 1870.0, 1871.0, 1872.0, 1873.0, 1874.0, 1875.0, 1876.0, 1877.0, 1878.0, 1879.0, 1880.0, 1881.0, 1882.0, 1883.0, 1884.0, 1885.0, 1886.0, 1887.0, 1888.0, 1889.0, 1890.0, 1891.0, 1892.0, 1893.0, 1894.0, 1895.0, 1896.0, 1897.0, 1898.0, 1899.0, 1900.0, 1901.0, 1902.0, 1903.0, 1904.0, 1905.0, 1906.0, 1907.0, 1908.0, 1909.0, 1910.0, 1911.0, 1912.0, 1913.0, 1914.0, 1915.0, 1916.0, 1917.0, 1918.0, 1919.0, 1920.0, 1921.0, 1922.0, 1923.0, 1924.0, 1925.0, 1926.0, 1927.0, 1928.0, 1929.0, 1930.0, 1931.0, 1932.0, 1933.0, 1934.0, 1935.0, 1936.0]",0.60828341743559,22,5,versus non-quarantined individual//break//12 percent of non-quarantined individual//break//,"Was there an adequate control? If so, highlight section.",Questionably appropriate control,,True
15,100059,4b537e0ed21179a29ed28da28057d338e67330ae12123ccceba6724f35bd68a4,raw_304b537e0ed21179a29ed28da28057d338e67330ae12123ccceba6724f35bd68a4,Covid_article_for_PE_S&S&S.txt,edb1510f-1923-4d6f-a678-95f53d752bea,a723537a-f11a-41dd-bf5b-668cef67a5de,Covid_Evidence2020_03_21,45dce5251bd3ea6e908fa33ac9e6a8e17e6830215912ce1626cf4206e159819c,6,338272ec-2199-4b25-9d3b-7a55ad0c37fd,nominal,3,0.5882352941176471,"[1607.0, 1608.0, 1609.0, 1610.0, 1611.0, 1612.0, 1613.0, 1614.0, 1615.0, 1616.0, 1617.0, 1618.0, 1619.0, 1620.0, 1621.0, 1622.0, 1623.0, 1624.0, 1625.0, 1626.0, 1627.0, 1628.0, 1629.0, 1630.0, 1631.0, 1632.0, 1633.0, 1634.0, 1635.0, 1636.0, 1637.0, 1638.0, 1639.0, 1640.0, 1896.0, 1897.0, 1898.0, 1899.0, 1900.0, 1901.0, 1902.0, 1903.0, 1904.0, 1905.0, 1906.0, 1907.0, 1908.0, 1909.0, 1910.0, 1911.0, 1912.0, 1913.0, 1914.0, 1915.0, 1916.0, 1917.0, 1918.0, 1919.0, 1920.0, 1921.0, 1922.0, 1923.0, 1924.0, 1925.0, 1926.0, 1927.0, 1928.0, 1929.0, 1930.0, 1931.0, 1932.0, 1933.0, 1934.0, 1935.0, 1936.0]",0.5882352941176471,17,3,,Was randomized assignment used?,Can't tell; not enough info,,True
16,100059,4b537e0ed21179a29ed28da28057d338e67330ae12123ccceba6724f35bd68a4,raw_304b537e0ed21179a29ed28da28057d338e67330ae12123ccceba6724f35bd68a4,Covid_article_for_PE_S&S&S.txt,edb1510f-1923-4d6f-a678-95f53d752bea,a723537a-f11a-41dd-bf5b-668cef67a5de,Covid_Evidence2020_03_21,45dce5251bd3ea6e908fa33ac9e6a8e17e6830215912ce1626cf4206e159819c,7,XXX,0,0,0.0,[],0.0,0,0,0,What is the best alternative explanation you can think of that could lead to the same set of evidence?,zero,,True
17,100059,4b537e0ed21179a29ed28da28057d338e67330ae12123ccceba6724f35bd68a4,raw_304b537e0ed21179a29ed28da28057d338e67330ae12123ccceba6724f35bd68a4,Covid_article_for_PE_S&S&S.txt,edb1510f-1923-4d6f-a678-95f53d752bea,a723537a-f11a-41dd-bf5b-668cef67a5de,Covid_Evidence2020_03_21,45dce5251bd3ea6e908fa33ac9e6a8e17e6830215912ce1626cf4206e159819c,8,32bf9a23-99db-4331-ab8a-5b73ab849d8f,ordinal,3,0.7476078283839718,[],0.7476078283839718,41,5,,"How likely is your alternative explanation for the same evidence, as compared to the author’s explanation?",Equally likely,,True
18,100059,4b537e0ed21179a29ed28da28057d338e67330ae12123ccceba6724f35bd68a4,raw_304b537e0ed21179a29ed28da28057d338e67330ae12123ccceba6724f35bd68a4,Covid_article_for_PE_S&S&S.txt,edb1510f-1923-4d6f-a678-95f53d752bea,a723537a-f11a-41dd-bf5b-668cef67a5de,Covid_Evidence2020_03_21,45dce5251bd3ea6e908fa33ac9e6a8e17e6830215912ce1626cf4206e159819c,9,ce339f45-14dc-415e-a131-0080183cec70,ordinal,2,0.4951226959465765,"[1679, 1680, 1681, 1682, 1683, 1684, 1685, 1686, 1687, 1688, 1689, 1690, 1691, 1692, 1693, 1694, 1695, 1696, 1697, 1698, 1699, 1700, 1701, 1702, 1703, 1704, 1705, 1706, 1707, 1708, 1709, 1710, 1711, 1712, 1713, 1714, 1715, 1716, 1717, 1718, 1719, 1720, 1721, 1722, 1723, 1724, 1725, 1726, 1727, 1728, 1729, 1730, 1731, 1732, 1733, 1734, 1735, 1736, 1737, 1738, 1739, 1740, 1741, 1742, 1743, 1744, 1745, 1746, 1747, 1748, 1749, 1750, 1751, 1752, 1753, 1754, 1755, 1756, 1757, 1758, 1759, 1760, 1761, 1762, 1763, 1764, 1765, 1766, 1767, 1768, 1769, 1770, 1771, 1772, 1773, 1774, 1775, 1776, 1777, 1778, 1779, 1780, 1781, 1782, 1783, 1784, 1785, 1786, 1787, 1788, 1789, 1790, 1791, 1792, 1793, 1794, 1795, 1796, 1797, 1798, 1799, 1800, 1801, 1802, 1803, 1804, 1805, 1806, 1807, 1808, 1809, 1810, 1811, 1812, 1813, 1814, 1815, 1816, 1817, 1818, 1819, 1820, 1821, 1822, 1823, 1824, 1825, 1826, 1827, 1828, 1829, 1830, 1831, 1832, 1833, 1834, 1835, 1836, 1837, 1838, 1839, 1840, 1841, 1842, 1843, 1844, 1845, 1846, 1847, 1848, 1849, 1850, 1851, 1852, 1853, 1854, 1855, 1856, 1857, 1858, 1859, 1860, 1861, 1862, 1863, 1864, 1865, 1866, 1867, 1868, 1869, 1870, 1871, 1872, 1873, 1874, 1875, 1876, 1877, 1878, 1879, 1880, 1881, 1882, 1883, 1884, 1885, 1886, 1887, 1888, 1889, 1890, 1891, 1892, 1893, 1894, 1895, 1896, 1897, 1898, 1899, 1900, 1901, 1902, 1903, 1904, 1905, 1906, 1907, 1908, 1909, 1910, 1911, 1912, 1913, 1914, 1915, 1916, 1917, 1918, 1919, 1920, 1921, 1922, 1923, 1924, 1925, 1926, 1927, 1928, 1929, 1930, 1931, 1932, 1933, 1934, 1935, 1936]",0.4951226959465765,57,3,"Of 2,760 quarantined people, 34 percent, or 938 individuals, reported high levels of psychological distress, which can indicate mental health problems such as anxiety and depression, during the outbreak compared with 12 percent of non-quarantined individual//break//",Is data presented as evidence for a pattern (e.g. A relationship between two variables)?,Maybe,,True
19,100059,4b537e0ed21179a29ed28da28057d338e67330ae12123ccceba6724f35bd68a4,raw_304b537e0ed21179a29ed28da28057d338e67330ae12123ccceba6724f35bd68a4,Covid_article_for_PE_S&S&S.txt,edb1510f-1923-4d6f-a678-95f53d752bea,a723537a-f11a-41dd-bf5b-668cef67a5de,Covid_Evidence2020_03_21,45dce5251bd3ea6e908fa33ac9e6a8e17e6830215912ce1626cf4206e159819c,10,8887f35b-e3c5-4ef9-b87e-ce3ff1fdbfef,ordinal,3,0.6762216719487011,"[1679.0, 1680.0, 1681.0, 1682.0, 1683.0, 1684.0, 1685.0, 1686.0, 1687.0, 1688.0, 1689.0, 1690.0, 1691.0, 1692.0, 1693.0, 1694.0, 1695.0, 1696.0, 1697.0, 1698.0, 1699.0, 1700.0, 1701.0, 1702.0, 1703.0, 1704.0, 1705.0, 1706.0, 1707.0, 1708.0, 1709.0, 1710.0, 1711.0, 1712.0, 1713.0, 1714.0, 1715.0, 1716.0, 1717.0, 1718.0, 1719.0, 1720.0, 1721.0, 1722.0, 1723.0, 1724.0, 1725.0, 1726.0, 1727.0, 1728.0, 1729.0, 1730.0, 1731.0, 1732.0, 1733.0, 1734.0, 1735.0, 1736.0, 1737.0, 1738.0, 1739.0, 1740.0, 1741.0, 1742.0, 1743.0, 1744.0, 1745.0, 1746.0, 1747.0, 1748.0, 1749.0, 1750.0, 1751.0, 1752.0, 1753.0, 1754.0, 1755.0, 1756.0, 1757.0, 1758.0, 1759.0, 1760.0, 1761.0, 1762.0, 1763.0, 1764.0, 1765.0, 1766.0, 1767.0, 1768.0, 1769.0, 1770.0, 1771.0, 1772.0, 1773.0, 1774.0, 1775.0, 1776.0, 1777.0, 1778.0, 1779.0, 1780.0, 1781.0, 1782.0, 1783.0, 1784.0, 1785.0, 1786.0, 1787.0, 1788.0, 1789.0, 1790.0, 1791.0, 1792.0, 1793.0, 1794.0, 1795.0, 1796.0, 1797.0, 1798.0, 1799.0, 1800.0, 1801.0, 1802.0, 1803.0, 1804.0, 1805.0, 1806.0, 1807.0, 1808.0, 1809.0, 1810.0, 1811.0, 1812.0, 1813.0, 1814.0, 1815.0, 1816.0, 1817.0, 1818.0, 1819.0, 1820.0, 1821.0, 1822.0, 1823.0, 1824.0, 1825.0, 1826.0, 1827.0, 1828.0, 1829.0, 1830.0, 1831.0, 1832.0, 1833.0, 1834.0, 1835.0, 1836.0, 1837.0, 1838.0, 1839.0, 1840.0, 1841.0, 1842.0, 1843.0, 1844.0, 1845.0, 1846.0, 1847.0, 1848.0, 1849.0, 1850.0, 1851.0, 1852.0, 1853.0, 1854.0, 1855.0, 1856.0, 1857.0, 1858.0, 1859.0, 1860.0, 1861.0, 1862.0, 1863.0, 1864.0, 1865.0, 1866.0, 1867.0, 1868.0, 1869.0, 1870.0, 1871.0, 1872.0, 1873.0, 1874.0, 1875.0, 1876.0, 1877.0, 1878.0, 1879.0, 1880.0, 1881.0, 1882.0, 1883.0, 1884.0, 1885.0, 1886.0, 1887.0, 1888.0, 1889.0, 1890.0, 1891.0, 1892.0, 1893.0, 1894.0, 1895.0, 1896.0, 1897.0, 1898.0, 1899.0, 1900.0, 1901.0, 1902.0, 1903.0, 1904.0, 1905.0, 1906.0, 1907.0, 1908.0, 1909.0, 1910.0, 1911.0, 1912.0, 1913.0, 1914.0, 1915.0, 1916.0, 1917.0, 1918.0, 1919.0, 1920.0, 1921.0, 1922.0, 1923.0, 1924.0, 1925.0, 1926.0, 1927.0, 1928.0, 1929.0, 1930.0, 1931.0, 1932.0, 1933.0, 1934.0, 1935.0, 1936.0]",0.6762216719487011,34,5,,"Given the information you have, how likely is it that the apparent pattern is a result of random statistical variation or error (noise)?",Neither Likely nor Unlikely,,True
20,100059,4b537e0ed21179a29ed28da28057d338e67330ae12123ccceba6724f35bd68a4,raw_304b537e0ed21179a29ed28da28057d338e67330ae12123ccceba6724f35bd68a4,Covid_article_for_PE_S&S&S.txt,edb1510f-1923-4d6f-a678-95f53d752bea,a723537a-f11a-41dd-bf5b-668cef67a5de,Covid_Evidence2020_03_21,45dce5251bd3ea6e908fa33ac9e6a8e17e6830215912ce1626cf4206e159819c,11,e7da0f8e-592a-4176-9a96-1352acd29b49,ordinal,3,0.7040806623348013,"[1679.0, 1680.0, 1681.0, 1682.0, 1683.0, 1684.0, 1685.0, 1686.0, 1687.0, 1688.0, 1689.0, 1690.0, 1691.0, 1692.0, 1693.0, 1694.0, 1695.0, 1696.0, 1697.0, 1698.0, 1699.0, 1700.0, 1701.0, 1702.0, 1703.0, 1704.0, 1705.0, 1706.0, 1707.0, 1708.0, 1709.0, 1710.0, 1711.0, 1712.0, 1713.0, 1714.0, 1715.0, 1716.0, 1717.0, 1718.0, 1719.0, 1720.0, 1721.0, 1722.0, 1723.0, 1724.0, 1725.0, 1726.0, 1727.0, 1728.0, 1729.0, 1730.0, 1731.0, 1732.0, 1733.0, 1734.0, 1735.0, 1736.0, 1737.0, 1738.0, 1739.0, 1740.0, 1741.0, 1742.0, 1743.0, 1744.0, 1745.0, 1746.0, 1747.0, 1748.0, 1749.0, 1750.0, 1751.0, 1752.0, 1753.0, 1754.0, 1755.0, 1756.0, 1757.0, 1758.0, 1759.0, 1760.0, 1761.0, 1762.0, 1763.0, 1764.0, 1765.0, 1766.0, 1767.0, 1768.0, 1769.0, 1770.0, 1771.0, 1772.0, 1773.0, 1774.0, 1775.0, 1776.0, 1777.0, 1778.0, 1779.0, 1780.0, 1781.0, 1782.0, 1783.0, 1784.0, 1785.0, 1786.0, 1787.0, 1788.0, 1789.0, 1790.0, 1791.0, 1792.0, 1793.0, 1794.0, 1795.0, 1796.0, 1797.0, 1798.0, 1799.0, 1800.0, 1801.0, 1802.0, 1803.0, 1804.0, 1805.0, 1806.0, 1807.0, 1808.0, 1809.0, 1810.0, 1811.0, 1812.0, 1813.0, 1814.0, 1815.0, 1816.0, 1817.0, 1818.0, 1819.0, 1820.0, 1821.0, 1822.0, 1823.0, 1824.0, 1825.0, 1826.0, 1827.0, 1828.0, 1829.0, 1830.0, 1831.0, 1832.0, 1833.0, 1834.0, 1835.0, 1836.0, 1837.0, 1838.0, 1839.0, 1840.0, 1841.0, 1842.0, 1843.0, 1844.0, 1845.0, 1846.0, 1847.0, 1848.0, 1849.0, 1850.0, 1851.0, 1852.0, 1853.0, 1854.0, 1855.0, 1856.0, 1857.0, 1858.0, 1859.0, 1860.0, 1861.0, 1862.0, 1863.0, 1864.0, 1865.0, 1866.0, 1867.0, 1868.0, 1869.0, 1870.0, 1871.0, 1872.0, 1873.0, 1874.0, 1875.0, 1876.0, 1877.0, 1878.0, 1879.0, 1880.0, 1881.0, 1882.0, 1883.0, 1884.0, 1885.0, 1886.0, 1887.0, 1888.0, 1889.0, 1890.0, 1891.0, 1892.0, 1893.0, 1894.0, 1895.0, 1896.0, 1897.0, 1898.0, 1899.0, 1900.0, 1901.0, 1902.0, 1903.0, 1904.0, 1905.0, 1906.0, 1907.0, 1908.0, 1909.0, 1910.0, 1911.0, 1912.0, 1913.0, 1914.0, 1915.0, 1916.0, 1917.0, 1918.0, 1919.0, 1920.0, 1921.0, 1922.0, 1923.0, 1924.0, 1925.0, 1926.0, 1927.0, 1928.0, 1929.0, 1930.0, 1931.0, 1932.0, 1933.0, 1934.0, 1935.0, 1936.0]",0.7040806623348013,34,5,,"Given the information you have, how likely is it that the apparent pattern is a result of some systematic error (a systematic bias in the study that could not be cancelled out by collecting more data)?",Not Sure,,True
21,100059,4b537e0ed21179a29ed28da28057d338e67330ae12123ccceba6724f35bd68a4,raw_304b537e0ed21179a29ed28da28057d338e67330ae12123ccceba6724f35bd68a4,Covid_article_for_PE_S&S&S.txt,edb1510f-1923-4d6f-a678-95f53d752bea,a723537a-f11a-41dd-bf5b-668cef67a5de,Covid_Evidence2020_03_21,45dce5251bd3ea6e908fa33ac9e6a8e17e6830215912ce1626cf4206e159819c,12,3ab5de46-c20d-468f-bc74-4738378bdc11,ordinal,3,0.6415260458830438,[],0.6415260458830438,57,4,Research on the psychological toll of social distancing during epidemics is limite//break//,Does the author suggest in any way that further evidence might improve our understanding of the topic?,I can't tell,,True
22,100059,4b537e0ed21179a29ed28da28057d338e67330ae12123ccceba6724f35bd68a4,raw_304b537e0ed21179a29ed28da28057d338e67330ae12123ccceba6724f35bd68a4,Covid_article_for_PE_S&S&S.txt,edb1510f-1923-4d6f-a678-95f53d752bea,a723537a-f11a-41dd-bf5b-668cef67a5de,Covid_Evidence2020_03_21,45dce5251bd3ea6e908fa33ac9e6a8e17e6830215912ce1626cf4206e159819c,13,73d8f381-e2b9-41fd-ac96-e17752b6c26a,ordinal,5,0.8407509772998426,[],0.8407509772998426,57,10,,"How difficult was this task for you, on the whole?",5: Middling difficulty,,True
23,100059,4b537e0ed21179a29ed28da28057d338e67330ae12123ccceba6724f35bd68a4,raw_304b537e0ed21179a29ed28da28057d338e67330ae12123ccceba6724f35bd68a4,Covid_article_for_PE_S&S&S.txt,edb1510f-1923-4d6f-a678-95f53d752bea,a723537a-f11a-41dd-bf5b-668cef67a5de,Covid_Evidence2020_03_21,45dce5251bd3ea6e908fa33ac9e6a8e17e6830215912ce1626cf4206e159819c,14,d5cfa621-a240-4ac2-b702-13d7117a947a,ordinal,7,0.7865710404403403,[],0.7865710404403403,57,10,,"How confident are you about your answers, on the whole?",7,,True
