,Unnamed: 0,article_batch_name,article_number,article_filename,article_sha256,article_text_length,tua_group_uuid,tua_group_name,tua_batch_uuid,tua_batch_name,tua_batch_final,source_task_uuid,tua_uuid,namespace,topic_name,case_number,answer_uuid,extra,highlight_count,start_pos,end_pos,target_text,question_Number,agreed_Answer,schema_sha256,agreement_score,highlighted_indices,alpha_unitizing_score,prereq_passed
5,5,CovidArticles/Covid_article_for_PE_S&S&S.txt,100059,Covid_article_for_PE_S&S&S.txt,4b537e0ed21179a29ed28da28057d338e67330ae12123ccceba6724f35bd68a4,6794,496f1cfe-cc73-45fe-bc74-d23a8668713f,Covid_Probabilityv1.IAA,a5ffc8dc-2dd1-4fd9-a29a-c4cd4bf62da9,tua_csv/2020/06/Adj_S_IAA_Covid_Probabilityv1-Task-2230-DataHunt.csv.gz,True,d9e04b73-3735-4ca0-8b96-069964a226e5,b7a0c4ee-d46d-4e8c-8be0-cd55d6cc69cb,Covid_Probability,93f9e87c,0,93f9e87c-fc74-48b2-9f74-523a705c0f2d,"{""answer_text_list"": [""No""]}",0,0,0,,1,3,d5f24573a7077ee3ebb203ca64f955a8c5d5a6c6b25aa65e1bfa6fa71d1311f2,1.0,[0],,True
0,0,CovidArticles/Covid_article_for_PE_S&S&S.txt,100059,Covid_article_for_PE_S&S&S.txt,4b537e0ed21179a29ed28da28057d338e67330ae12123ccceba6724f35bd68a4,6794,496f1cfe-cc73-45fe-bc74-d23a8668713f,Covid_Probabilityv1.IAA,a5ffc8dc-2dd1-4fd9-a29a-c4cd4bf62da9,tua_csv/2020/06/Adj_S_IAA_Covid_Probabilityv1-Task-2230-DataHunt.csv.gz,True,d9e04b73-3735-4ca0-8b96-069964a226e5,b7a0c4ee-d46d-4e8c-8be0-cd55d6cc69cb,Covid_Probability,197d9ebe,0,197d9ebe-9a23-43a6-ab46-ff4f0aae75cf,"{""answer_text_list"": [""Yes, implicitly"", ""Yes, implicitly"", ""Yes, implicitly""]}",3,343,348,could,5,2,d5f24573a7077ee3ebb203ca64f955a8c5d5a6c6b25aa65e1bfa6fa71d1311f2,0.707518749639422,"[343, 344, 345, 346, 347, 348]",,True
1,1,CovidArticles/Covid_article_for_PE_S&S&S.txt,100059,Covid_article_for_PE_S&S&S.txt,4b537e0ed21179a29ed28da28057d338e67330ae12123ccceba6724f35bd68a4,6794,496f1cfe-cc73-45fe-bc74-d23a8668713f,Covid_Probabilityv1.IAA,a5ffc8dc-2dd1-4fd9-a29a-c4cd4bf62da9,tua_csv/2020/06/Adj_S_IAA_Covid_Probabilityv1-Task-2230-DataHunt.csv.gz,True,d9e04b73-3735-4ca0-8b96-069964a226e5,b7a0c4ee-d46d-4e8c-8be0-cd55d6cc69cb,Covid_Probability,197d9ebe,0,197d9ebe-9a23-43a6-ab46-ff4f0aae75cf,"{""answer_text_list"": [""Yes, implicitly"", ""Yes, implicitly"", ""Yes, implicitly""]}",3,698,724,"can stop, or at least slow",5,2,d5f24573a7077ee3ebb203ca64f955a8c5d5a6c6b25aa65e1bfa6fa71d1311f2,0.707518749639422,"[698, 699, 700, 701, 702, 703, 704, 705, 706, 707, 708, 709, 710, 711, 712, 713, 714, 715, 716, 717, 718, 719, 720, 721, 722, 723, 724]",,True
2,2,CovidArticles/Covid_article_for_PE_S&S&S.txt,100059,Covid_article_for_PE_S&S&S.txt,4b537e0ed21179a29ed28da28057d338e67330ae12123ccceba6724f35bd68a4,6794,496f1cfe-cc73-45fe-bc74-d23a8668713f,Covid_Probabilityv1.IAA,a5ffc8dc-2dd1-4fd9-a29a-c4cd4bf62da9,tua_csv/2020/06/Adj_S_IAA_Covid_Probabilityv1-Task-2230-DataHunt.csv.gz,True,d9e04b73-3735-4ca0-8b96-069964a226e5,b7a0c4ee-d46d-4e8c-8be0-cd55d6cc69cb,Covid_Probability,197d9ebe,0,197d9ebe-9a23-43a6-ab46-ff4f0aae75cf,"{""answer_text_list"": [""Yes, implicitly"", ""Yes, implicitly"", ""Yes, implicitly""]}",3,6478,6486,suggests,5,2,d5f24573a7077ee3ebb203ca64f955a8c5d5a6c6b25aa65e1bfa6fa71d1311f2,0.707518749639422,"[6478, 6479, 6480, 6481, 6482, 6483, 6484, 6485, 6486]",,True
6,6,CovidArticles/Covid_article_for_PE_S&S&S.txt,100059,Covid_article_for_PE_S&S&S.txt,4b537e0ed21179a29ed28da28057d338e67330ae12123ccceba6724f35bd68a4,6794,496f1cfe-cc73-45fe-bc74-d23a8668713f,Covid_Probabilityv1.IAA,a5ffc8dc-2dd1-4fd9-a29a-c4cd4bf62da9,tua_csv/2020/06/Adj_S_IAA_Covid_Probabilityv1-Task-2230-DataHunt.csv.gz,True,d9e04b73-3735-4ca0-8b96-069964a226e5,b7a0c4ee-d46d-4e8c-8be0-cd55d6cc69cb,Covid_Probability,9641a3b1,0,9641a3b1-9b19-46f9-b1f7-80b79bf5d6a1,"{""answer_text_list"": [""No""]}",0,0,0,,6,1,d5f24573a7077ee3ebb203ca64f955a8c5d5a6c6b25aa65e1bfa6fa71d1311f2,1.0,[0],,True
3,3,CovidArticles/Covid_article_for_PE_S&S&S.txt,100059,Covid_article_for_PE_S&S&S.txt,4b537e0ed21179a29ed28da28057d338e67330ae12123ccceba6724f35bd68a4,6794,496f1cfe-cc73-45fe-bc74-d23a8668713f,Covid_Probabilityv1.IAA,a5ffc8dc-2dd1-4fd9-a29a-c4cd4bf62da9,tua_csv/2020/06/Adj_S_IAA_Covid_Probabilityv1-Task-2230-DataHunt.csv.gz,True,d9e04b73-3735-4ca0-8b96-069964a226e5,b7a0c4ee-d46d-4e8c-8be0-cd55d6cc69cb,Covid_Probability,80a9713a,0,80a9713a-14d3-47ed-9b92-f90853e73f60,"{""answer_text_list"": [""I can't tell"", ""I can't tell""]}",2,331,387,those costs could go up the longer such measures drag on,11,3,d5f24573a7077ee3ebb203ca64f955a8c5d5a6c6b25aa65e1bfa6fa71d1311f2,0.792481250360578,"[331, 332, 333, 334, 335, 336, 337, 338, 339, 340, 341, 342, 343, 344, 345, 346, 347, 348, 349, 350, 351, 352, 353, 354, 355, 356, 357, 358, 359, 360, 361, 362, 363, 364, 365, 366, 367, 368, 369, 370, 371, 372, 373, 374, 375, 376, 377, 378, 379, 380, 381, 382, 383, 384, 385, 386, 387]",,True
4,4,CovidArticles/Covid_article_for_PE_S&S&S.txt,100059,Covid_article_for_PE_S&S&S.txt,4b537e0ed21179a29ed28da28057d338e67330ae12123ccceba6724f35bd68a4,6794,496f1cfe-cc73-45fe-bc74-d23a8668713f,Covid_Probabilityv1.IAA,a5ffc8dc-2dd1-4fd9-a29a-c4cd4bf62da9,tua_csv/2020/06/Adj_S_IAA_Covid_Probabilityv1-Task-2230-DataHunt.csv.gz,True,d9e04b73-3735-4ca0-8b96-069964a226e5,b7a0c4ee-d46d-4e8c-8be0-cd55d6cc69cb,Covid_Probability,80a9713a,0,80a9713a-14d3-47ed-9b92-f90853e73f60,"{""answer_text_list"": [""I can't tell"", ""I can't tell""]}",2,675,724,"Such social distancing\xa0can stop, or at least slow",11,3,d5f24573a7077ee3ebb203ca64f955a8c5d5a6c6b25aa65e1bfa6fa71d1311f2,0.792481250360578,"[675, 676, 677, 678, 679, 680, 681, 682, 683, 684, 685, 686, 687, 688, 689, 690, 691, 692, 693, 694, 695, 696, 697, 698, 699, 700, 701, 702, 703, 704, 705, 706, 707, 708, 709, 710, 711, 712, 713, 714, 715, 716, 717, 718, 719, 720, 721, 722, 723, 724]",,True
7,7,CovidArticles/Covid_article_for_PE_S&S&S.txt,100059,Covid_article_for_PE_S&S&S.txt,4b537e0ed21179a29ed28da28057d338e67330ae12123ccceba6724f35bd68a4,6794,496f1cfe-cc73-45fe-bc74-d23a8668713f,Covid_Probabilityv1.IAA,a5ffc8dc-2dd1-4fd9-a29a-c4cd4bf62da9,tua_csv/2020/06/Adj_S_IAA_Covid_Probabilityv1-Task-2230-DataHunt.csv.gz,True,d9e04b73-3735-4ca0-8b96-069964a226e5,b7a0c4ee-d46d-4e8c-8be0-cd55d6cc69cb,Covid_Probability,996f482d,0,996f482d-49c8-430d-a9a3-5c952b217e5f,"{""answer_text_list"": [""5: Middling difficulty""]}",0,0,0,,13,5,d5f24573a7077ee3ebb203ca64f955a8c5d5a6c6b25aa65e1bfa6fa71d1311f2,0.8,[0],,True
8,8,CovidArticles/Covid_article_for_PE_S&S&S.txt,100059,Covid_article_for_PE_S&S&S.txt,4b537e0ed21179a29ed28da28057d338e67330ae12123ccceba6724f35bd68a4,6794,496f1cfe-cc73-45fe-bc74-d23a8668713f,Covid_Probabilityv1.IAA,a5ffc8dc-2dd1-4fd9-a29a-c4cd4bf62da9,tua_csv/2020/06/Adj_S_IAA_Covid_Probabilityv1-Task-2230-DataHunt.csv.gz,True,d9e04b73-3735-4ca0-8b96-069964a226e5,b7a0c4ee-d46d-4e8c-8be0-cd55d6cc69cb,Covid_Probability,c04f38f7,0,c04f38f7-3862-4636-b397-ab2ebe6c0d25,"{""answer_text_list"": [""3""]}",0,0,0,,14,3,d5f24573a7077ee3ebb203ca64f955a8c5d5a6c6b25aa65e1bfa6fa71d1311f2,0.8,[0],,True
