,Unnamed: 0,article_batch_name,article_number,article_filename,article_sha256,article_text_length,tua_group_uuid,tua_group_name,tua_batch_uuid,tua_batch_name,tua_batch_final,source_task_uuid,tua_uuid,namespace,topic_name,case_number,answer_uuid,extra,highlight_count,start_pos,end_pos,target_text,question_Number,agreed_Answer,schema_sha256,agreement_score,highlighted_indices,alpha_unitizing_score,prereq_passed
0,0,CovidArticles/Covid_article_for_PE_S&S&S.txt,100059,Covid_article_for_PE_S&S&S.txt,4b537e0ed21179a29ed28da28057d338e67330ae12123ccceba6724f35bd68a4,6794,2b262877-737c-4b08-957b-409e1a32dbd8,Covid_Holisiticv1.2.adjudicated,1831414c-0114-4c6c-b676-19d3fdd194ab,Adjudicator Nick Adams QUIZ source task 2237 article number 100059 project 200,True,a0398b30-583f-4809-9f4c-1dd499e79205,,Covid_Holisticv1.2,01.01.01,0,5aff36a3-f8c5-4e24-b28f-6b1bc7527694,"{""answer_text"": ""News report""}",0,0,0,,1,1,81f0137d4cfd132ce9019c58308d2675c4de86bac1dcadbf309af97c97d7cabe,0.8,[0],,True
1,1,CovidArticles/Covid_article_for_PE_S&S&S.txt,100059,Covid_article_for_PE_S&S&S.txt,4b537e0ed21179a29ed28da28057d338e67330ae12123ccceba6724f35bd68a4,6794,2b262877-737c-4b08-957b-409e1a32dbd8,Covid_Holisiticv1.2.adjudicated,1831414c-0114-4c6c-b676-19d3fdd194ab,Adjudicator Nick Adams QUIZ source task 2237 article number 100059 project 200,True,a0398b30-583f-4809-9f4c-1dd499e79205,,Covid_Holisticv1.2,01.03.02,0,b289907b-e23e-47f0-814e-068098e555b5,"{""answer_text"": ""World Events""}",0,0,0,,3,2,81f0137d4cfd132ce9019c58308d2675c4de86bac1dcadbf309af97c97d7cabe,0.8,[0],,True
2,2,CovidArticles/Covid_article_for_PE_S&S&S.txt,100059,Covid_article_for_PE_S&S&S.txt,4b537e0ed21179a29ed28da28057d338e67330ae12123ccceba6724f35bd68a4,6794,2b262877-737c-4b08-957b-409e1a32dbd8,Covid_Holisiticv1.2.adjudicated,1831414c-0114-4c6c-b676-19d3fdd194ab,Adjudicator Nick Adams QUIZ source task 2237 article number 100059 project 200,True,a0398b30-583f-4809-9f4c-1dd499e79205,,Covid_Holisticv1.2,01.03.04,0,4d5ac563-1ee0-4fb0-a6f9-7b397583c91d,"{""answer_text"": ""Science""}",0,0,0,,3,4,81f0137d4cfd132ce9019c58308d2675c4de86bac1dcadbf309af97c97d7cabe,0.8,[0],,True
3,3,CovidArticles/Covid_article_for_PE_S&S&S.txt,100059,Covid_article_for_PE_S&S&S.txt,4b537e0ed21179a29ed28da28057d338e67330ae12123ccceba6724f35bd68a4,6794,2b262877-737c-4b08-957b-409e1a32dbd8,Covid_Holisiticv1.2.adjudicated,1831414c-0114-4c6c-b676-19d3fdd194ab,Adjudicator Nick Adams QUIZ source task 2237 article number 100059 project 200,True,a0398b30-583f-4809-9f4c-1dd499e79205,,Covid_Holisticv1.2,01.03.05,0,81470c96-ba06-44b1-b70e-10eeaea4093b,"{""answer_text"": ""Health""}",0,0,0,,3,5,81f0137d4cfd132ce9019c58308d2675c4de86bac1dcadbf309af97c97d7cabe,0.8,[0],,True
4,4,CovidArticles/Covid_article_for_PE_S&S&S.txt,100059,Covid_article_for_PE_S&S&S.txt,4b537e0ed21179a29ed28da28057d338e67330ae12123ccceba6724f35bd68a4,6794,2b262877-737c-4b08-957b-409e1a32dbd8,Covid_Holisiticv1.2.adjudicated,1831414c-0114-4c6c-b676-19d3fdd194ab,Adjudicator Nick Adams QUIZ source task 2237 article number 100059 project 200,True,a0398b30-583f-4809-9f4c-1dd499e79205,,Covid_Holisticv1.2,01.05.02,0,bb46e280-15ad-4429-b29e-714e8577bf55,"{""answer_text"": ""Somewhat Agree""}",0,0,0,,5,2,81f0137d4cfd132ce9019c58308d2675c4de86bac1dcadbf309af97c97d7cabe,0.8,[0],,True
5,5,CovidArticles/Covid_article_for_PE_S&S&S.txt,100059,Covid_article_for_PE_S&S&S.txt,4b537e0ed21179a29ed28da28057d338e67330ae12123ccceba6724f35bd68a4,6794,2b262877-737c-4b08-957b-409e1a32dbd8,Covid_Holisiticv1.2.adjudicated,1831414c-0114-4c6c-b676-19d3fdd194ab,Adjudicator Nick Adams QUIZ source task 2237 article number 100059 project 200,True,a0398b30-583f-4809-9f4c-1dd499e79205,,Covid_Holisticv1.2,01.06.01,0,7777bc23-3ddb-407f-b3cb-509cadc136ba,"{""answer_text"": ""Arguments""}",0,0,0,,6,1,81f0137d4cfd132ce9019c58308d2675c4de86bac1dcadbf309af97c97d7cabe,0.8,[0],,True
6,6,CovidArticles/Covid_article_for_PE_S&S&S.txt,100059,Covid_article_for_PE_S&S&S.txt,4b537e0ed21179a29ed28da28057d338e67330ae12123ccceba6724f35bd68a4,6794,2b262877-737c-4b08-957b-409e1a32dbd8,Covid_Holisiticv1.2.adjudicated,1831414c-0114-4c6c-b676-19d3fdd194ab,Adjudicator Nick Adams QUIZ source task 2237 article number 100059 project 200,True,a0398b30-583f-4809-9f4c-1dd499e79205,,Covid_Holisticv1.2,01.06.02,0,345578b2-f548-4542-bba9-dab2eadafe27,"{""answer_text"": ""Proposed explanation(s)""}",0,0,0,,6,2,81f0137d4cfd132ce9019c58308d2675c4de86bac1dcadbf309af97c97d7cabe,0.8,[0],,True
7,7,CovidArticles/Covid_article_for_PE_S&S&S.txt,100059,Covid_article_for_PE_S&S&S.txt,4b537e0ed21179a29ed28da28057d338e67330ae12123ccceba6724f35bd68a4,6794,2b262877-737c-4b08-957b-409e1a32dbd8,Covid_Holisiticv1.2.adjudicated,1831414c-0114-4c6c-b676-19d3fdd194ab,Adjudicator Nick Adams QUIZ source task 2237 article number 100059 project 200,True,a0398b30-583f-4809-9f4c-1dd499e79205,,Covid_Holisticv1.2,01.06.05,0,0f15553b-95da-4eec-84f7-6809f5205ff2,"{""answer_text"": ""Scientific study or discovery""}",0,0,0,,6,5,81f0137d4cfd132ce9019c58308d2675c4de86bac1dcadbf309af97c97d7cabe,0.8,[0],,True
8,8,CovidArticles/Covid_article_for_PE_S&S&S.txt,100059,Covid_article_for_PE_S&S&S.txt,4b537e0ed21179a29ed28da28057d338e67330ae12123ccceba6724f35bd68a4,6794,2b262877-737c-4b08-957b-409e1a32dbd8,Covid_Holisiticv1.2.adjudicated,1831414c-0114-4c6c-b676-19d3fdd194ab,Adjudicator Nick Adams QUIZ source task 2237 article number 100059 project 200,True,a0398b30-583f-4809-9f4c-1dd499e79205,,Covid_Holisticv1.2,01.07.02,0,bf9fadc4-259c-400e-acd4-55d1ad65fe3f,"{""answer_text"": ""Fairly credible""}",0,0,0,,7,2,81f0137d4cfd132ce9019c58308d2675c4de86bac1dcadbf309af97c97d7cabe,0.8,[0],,True
9,9,CovidArticles/Covid_article_for_PE_S&S&S.txt,100059,Covid_article_for_PE_S&S&S.txt,4b537e0ed21179a29ed28da28057d338e67330ae12123ccceba6724f35bd68a4,6794,2b262877-737c-4b08-957b-409e1a32dbd8,Covid_Holisiticv1.2.adjudicated,1831414c-0114-4c6c-b676-19d3fdd194ab,Adjudicator Nick Adams QUIZ source task 2237 article number 100059 project 200,True,a0398b30-583f-4809-9f4c-1dd499e79205,,Covid_Holisticv1.2,01.08.04,0,5a8ae4eb-c2df-4e58-b0c8-cd2d07204c11,"{""answer_text"": ""Mildly biased""}",0,0,0,,8,4,81f0137d4cfd132ce9019c58308d2675c4de86bac1dcadbf309af97c97d7cabe,0.8,[0],,True
10,10,CovidArticles/Covid_article_for_PE_S&S&S.txt,100059,Covid_article_for_PE_S&S&S.txt,4b537e0ed21179a29ed28da28057d338e67330ae12123ccceba6724f35bd68a4,6794,2b262877-737c-4b08-957b-409e1a32dbd8,Covid_Holisiticv1.2.adjudicated,1831414c-0114-4c6c-b676-19d3fdd194ab,Adjudicator Nick Adams QUIZ source task 2237 article number 100059 project 200,True,a0398b30-583f-4809-9f4c-1dd499e79205,,Covid_Holisticv1.2,01.09.09,0,787942e7-d565-4881-a077-c6784df39f91,"{""answer_text"": ""Other""}",0,0,0,,9,9,81f0137d4cfd132ce9019c58308d2675c4de86bac1dcadbf309af97c97d7cabe,0.8,[],,True
11,11,CovidArticles/Covid_article_for_PE_S&S&S.txt,100059,Covid_article_for_PE_S&S&S.txt,4b537e0ed21179a29ed28da28057d338e67330ae12123ccceba6724f35bd68a4,6794,2b262877-737c-4b08-957b-409e1a32dbd8,Covid_Holisiticv1.2.adjudicated,1831414c-0114-4c6c-b676-19d3fdd194ab,Adjudicator Nick Adams QUIZ source task 2237 article number 100059 project 200,True,a0398b30-583f-4809-9f4c-1dd499e79205,,Covid_Holisticv1.2,01.10.03,0,47b62850-79c3-413e-967b-4e6ae25d0add,"{""answer_text"": ""Evaluation/analysis of a recent or ongoing event""}",0,0,0,,10,3,81f0137d4cfd132ce9019c58308d2675c4de86bac1dcadbf309af97c97d7cabe,0.8,[0],,True
12,12,CovidArticles/Covid_article_for_PE_S&S&S.txt,100059,Covid_article_for_PE_S&S&S.txt,4b537e0ed21179a29ed28da28057d338e67330ae12123ccceba6724f35bd68a4,6794,2b262877-737c-4b08-957b-409e1a32dbd8,Covid_Holisiticv1.2.adjudicated,1831414c-0114-4c6c-b676-19d3fdd194ab,Adjudicator Nick Adams QUIZ source task 2237 article number 100059 project 200,True,a0398b30-583f-4809-9f4c-1dd499e79205,,Covid_Holisticv1.2,01.10.04,0,8ce854d0-0704-45a1-9dfd-3ea211ee73f2,"{""answer_text"": ""Proposed explanation of a phenomenon or event""}",0,0,0,,10,4,81f0137d4cfd132ce9019c58308d2675c4de86bac1dcadbf309af97c97d7cabe,0.8,[0],,True
13,13,CovidArticles/Covid_article_for_PE_S&S&S.txt,100059,Covid_article_for_PE_S&S&S.txt,4b537e0ed21179a29ed28da28057d338e67330ae12123ccceba6724f35bd68a4,6794,2b262877-737c-4b08-957b-409e1a32dbd8,Covid_Holisiticv1.2.adjudicated,1831414c-0114-4c6c-b676-19d3fdd194ab,Adjudicator Nick Adams QUIZ source task 2237 article number 100059 project 200,True,a0398b30-583f-4809-9f4c-1dd499e79205,,Covid_Holisticv1.2,01.11.01,0,2b407292-869f-4835-a008-ed202bb49d5f,"{""answer_text"": ""Yes, without exaggeration (no clickbait)""}",0,0,0,,11,1,81f0137d4cfd132ce9019c58308d2675c4de86bac1dcadbf309af97c97d7cabe,0.8,[0],,True
14,14,CovidArticles/Covid_article_for_PE_S&S&S.txt,100059,Covid_article_for_PE_S&S&S.txt,4b537e0ed21179a29ed28da28057d338e67330ae12123ccceba6724f35bd68a4,6794,2b262877-737c-4b08-957b-409e1a32dbd8,Covid_Holisiticv1.2.adjudicated,1831414c-0114-4c6c-b676-19d3fdd194ab,Adjudicator Nick Adams QUIZ source task 2237 article number 100059 project 200,True,a0398b30-583f-4809-9f4c-1dd499e79205,,Covid_Holisticv1.2,01.12.05,0,1ccec24c-b736-4fff-909f-3ef86ca193ab,"{""answer_text"": ""Not at all""}",0,0,0,,12,5,81f0137d4cfd132ce9019c58308d2675c4de86bac1dcadbf309af97c97d7cabe,0.8,[0],,True
15,15,CovidArticles/Covid_article_for_PE_S&S&S.txt,100059,Covid_article_for_PE_S&S&S.txt,4b537e0ed21179a29ed28da28057d338e67330ae12123ccceba6724f35bd68a4,6794,2b262877-737c-4b08-957b-409e1a32dbd8,Covid_Holisiticv1.2.adjudicated,1831414c-0114-4c6c-b676-19d3fdd194ab,Adjudicator Nick Adams QUIZ source task 2237 article number 100059 project 200,True,a0398b30-583f-4809-9f4c-1dd499e79205,,Covid_Holisticv1.2,01.13.02,0,458acc8d-8d50-43bb-a25e-5426efaaff76,"{""answer_text"": ""Somewhat Likely""}",0,0,0,,13,2,81f0137d4cfd132ce9019c58308d2675c4de86bac1dcadbf309af97c97d7cabe,0.8,[0],,True
16,16,CovidArticles/Covid_article_for_PE_S&S&S.txt,100059,Covid_article_for_PE_S&S&S.txt,4b537e0ed21179a29ed28da28057d338e67330ae12123ccceba6724f35bd68a4,6794,2b262877-737c-4b08-957b-409e1a32dbd8,Covid_Holisiticv1.2.adjudicated,1831414c-0114-4c6c-b676-19d3fdd194ab,Adjudicator Nick Adams QUIZ source task 2237 article number 100059 project 200,True,a0398b30-583f-4809-9f4c-1dd499e79205,,Covid_Holisticv1.2,01.14.01,0,f4a0fed1-ecde-46e0-b517-8b31f99e15e5,"{""answer_text"": ""No""}",0,0,0,,14,1,81f0137d4cfd132ce9019c58308d2675c4de86bac1dcadbf309af97c97d7cabe,0.8,[0],,True
17,17,CovidArticles/Covid_article_for_PE_S&S&S.txt,100059,Covid_article_for_PE_S&S&S.txt,4b537e0ed21179a29ed28da28057d338e67330ae12123ccceba6724f35bd68a4,6794,2b262877-737c-4b08-957b-409e1a32dbd8,Covid_Holisiticv1.2.adjudicated,1831414c-0114-4c6c-b676-19d3fdd194ab,Adjudicator Nick Adams QUIZ source task 2237 article number 100059 project 200,True,a0398b30-583f-4809-9f4c-1dd499e79205,,Covid_Holisticv1.2,01.15.04,1,712346c8-03b3-46e8-98a8-3792a8b33954,"{""answer_text"": ""Other""}",1,2674,2681,College,15,4,81f0137d4cfd132ce9019c58308d2675c4de86bac1dcadbf309af97c97d7cabe,0.8,"[2674, 2675, 2676, 2677, 2678, 2679, 2680, 2681]",,True
18,18,CovidArticles/Covid_article_for_PE_S&S&S.txt,100059,Covid_article_for_PE_S&S&S.txt,4b537e0ed21179a29ed28da28057d338e67330ae12123ccceba6724f35bd68a4,6794,2b262877-737c-4b08-957b-409e1a32dbd8,Covid_Holisiticv1.2.adjudicated,1831414c-0114-4c6c-b676-19d3fdd194ab,Adjudicator Nick Adams QUIZ source task 2237 article number 100059 project 200,True,a0398b30-583f-4809-9f4c-1dd499e79205,,Covid_Holisticv1.2,01.16.01,0,4c273b48-88ce-4c78-bc3c-d03c2a0f21fd,"{""answer_text"": "".""}",0,0,0,,16,1,81f0137d4cfd132ce9019c58308d2675c4de86bac1dcadbf309af97c97d7cabe,0.8,"[2674.0, 2675.0, 2676.0, 2677.0, 2678.0, 2679.0, 2680.0, 2681.0]",,True
19,19,CovidArticles/Covid_article_for_PE_S&S&S.txt,100059,Covid_article_for_PE_S&S&S.txt,4b537e0ed21179a29ed28da28057d338e67330ae12123ccceba6724f35bd68a4,6794,2b262877-737c-4b08-957b-409e1a32dbd8,Covid_Holisiticv1.2.adjudicated,1831414c-0114-4c6c-b676-19d3fdd194ab,Adjudicator Nick Adams QUIZ source task 2237 article number 100059 project 200,True,a0398b30-583f-4809-9f4c-1dd499e79205,,Covid_Holisticv1.2,01.17.05,0,e4c0690b-25bb-467a-9710-46c6db00a976,"{""answer_text"": ""5: Middling difficulty""}",0,0,0,,17,5,81f0137d4cfd132ce9019c58308d2675c4de86bac1dcadbf309af97c97d7cabe,0.8,[0],,True
20,20,CovidArticles/Covid_article_for_PE_S&S&S.txt,100059,Covid_article_for_PE_S&S&S.txt,4b537e0ed21179a29ed28da28057d338e67330ae12123ccceba6724f35bd68a4,6794,2b262877-737c-4b08-957b-409e1a32dbd8,Covid_Holisiticv1.2.adjudicated,1831414c-0114-4c6c-b676-19d3fdd194ab,Adjudicator Nick Adams QUIZ source task 2237 article number 100059 project 200,True,a0398b30-583f-4809-9f4c-1dd499e79205,,Covid_Holisticv1.2,01.18.05,0,c3d56480-0660-46c4-8efa-c949057b8d77,"{""answer_text"": ""5: 50-50""}",0,0,0,,18,5,81f0137d4cfd132ce9019c58308d2675c4de86bac1dcadbf309af97c97d7cabe,0.8,[0],,True
