,Schema,Question_Number,Question_Number_V2,Question_Type,Answer_Number,Point_Recommendation,Label,Key Question,answer_uuid_x,Unnamed: 0,article_num,article_sha256,article_id,article_filename,source_task_uuid,tua_uuid,namespace,schema_sha256,answer_uuid_y,question_type,coding_perc_agreement,highlighted_indices,agreement_score,num_users,num_answer_choices,target_text,question_text,answer_text,answer_content,prereq_passed,agreement_adjusted_points,schema
0,Language,2.0,,ordinal,4.0,-1.0,Metaphor unhelpful,,,13,100059,4b537e0ed21179a29ed28da28057d338e67330ae12123ccceba6724f35bd68a4,raw_304b537e0ed21179a29ed28da28057d338e67330ae12123ccceba6724f35bd68a4,Covid_article_for_PE_S&S&S.txt,8986cc06-74a4-4160-ad7e-b4296a9b293b,45154389-98f0-477b-b636-9541de8d11e2,Covid_Languagev1.1,a6eca3a8c143a31e7b37337f744912e6d33c5b2f49cd29570daee3cfdb9a017c,de0fd3bb-5b55-41b7-81a4-f0daad69ba69,ordinal,0.713213089364642,"[6668.0, 6669.0, 6670.0, 6671.0, 6672.0, 6673.0, 6674.0, 6675.0, 6676.0, 6677.0, 6678.0, 6679.0, 6680.0, 6681.0, 6682.0, 6683.0, 6684.0, 6685.0, 6686.0, 6687.0, 6688.0, 6689.0, 6690.0, 6691.0, 6692.0, 6693.0, 6694.0, 6695.0, 6696.0, 6697.0, 6698.0, 6699.0, 6700.0, 6701.0, 6702.0, 6703.0, 6704.0, 6705.0, 6706.0, 6707.0, 6708.0, 6709.0, 6710.0, 6711.0, 6712.0, 6713.0]",0.713213089364642,3,5,,"The use of metaphorical language (e.g., metaphors of war, disease, infection, invasion, alien, decay, etc) is....",MILDLY excessive/inappropriate,,True,-0.713213089364642,Language
1,Language,9.0,,ordinal,5.0,0.0,Inappropriate slang,,,14,100059,4b537e0ed21179a29ed28da28057d338e67330ae12123ccceba6724f35bd68a4,raw_304b537e0ed21179a29ed28da28057d338e67330ae12123ccceba6724f35bd68a4,Covid_article_for_PE_S&S&S.txt,8986cc06-74a4-4160-ad7e-b4296a9b293b,45154389-98f0-477b-b636-9541de8d11e2,Covid_Languagev1.1,a6eca3a8c143a31e7b37337f744912e6d33c5b2f49cd29570daee3cfdb9a017c,dc0eb26e-7eb9-4ac0-b806-74a346deb6cc,ordinal,1.0,"[380.0, 381.0, 382.0, 383.0, 384.0, 385.0, 386.0, 6678.0, 6679.0, 6680.0, 6681.0, 6682.0, 6683.0, 6684.0, 6685.0, 6686.0, 6687.0, 6688.0, 6689.0, 6690.0, 6691.0, 6692.0, 6693.0, 6694.0, 6695.0, 6696.0, 6697.0]",1.0,3,5,,How appropriate is the slang?,Completely appropriate,,True,0.0,Language
2,Language,10.0,,ordinal,4.0,-0.25,Denigration,,,15,100059,4b537e0ed21179a29ed28da28057d338e67330ae12123ccceba6724f35bd68a4,raw_304b537e0ed21179a29ed28da28057d338e67330ae12123ccceba6724f35bd68a4,Covid_article_for_PE_S&S&S.txt,8986cc06-74a4-4160-ad7e-b4296a9b293b,45154389-98f0-477b-b636-9541de8d11e2,Covid_Languagev1.1,a6eca3a8c143a31e7b37337f744912e6d33c5b2f49cd29570daee3cfdb9a017c,00667895-f589-4f70-a558-54ba2f1570cd,ordinal,1.0,"[380.0, 381.0, 382.0, 383.0, 384.0, 385.0, 386.0, 6678.0, 6679.0, 6680.0, 6681.0, 6682.0, 6683.0, 6684.0, 6685.0, 6686.0, 6687.0, 6688.0, 6689.0, 6690.0, 6691.0, 6692.0, 6693.0, 6694.0, 6695.0, 6696.0, 6697.0]",1.0,3,4,,Is the slang used to denigrate a group or perspective?,No,,True,-0.25,Language
3,Language,12.0,,ordinal,2.0,1.0,Well-balanced,,,16,100059,4b537e0ed21179a29ed28da28057d338e67330ae12123ccceba6724f35bd68a4,raw_304b537e0ed21179a29ed28da28057d338e67330ae12123ccceba6724f35bd68a4,Covid_article_for_PE_S&S&S.txt,8986cc06-74a4-4160-ad7e-b4296a9b293b,45154389-98f0-477b-b636-9541de8d11e2,Covid_Languagev1.1,a6eca3a8c143a31e7b37337f744912e6d33c5b2f49cd29570daee3cfdb9a017c,22b1fe9e-bf91-41dc-a40c-b7fbe649d6f9,ordinal,0.5424812503605779,[],0.5424812503605779,4,4,,"Does the passage contain a particularly neutral, circumspect, or measured account of a frequently heated issue? If so, please offer them kudos.",Good job!,,True,0.5424812503605779,Language
