article_num,article_sha256,article_id,article_filename,source_task_uuid,tua_uuid,namespace,schema_sha256,question_Number,answer_uuid,question_type,agreed_Answer,coding_perc_agreement,highlighted_indices,agreement_score,num_users,num_answer_choices,target_text,question_text,answer_text,answer_content
100059,4b537e0ed21179a29ed28da28057d338e67330ae12123ccceba6724f35bd68a4,raw_304b537e0ed21179a29ed28da28057d338e67330ae12123ccceba6724f35bd68a4,Covid_article_for_PE_S&S&S.txt,0834fc96-8c79-403c-80a0-4956d15b406f,3489b0dd-4248-493b-a40e-2888b94a2934,Covid_Probability,d5f24573a7077ee3ebb203ca64f955a8c5d5a6c6b25aa65e1bfa6fa71d1311f2,1,93f9e87c-fc74-48b2-9f74-523a705c0f2d,ordinal,3,1.0,[],1.0,4,3,NA,Does the text make any claims with great confidence? Highlight the relevant part.,No
100059,4b537e0ed21179a29ed28da28057d338e67330ae12123ccceba6724f35bd68a4,raw_304b537e0ed21179a29ed28da28057d338e67330ae12123ccceba6724f35bd68a4,Covid_article_for_PE_S&S&S.txt,0834fc96-8c79-403c-80a0-4956d15b406f,3489b0dd-4248-493b-a40e-2888b94a2934,Covid_Probability,d5f24573a7077ee3ebb203ca64f955a8c5d5a6c6b25aa65e1bfa6fa71d1311f2,5,197d9ebe-9a23-43a6-ab46-ff4f0aae75cf,ordinal,2,0.707518749639422,"[5960, 5961, 5962, 5963, 5964, 5965, 5966, 5967, 5968, 5969, 5970, 5971, 5972, 5973, 5974, 5995, 5996, 5997, 5998, 5999, 6000, 6001, 6002, 6003, 6004, 6005, 6006, 6007, 6008, 6009, 6010, 6011, 6012, 6013, 6014, 6015, 6016, 6017, 6018, 6019, 6020, 6021, 6022, 6023, 6024, 6025, 6026, 6027, 6028, 6029, 6030, 6031, 6032, 6033, 6034, 6035, 6036]",0.707518749639422,4,3,studies sugges//break//including possibly lowering blood pressur//break//,"Does the text acknowledge that their favored theory is in any way uncertain? If so, highlight the relevant section.","Yes, implicitly"
100059,4b537e0ed21179a29ed28da28057d338e67330ae12123ccceba6724f35bd68a4,raw_304b537e0ed21179a29ed28da28057d338e67330ae12123ccceba6724f35bd68a4,Covid_article_for_PE_S&S&S.txt,0834fc96-8c79-403c-80a0-4956d15b406f,3489b0dd-4248-493b-a40e-2888b94a2934,Covid_Probability,d5f24573a7077ee3ebb203ca64f955a8c5d5a6c6b25aa65e1bfa6fa71d1311f2,6,9641a3b1-9b19-46f9-b1f7-80b79bf5d6a1,nominal,1,1.0,[],1.0,4,5,NA,Are any numbers given?,No
100059,4b537e0ed21179a29ed28da28057d338e67330ae12123ccceba6724f35bd68a4,raw_304b537e0ed21179a29ed28da28057d338e67330ae12123ccceba6724f35bd68a4,Covid_article_for_PE_S&S&S.txt,0834fc96-8c79-403c-80a0-4956d15b406f,3489b0dd-4248-493b-a40e-2888b94a2934,Covid_Probability,d5f24573a7077ee3ebb203ca64f955a8c5d5a6c6b25aa65e1bfa6fa71d1311f2,11,80a9713a-14d3-47ed-9b92-f90853e73f60,ordinal,3,0.6918004126320001,[],0.6918004126320001,4,4,studies sugges//break//including possibly lowering blood pressur//break//,Does the text acknowledge that additional evidence might shift our understanding of the topics discussed in the article?,I can't tell
100059,4b537e0ed21179a29ed28da28057d338e67330ae12123ccceba6724f35bd68a4,raw_304b537e0ed21179a29ed28da28057d338e67330ae12123ccceba6724f35bd68a4,Covid_article_for_PE_S&S&S.txt,0834fc96-8c79-403c-80a0-4956d15b406f,3489b0dd-4248-493b-a40e-2888b94a2934,Covid_Probability,d5f24573a7077ee3ebb203ca64f955a8c5d5a6c6b25aa65e1bfa6fa71d1311f2,12,0,nominal,U,1.0,[],1.0,1,5,U,Does the text acknowledge the possibility of additional evidence that would... (check all that apply):,U
100059,4b537e0ed21179a29ed28da28057d338e67330ae12123ccceba6724f35bd68a4,raw_304b537e0ed21179a29ed28da28057d338e67330ae12123ccceba6724f35bd68a4,Covid_article_for_PE_S&S&S.txt,0834fc96-8c79-403c-80a0-4956d15b406f,3489b0dd-4248-493b-a40e-2888b94a2934,Covid_Probability,d5f24573a7077ee3ebb203ca64f955a8c5d5a6c6b25aa65e1bfa6fa71d1311f2,13,5a04cd0b-741f-42a4-be0d-6e43707382d9,ordinal,4,0.7630344058337939,[],0.7630344058337939,4,10,NA,"How difficult was this task for you, on the whole?",4
100059,4b537e0ed21179a29ed28da28057d338e67330ae12123ccceba6724f35bd68a4,raw_304b537e0ed21179a29ed28da28057d338e67330ae12123ccceba6724f35bd68a4,Covid_article_for_PE_S&S&S.txt,0834fc96-8c79-403c-80a0-4956d15b406f,3489b0dd-4248-493b-a40e-2888b94a2934,Covid_Probability,d5f24573a7077ee3ebb203ca64f955a8c5d5a6c6b25aa65e1bfa6fa71d1311f2,14,8f65fa08-ac84-4ad7-8975-1b3066beeca0,ordinal,8,0.8061752848319717,[],0.8061752848319717,4,10,NA,"How confident are you about your answers, on the whole?",8
