article_num,article_sha256,article_id,article_filename,source_task_uuid,tua_uuid,namespace,schema_sha256,question_Number,answer_uuid,question_type,agreed_Answer,coding_perc_agreement,highlighted_indices,agreement_score,num_users,num_answer_choices,target_text,question_text,answer_text,answer_content
100059,4b537e0ed21179a29ed28da28057d338e67330ae12123ccceba6724f35bd68a4,raw_304b537e0ed21179a29ed28da28057d338e67330ae12123ccceba6724f35bd68a4,Covid_article_for_PE_S&S&S.txt,8986cc06-74a4-4160-ad7e-b4296a9b293b,45154389-98f0-477b-b636-9541de8d11e2,Covid_Languagev1.1,a6eca3a8c143a31e7b37337f744912e6d33c5b2f49cd29570daee3cfdb9a017c,1,492f4aa4-d54c-46b2-8bc7-1e9676b607e9,checklist,1,0.75,"[6668, 6669, 6670, 6671, 6672, 6673, 6674, 6675, 6676, 6677, 6678, 6679, 6680, 6681, 6682, 6683, 6684, 6685, 6686, 6687, 6688, 6689, 6690, 6691, 6692, 6693, 6694, 6695, 6696, 6697, 6698, 6699, 6700, 6701, 6702, 6703, 6704, 6705, 6706, 6707, 6708, 6709, 6710, 6711, 6712, 6713]",0.75,4,13,I’ve been banging on this drum for a long tim//break//,"Which of the following appears in the bolded text to the left? Check all that apply, or none, and highlight the part of the passage in which you see each.",Metaphorical Language
100059,4b537e0ed21179a29ed28da28057d338e67330ae12123ccceba6724f35bd68a4,raw_304b537e0ed21179a29ed28da28057d338e67330ae12123ccceba6724f35bd68a4,Covid_article_for_PE_S&S&S.txt,8986cc06-74a4-4160-ad7e-b4296a9b293b,45154389-98f0-477b-b636-9541de8d11e2,Covid_Languagev1.1,a6eca3a8c143a31e7b37337f744912e6d33c5b2f49cd29570daee3cfdb9a017c,1,0,checklist,L,0.0,[],0.0,4,13,L,"Which of the following appears in the bolded text to the left? Check all that apply, or none, and highlight the part of the passage in which you see each.",L
100059,4b537e0ed21179a29ed28da28057d338e67330ae12123ccceba6724f35bd68a4,raw_304b537e0ed21179a29ed28da28057d338e67330ae12123ccceba6724f35bd68a4,Covid_article_for_PE_S&S&S.txt,8986cc06-74a4-4160-ad7e-b4296a9b293b,45154389-98f0-477b-b636-9541de8d11e2,Covid_Languagev1.1,a6eca3a8c143a31e7b37337f744912e6d33c5b2f49cd29570daee3cfdb9a017c,1,0,checklist,L,0.0,[],0.0,4,13,L,"Which of the following appears in the bolded text to the left? Check all that apply, or none, and highlight the part of the passage in which you see each.",L
100059,4b537e0ed21179a29ed28da28057d338e67330ae12123ccceba6724f35bd68a4,raw_304b537e0ed21179a29ed28da28057d338e67330ae12123ccceba6724f35bd68a4,Covid_article_for_PE_S&S&S.txt,8986cc06-74a4-4160-ad7e-b4296a9b293b,45154389-98f0-477b-b636-9541de8d11e2,Covid_Languagev1.1,a6eca3a8c143a31e7b37337f744912e6d33c5b2f49cd29570daee3cfdb9a017c,1,0,checklist,L,0.0,[],0.0,4,13,L,"Which of the following appears in the bolded text to the left? Check all that apply, or none, and highlight the part of the passage in which you see each.",L
100059,4b537e0ed21179a29ed28da28057d338e67330ae12123ccceba6724f35bd68a4,raw_304b537e0ed21179a29ed28da28057d338e67330ae12123ccceba6724f35bd68a4,Covid_article_for_PE_S&S&S.txt,8986cc06-74a4-4160-ad7e-b4296a9b293b,45154389-98f0-477b-b636-9541de8d11e2,Covid_Languagev1.1,a6eca3a8c143a31e7b37337f744912e6d33c5b2f49cd29570daee3cfdb9a017c,1,0,checklist,L,0.0,[],0.0,4,13,L,"Which of the following appears in the bolded text to the left? Check all that apply, or none, and highlight the part of the passage in which you see each.",L
100059,4b537e0ed21179a29ed28da28057d338e67330ae12123ccceba6724f35bd68a4,raw_304b537e0ed21179a29ed28da28057d338e67330ae12123ccceba6724f35bd68a4,Covid_article_for_PE_S&S&S.txt,8986cc06-74a4-4160-ad7e-b4296a9b293b,45154389-98f0-477b-b636-9541de8d11e2,Covid_Languagev1.1,a6eca3a8c143a31e7b37337f744912e6d33c5b2f49cd29570daee3cfdb9a017c,1,0f6965ff-df09-42c7-85d5-91a729e37e1f,checklist,6,0.75,"[380, 381, 382, 383, 384, 385, 386, 6678, 6679, 6680, 6681, 6682, 6683, 6684, 6685, 6686, 6687, 6688, 6689, 6690, 6691, 6692, 6693, 6694, 6695, 6696, 6697]",0.75,4,13,drag o//break//banging on this dru//break//,"Which of the following appears in the bolded text to the left? Check all that apply, or none, and highlight the part of the passage in which you see each.",Slang
100059,4b537e0ed21179a29ed28da28057d338e67330ae12123ccceba6724f35bd68a4,raw_304b537e0ed21179a29ed28da28057d338e67330ae12123ccceba6724f35bd68a4,Covid_article_for_PE_S&S&S.txt,8986cc06-74a4-4160-ad7e-b4296a9b293b,45154389-98f0-477b-b636-9541de8d11e2,Covid_Languagev1.1,a6eca3a8c143a31e7b37337f744912e6d33c5b2f49cd29570daee3cfdb9a017c,1,0,checklist,L,0.0,[],0.0,4,13,L,"Which of the following appears in the bolded text to the left? Check all that apply, or none, and highlight the part of the passage in which you see each.",L
100059,4b537e0ed21179a29ed28da28057d338e67330ae12123ccceba6724f35bd68a4,raw_304b537e0ed21179a29ed28da28057d338e67330ae12123ccceba6724f35bd68a4,Covid_article_for_PE_S&S&S.txt,8986cc06-74a4-4160-ad7e-b4296a9b293b,45154389-98f0-477b-b636-9541de8d11e2,Covid_Languagev1.1,a6eca3a8c143a31e7b37337f744912e6d33c5b2f49cd29570daee3cfdb9a017c,1,0,checklist,L,0.0,[],0.0,4,13,L,"Which of the following appears in the bolded text to the left? Check all that apply, or none, and highlight the part of the passage in which you see each.",L
100059,4b537e0ed21179a29ed28da28057d338e67330ae12123ccceba6724f35bd68a4,raw_304b537e0ed21179a29ed28da28057d338e67330ae12123ccceba6724f35bd68a4,Covid_article_for_PE_S&S&S.txt,8986cc06-74a4-4160-ad7e-b4296a9b293b,45154389-98f0-477b-b636-9541de8d11e2,Covid_Languagev1.1,a6eca3a8c143a31e7b37337f744912e6d33c5b2f49cd29570daee3cfdb9a017c,1,0,checklist,L,0.0,[],0.0,4,13,L,"Which of the following appears in the bolded text to the left? Check all that apply, or none, and highlight the part of the passage in which you see each.",L
100059,4b537e0ed21179a29ed28da28057d338e67330ae12123ccceba6724f35bd68a4,raw_304b537e0ed21179a29ed28da28057d338e67330ae12123ccceba6724f35bd68a4,Covid_article_for_PE_S&S&S.txt,8986cc06-74a4-4160-ad7e-b4296a9b293b,45154389-98f0-477b-b636-9541de8d11e2,Covid_Languagev1.1,a6eca3a8c143a31e7b37337f744912e6d33c5b2f49cd29570daee3cfdb9a017c,1,0,checklist,L,0.0,[],0.0,4,13,L,"Which of the following appears in the bolded text to the left? Check all that apply, or none, and highlight the part of the passage in which you see each.",L
100059,4b537e0ed21179a29ed28da28057d338e67330ae12123ccceba6724f35bd68a4,raw_304b537e0ed21179a29ed28da28057d338e67330ae12123ccceba6724f35bd68a4,Covid_article_for_PE_S&S&S.txt,8986cc06-74a4-4160-ad7e-b4296a9b293b,45154389-98f0-477b-b636-9541de8d11e2,Covid_Languagev1.1,a6eca3a8c143a31e7b37337f744912e6d33c5b2f49cd29570daee3cfdb9a017c,1,0,checklist,M,0.25,[],0.25,4,13,M,"Which of the following appears in the bolded text to the left? Check all that apply, or none, and highlight the part of the passage in which you see each.",M
100059,4b537e0ed21179a29ed28da28057d338e67330ae12123ccceba6724f35bd68a4,raw_304b537e0ed21179a29ed28da28057d338e67330ae12123ccceba6724f35bd68a4,Covid_article_for_PE_S&S&S.txt,8986cc06-74a4-4160-ad7e-b4296a9b293b,45154389-98f0-477b-b636-9541de8d11e2,Covid_Languagev1.1,a6eca3a8c143a31e7b37337f744912e6d33c5b2f49cd29570daee3cfdb9a017c,1,0,checklist,L,0.0,[],0.0,4,13,L,"Which of the following appears in the bolded text to the left? Check all that apply, or none, and highlight the part of the passage in which you see each.",L
100059,4b537e0ed21179a29ed28da28057d338e67330ae12123ccceba6724f35bd68a4,raw_304b537e0ed21179a29ed28da28057d338e67330ae12123ccceba6724f35bd68a4,Covid_article_for_PE_S&S&S.txt,8986cc06-74a4-4160-ad7e-b4296a9b293b,45154389-98f0-477b-b636-9541de8d11e2,Covid_Languagev1.1,a6eca3a8c143a31e7b37337f744912e6d33c5b2f49cd29570daee3cfdb9a017c,1,0,checklist,L,0.0,[],0.0,4,13,L,"Which of the following appears in the bolded text to the left? Check all that apply, or none, and highlight the part of the passage in which you see each.",L
100059,4b537e0ed21179a29ed28da28057d338e67330ae12123ccceba6724f35bd68a4,raw_304b537e0ed21179a29ed28da28057d338e67330ae12123ccceba6724f35bd68a4,Covid_article_for_PE_S&S&S.txt,8986cc06-74a4-4160-ad7e-b4296a9b293b,45154389-98f0-477b-b636-9541de8d11e2,Covid_Languagev1.1,a6eca3a8c143a31e7b37337f744912e6d33c5b2f49cd29570daee3cfdb9a017c,2,de0fd3bb-5b55-41b7-81a4-f0daad69ba69,ordinal,4,0.713213089364642,[],0.713213089364642,3,5,NA,"The use of metaphorical language (e.g., metaphors of war, disease, infection, invasion, alien, decay, etc) is....",MILDLY excessive/inappropriate
100059,4b537e0ed21179a29ed28da28057d338e67330ae12123ccceba6724f35bd68a4,raw_304b537e0ed21179a29ed28da28057d338e67330ae12123ccceba6724f35bd68a4,Covid_article_for_PE_S&S&S.txt,8986cc06-74a4-4160-ad7e-b4296a9b293b,45154389-98f0-477b-b636-9541de8d11e2,Covid_Languagev1.1,a6eca3a8c143a31e7b37337f744912e6d33c5b2f49cd29570daee3cfdb9a017c,9,dc0eb26e-7eb9-4ac0-b806-74a346deb6cc,ordinal,5,1.0,[],1.0,3,5,NA,How appropriate is the slang?,Completely appropriate
100059,4b537e0ed21179a29ed28da28057d338e67330ae12123ccceba6724f35bd68a4,raw_304b537e0ed21179a29ed28da28057d338e67330ae12123ccceba6724f35bd68a4,Covid_article_for_PE_S&S&S.txt,8986cc06-74a4-4160-ad7e-b4296a9b293b,45154389-98f0-477b-b636-9541de8d11e2,Covid_Languagev1.1,a6eca3a8c143a31e7b37337f744912e6d33c5b2f49cd29570daee3cfdb9a017c,10,00667895-f589-4f70-a558-54ba2f1570cd,ordinal,4,1.0,[],1.0,3,4,NA,Is the slang used to denigrate a group or perspective?,No
100059,4b537e0ed21179a29ed28da28057d338e67330ae12123ccceba6724f35bd68a4,raw_304b537e0ed21179a29ed28da28057d338e67330ae12123ccceba6724f35bd68a4,Covid_article_for_PE_S&S&S.txt,8986cc06-74a4-4160-ad7e-b4296a9b293b,45154389-98f0-477b-b636-9541de8d11e2,Covid_Languagev1.1,a6eca3a8c143a31e7b37337f744912e6d33c5b2f49cd29570daee3cfdb9a017c,12,22b1fe9e-bf91-41dc-a40c-b7fbe649d6f9,ordinal,2,0.542481250360578,[],0.542481250360578,4,4,NA,"Does the passage contain a particularly neutral, circumspect, or measured account of a frequently heated issue? If so, please offer them kudos.",Good job!
100059,4b537e0ed21179a29ed28da28057d338e67330ae12123ccceba6724f35bd68a4,raw_304b537e0ed21179a29ed28da28057d338e67330ae12123ccceba6724f35bd68a4,Covid_article_for_PE_S&S&S.txt,8986cc06-74a4-4160-ad7e-b4296a9b293b,45154389-98f0-477b-b636-9541de8d11e2,Covid_Languagev1.1,a6eca3a8c143a31e7b37337f744912e6d33c5b2f49cd29570daee3cfdb9a017c,14,a2139417-0ef9-439c-8242-c280b487ad94,ordinal,5,0.5920034960290277,[],0.5920034960290277,4,10,NA,"How difficult was this task for you, on the whole?",5: Middling difficulty
100059,4b537e0ed21179a29ed28da28057d338e67330ae12123ccceba6724f35bd68a4,raw_304b537e0ed21179a29ed28da28057d338e67330ae12123ccceba6724f35bd68a4,Covid_article_for_PE_S&S&S.txt,8986cc06-74a4-4160-ad7e-b4296a9b293b,45154389-98f0-477b-b636-9541de8d11e2,Covid_Languagev1.1,a6eca3a8c143a31e7b37337f744912e6d33c5b2f49cd29570daee3cfdb9a017c,15,553e859b-9292-4603-b6c4-b149816fe32b,ordinal,6,0.778559217082576,[],0.778559217082576,4,10,NA,"How confident are you about your answers, on the whole?",6
