article_num,article_sha256,article_id,article_filename,source_task_uuid,tua_uuid,namespace,schema_sha256,question_Number,answer_uuid,question_type,agreed_Answer,coding_perc_agreement,highlighted_indices,agreement_score,num_users,num_answer_choices,target_text,question_text,answer_text,answer_content
100059,4b537e0ed21179a29ed28da28057d338e67330ae12123ccceba6724f35bd68a4,raw_304b537e0ed21179a29ed28da28057d338e67330ae12123ccceba6724f35bd68a4,Covid_article_for_PE_S&S&S.txt,d9e04b73-3735-4ca0-8b96-069964a226e5,b7a0c4ee-d46d-4e8c-8be0-cd55d6cc69cb,Covid_Probability,d5f24573a7077ee3ebb203ca64f955a8c5d5a6c6b25aa65e1bfa6fa71d1311f2,1,93f9e87c-fc74-48b2-9f74-523a705c0f2d,ordinal,3,1.0,[],1.0,4,3,NA,Does the text make any claims with great confidence? Highlight the relevant part.,No
100059,4b537e0ed21179a29ed28da28057d338e67330ae12123ccceba6724f35bd68a4,raw_304b537e0ed21179a29ed28da28057d338e67330ae12123ccceba6724f35bd68a4,Covid_article_for_PE_S&S&S.txt,d9e04b73-3735-4ca0-8b96-069964a226e5,b7a0c4ee-d46d-4e8c-8be0-cd55d6cc69cb,Covid_Probability,d5f24573a7077ee3ebb203ca64f955a8c5d5a6c6b25aa65e1bfa6fa71d1311f2,5,197d9ebe-9a23-43a6-ab46-ff4f0aae75cf,ordinal,2,0.707518749639422,"[343, 344, 345, 346, 347, 698, 699, 700, 701, 702, 703, 704, 705, 706, 707, 708, 709, 710, 711, 712, 713, 714, 715, 716, 717, 718, 719, 720, 721, 722, 723, 6478, 6479, 6480, 6481, 6482, 6483, 6484, 6485]",0.707518749639422,4,3,"coul//break//can stop, or at least slo//break//suggest//break//","Does the text acknowledge that their favored theory is in any way uncertain? If so, highlight the relevant section.","Yes, implicitly"
100059,4b537e0ed21179a29ed28da28057d338e67330ae12123ccceba6724f35bd68a4,raw_304b537e0ed21179a29ed28da28057d338e67330ae12123ccceba6724f35bd68a4,Covid_article_for_PE_S&S&S.txt,d9e04b73-3735-4ca0-8b96-069964a226e5,b7a0c4ee-d46d-4e8c-8be0-cd55d6cc69cb,Covid_Probability,d5f24573a7077ee3ebb203ca64f955a8c5d5a6c6b25aa65e1bfa6fa71d1311f2,6,9641a3b1-9b19-46f9-b1f7-80b79bf5d6a1,nominal,1,1.0,[],1.0,4,5,NA,Are any numbers given?,No
100059,4b537e0ed21179a29ed28da28057d338e67330ae12123ccceba6724f35bd68a4,raw_304b537e0ed21179a29ed28da28057d338e67330ae12123ccceba6724f35bd68a4,Covid_article_for_PE_S&S&S.txt,d9e04b73-3735-4ca0-8b96-069964a226e5,b7a0c4ee-d46d-4e8c-8be0-cd55d6cc69cb,Covid_Probability,d5f24573a7077ee3ebb203ca64f955a8c5d5a6c6b25aa65e1bfa6fa71d1311f2,11,80a9713a-14d3-47ed-9b92-f90853e73f60,ordinal,3,0.792481250360578,[],0.792481250360578,4,4,"those costs could go up the longer such measures drag o//break//Such social distancing can stop, or at least slo//break//",Does the text acknowledge that additional evidence might shift our understanding of the topics discussed in the article?,I can't tell
100059,4b537e0ed21179a29ed28da28057d338e67330ae12123ccceba6724f35bd68a4,raw_304b537e0ed21179a29ed28da28057d338e67330ae12123ccceba6724f35bd68a4,Covid_article_for_PE_S&S&S.txt,d9e04b73-3735-4ca0-8b96-069964a226e5,b7a0c4ee-d46d-4e8c-8be0-cd55d6cc69cb,Covid_Probability,d5f24573a7077ee3ebb203ca64f955a8c5d5a6c6b25aa65e1bfa6fa71d1311f2,12,0,nominal,U,1.0,[],1.0,1,5,U,Does the text acknowledge the possibility of additional evidence that would... (check all that apply):,U
100059,4b537e0ed21179a29ed28da28057d338e67330ae12123ccceba6724f35bd68a4,raw_304b537e0ed21179a29ed28da28057d338e67330ae12123ccceba6724f35bd68a4,Covid_article_for_PE_S&S&S.txt,d9e04b73-3735-4ca0-8b96-069964a226e5,b7a0c4ee-d46d-4e8c-8be0-cd55d6cc69cb,Covid_Probability,d5f24573a7077ee3ebb203ca64f955a8c5d5a6c6b25aa65e1bfa6fa71d1311f2,13,5a04cd0b-741f-42a4-be0d-6e43707382d9,ordinal,4,0.8864698968789163,[],0.8864698968789163,4,10,NA,"How difficult was this task for you, on the whole?",4
100059,4b537e0ed21179a29ed28da28057d338e67330ae12123ccceba6724f35bd68a4,raw_304b537e0ed21179a29ed28da28057d338e67330ae12123ccceba6724f35bd68a4,Covid_article_for_PE_S&S&S.txt,d9e04b73-3735-4ca0-8b96-069964a226e5,b7a0c4ee-d46d-4e8c-8be0-cd55d6cc69cb,Covid_Probability,d5f24573a7077ee3ebb203ca64f955a8c5d5a6c6b25aa65e1bfa6fa71d1311f2,14,5b37eb4e-9b10-42c0-8954-84682bf69794,ordinal,6,0.6637520722235215,[],0.6637520722235215,4,10,NA,"How confident are you about your answers, on the whole?",6
