{"file_sha256": "4b537e0ed21179a29ed28da28057d338e67330ae12123ccceba6724f35bd68a4", "filename": "Covid_article_for_PE_S&S&S.txt", "article_number": 100059, "extra": {"domainName": "sciencenews.org", "articleHash": "4b537e0ed21179a29ed28da28057d338e67330ae12123ccceba6724f35bd68a4", "author": "Sujata Gupta", "url": "https://www.sciencenews.org/article/coronavirus-covid-19-social-distancing-psychological-fallout", "publishedDate": "Sun March 29 18:56:55 UTC 2020", "tagworksId": 152, "articleTitle": "Social distancing comes with psychological fallout", "title": ""}}