﻿,article_batch_name,article_number,article_filename,article_sha256,article_text_length,tua_group_uuid,tua_group_name,tua_batch_uuid,tua_batch_name,tua_batch_final,source_task_uuid,tua_uuid,namespace,topic_name,case_number,answer_uuid,extra,highlight_count,start_pos,end_pos,target_text
0,CovidArticles/Covid_article_for_PE_S&S&S.txt,100059,Covid_article_for_PE_S&S&S.txt,4b537e0ed21179a29ed28da28057d338e67330ae12123ccceba6724f35bd68a4,6794,496f1cfe-cc73-45fe-bc74-d23a8668713f,Covid_Probabilityv1.IAA,a5ffc8dc-2dd1-4fd9-a29a-c4cd4bf62da9,tua_csv/2020/06/Adj_S_IAA_Covid_Probabilityv1-Task-2230-DataHunt.csv.gz,TRUE,d9e04b73-3735-4ca0-8b96-069964a226e5,07cc0f28-f8bb-4802-b238-ecfeab6bbd22,Covid_Probability,197d9ebe,0,197d9ebe-9a23-43a6-ab46-ff4f0aae75cf,"{""answer_text_list"": [""Yes, implicitly"", ""Yes, implicitly"", ""Yes, implicitly""]}",3,343,348,could
1,CovidArticles/Covid_article_for_PE_S&S&S.txt,100059,Covid_article_for_PE_S&S&S.txt,4b537e0ed21179a29ed28da28057d338e67330ae12123ccceba6724f35bd68a4,6794,777e3dd4-5d42-45ad-9529-86a7020cd924,Covid_Languagev1.1.IAA,fa81a5ae-1a67-477f-8a1f-505281164cff,tua_csv/2020/06/Adj_S_IAA_Covid_Languagev1.1-Task-2229-DataHunt.csv.gz,TRUE,8986cc06-74a4-4160-ad7e-b4296a9b293b,c86f577f-a20d-4825-a80c-5cce661309e7,Covid_Languagev1.1,0f6965ff,0,0f6965ff-df09-42c7-85d5-91a729e37e1f,"{""answer_text_list"": [""Slang"", ""Slang""]}",2,380,387,drag on
3,CovidArticles/Covid_article_for_PE_S&S&S.txt,100059,Covid_article_for_PE_S&S&S.txt,4b537e0ed21179a29ed28da28057d338e67330ae12123ccceba6724f35bd68a4,6794,496f1cfe-cc73-45fe-bc74-d23a8668713f,Covid_Probabilityv1.IAA,a5ffc8dc-2dd1-4fd9-a29a-c4cd4bf62da9,tua_csv/2020/06/Adj_S_IAA_Covid_Probabilityv1-Task-2230-DataHunt.csv.gz,TRUE,d9e04b73-3735-4ca0-8b96-069964a226e5,2629291b-517d-4fe8-935b-69fd9057ecd3,Covid_Probability,80a9713a,0,80a9713a-14d3-47ed-9b92-f90853e73f60,"{""answer_text_list"": [""I can't tell"", ""I can't tell""]}",2,331,387,those costs could go up the longer such measures drag on
1,CovidArticles/Covid_article_for_PE_S&S&S.txt,100059,Covid_article_for_PE_S&S&S.txt,4b537e0ed21179a29ed28da28057d338e67330ae12123ccceba6724f35bd68a4,6794,496f1cfe-cc73-45fe-bc74-d23a8668713f,Covid_Probabilityv1.IAA,a5ffc8dc-2dd1-4fd9-a29a-c4cd4bf62da9,tua_csv/2020/06/Adj_S_IAA_Covid_Probabilityv1-Task-2230-DataHunt.csv.gz,TRUE,d9e04b73-3735-4ca0-8b96-069964a226e5,07cc0f28-f8bb-4802-b238-ecfeab6bbd22,Covid_Probability,197d9ebe,0,197d9ebe-9a23-43a6-ab46-ff4f0aae75cf,"{""answer_text_list"": [""Yes, implicitly"", ""Yes, implicitly"", ""Yes, implicitly""]}",3,698,724,"can stop, or at least slow"
4,CovidArticles/Covid_article_for_PE_S&S&S.txt,100059,Covid_article_for_PE_S&S&S.txt,4b537e0ed21179a29ed28da28057d338e67330ae12123ccceba6724f35bd68a4,6794,496f1cfe-cc73-45fe-bc74-d23a8668713f,Covid_Probabilityv1.IAA,a5ffc8dc-2dd1-4fd9-a29a-c4cd4bf62da9,tua_csv/2020/06/Adj_S_IAA_Covid_Probabilityv1-Task-2230-DataHunt.csv.gz,TRUE,d9e04b73-3735-4ca0-8b96-069964a226e5,2629291b-517d-4fe8-935b-69fd9057ecd3,Covid_Probability,80a9713a,0,80a9713a-14d3-47ed-9b92-f90853e73f60,"{""answer_text_list"": [""I can't tell"", ""I can't tell""]}",2,675,724,"Such social distancing\xa0can stop, or at least slow"
18,CovidArticles/Covid_article_for_PE_S&S&S.txt,100059,Covid_article_for_PE_S&S&S.txt,4b537e0ed21179a29ed28da28057d338e67330ae12123ccceba6724f35bd68a4,6794,51009265-25fd-4828-8ad8-b7c373bd4c58,Covid_Evidencev1.adjudicated,fb85fd41-224b-4359-a24e-f4f30b5923fb,Adjudicator Nick Adams QUIZ source task 2224 article number 100059 project 196,TRUE,edb1510f-1923-4d6f-a678-95f53d752bea,63672601-2649-4223-a353-8adccf6527a0,Covid_Evidence2020_03_21,01.12.02,0,a0972088-cb65-4764-a4ee-3be2b2bd100a,"{""answer_text"": ""Yes, implicitly""}",1,1023,1106,Research on the psychological toll of social distancing during epidemics is limited
5,CovidArticles/Covid_article_for_PE_S&S&S.txt,100059,Covid_article_for_PE_S&S&S.txt,4b537e0ed21179a29ed28da28057d338e67330ae12123ccceba6724f35bd68a4,6794,51009265-25fd-4828-8ad8-b7c373bd4c58,Covid_Evidencev1.adjudicated,fb85fd41-224b-4359-a24e-f4f30b5923fb,Adjudicator Nick Adams QUIZ source task 2224 article number 100059 project 196,TRUE,edb1510f-1923-4d6f-a678-95f53d752bea,700bf653-b723-4911-b51f-58912c7cc596,Covid_Evidence2020_03_21,01.02.03,0,fee5e5ec-ce13-43e7-aca6-5babee4eb8a5,"{""answer_text"": ""The correlation appears across multiple independent contexts""}",2,1177,1197,evaluated 24 studies
7,CovidArticles/Covid_article_for_PE_S&S&S.txt,100059,Covid_article_for_PE_S&S&S.txt,4b537e0ed21179a29ed28da28057d338e67330ae12123ccceba6724f35bd68a4,6794,51009265-25fd-4828-8ad8-b7c373bd4c58,Covid_Evidencev1.adjudicated,fb85fd41-224b-4359-a24e-f4f30b5923fb,Adjudicator Nick Adams QUIZ source task 2224 article number 100059 project 196,TRUE,edb1510f-1923-4d6f-a678-95f53d752bea,b7d8e271-b090-4121-a521-fe150dc78034,Covid_Evidence2020_03_21,01.02.05,0,780989ca-2765-4989-9cc3-08f3874489e0,"{""answer_text"": ""An experimental study was conducted (natural experiments OK)""}",4,1187,1197,24 studies
8,CovidArticles/Covid_article_for_PE_S&S&S.txt,100059,Covid_article_for_PE_S&S&S.txt,4b537e0ed21179a29ed28da28057d338e67330ae12123ccceba6724f35bd68a4,6794,51009265-25fd-4828-8ad8-b7c373bd4c58,Covid_Evidencev1.adjudicated,fb85fd41-224b-4359-a24e-f4f30b5923fb,Adjudicator Nick Adams QUIZ source task 2224 article number 100059 project 196,TRUE,edb1510f-1923-4d6f-a678-95f53d752bea,b7d8e271-b090-4121-a521-fe150dc78034,Covid_Evidence2020_03_21,01.02.05,0,780989ca-2765-4989-9cc3-08f3874489e0,"{""answer_text"": ""An experimental study was conducted (natural experiments OK)""}",4,1213,1245,psychological outcomes of people
3,CovidArticles/Covid_article_for_PE_S&S&S.txt,100059,Covid_article_for_PE_S&S&S.txt,4b537e0ed21179a29ed28da28057d338e67330ae12123ccceba6724f35bd68a4,6794,51009265-25fd-4828-8ad8-b7c373bd4c58,Covid_Evidencev1.adjudicated,fb85fd41-224b-4359-a24e-f4f30b5923fb,Adjudicator Nick Adams QUIZ source task 2224 article number 100059 project 196,TRUE,edb1510f-1923-4d6f-a678-95f53d752bea,eeb234da-6032-482f-bab3-12c135cfe6db,Covid_Evidence2020_03_21,01.02.02,0,ba2d1638-2509-4ce8-9130-39ea26d1d424,"{""answer_text"": ""Cause precedes effect""}",2,1227,1266,outcomes of people who were quarantined
6,CovidArticles/Covid_article_for_PE_S&S&S.txt,100059,Covid_article_for_PE_S&S&S.txt,4b537e0ed21179a29ed28da28057d338e67330ae12123ccceba6724f35bd68a4,6794,51009265-25fd-4828-8ad8-b7c373bd4c58,Covid_Evidencev1.adjudicated,fb85fd41-224b-4359-a24e-f4f30b5923fb,Adjudicator Nick Adams QUIZ source task 2224 article number 100059 project 196,TRUE,edb1510f-1923-4d6f-a678-95f53d752bea,700bf653-b723-4911-b51f-58912c7cc596,Covid_Evidence2020_03_21,01.02.03,0,fee5e5ec-ce13-43e7-aca6-5babee4eb8a5,"{""answer_text"": ""The correlation appears across multiple independent contexts""}",2,1306,1399,"during outbreaks of SARS, H1N1 flu, Ebola and other infectious diseases since the early 2000s"
0,CovidArticles/Covid_article_for_PE_S&S&S.txt,100059,Covid_article_for_PE_S&S&S.txt,4b537e0ed21179a29ed28da28057d338e67330ae12123ccceba6724f35bd68a4,6794,51009265-25fd-4828-8ad8-b7c373bd4c58,Covid_Evidencev1.adjudicated,fb85fd41-224b-4359-a24e-f4f30b5923fb,Adjudicator Nick Adams QUIZ source task 2224 article number 100059 project 196,TRUE,edb1510f-1923-4d6f-a678-95f53d752bea,ce68d2a7-d8ea-4d68-9d46-a998cf01f15e,Covid_Evidence2020_03_21,01.01.01,0,73d7a14a-9ec6-404c-b2b7-a55508af3b76,"{""answer_text"": ""General Causation (In general, X causes Y.)""}",1,1401,1560,"Many\xa0quarantined individuals experienced both short- and long-term mental health problems, including stress, insomnia, emotional exhaustion and substance abuse"
1,CovidArticles/Covid_article_for_PE_S&S&S.txt,100059,Covid_article_for_PE_S&S&S.txt,4b537e0ed21179a29ed28da28057d338e67330ae12123ccceba6724f35bd68a4,6794,51009265-25fd-4828-8ad8-b7c373bd4c58,Covid_Evidencev1.adjudicated,fb85fd41-224b-4359-a24e-f4f30b5923fb,Adjudicator Nick Adams QUIZ source task 2224 article number 100059 project 196,TRUE,edb1510f-1923-4d6f-a678-95f53d752bea,96320f6f-453b-4771-8179-730460498de1,Covid_Evidence2020_03_21,01.02.01,0,5a1fb1f4-d8b7-45c0-bce5-7d4c3b91c55f,"{""answer_text"": ""Correlation""}",2,1401,1560,"Many\xa0quarantined individuals experienced both short- and long-term mental health problems, including stress, insomnia, emotional exhaustion and substance abuse"
9,CovidArticles/Covid_article_for_PE_S&S&S.txt,100059,Covid_article_for_PE_S&S&S.txt,4b537e0ed21179a29ed28da28057d338e67330ae12123ccceba6724f35bd68a4,6794,51009265-25fd-4828-8ad8-b7c373bd4c58,Covid_Evidencev1.adjudicated,fb85fd41-224b-4359-a24e-f4f30b5923fb,Adjudicator Nick Adams QUIZ source task 2224 article number 100059 project 196,TRUE,edb1510f-1923-4d6f-a678-95f53d752bea,b7d8e271-b090-4121-a521-fe150dc78034,Covid_Evidence2020_03_21,01.02.05,0,780989ca-2765-4989-9cc3-08f3874489e0,"{""answer_text"": ""An experimental study was conducted (natural experiments OK)""}",4,1562,1677,"For instance, one study compared quarantined versus non-quarantined individuals during an equine influenza outbreak"
2,CovidArticles/Covid_article_for_PE_S&S&S.txt,100059,Covid_article_for_PE_S&S&S.txt,4b537e0ed21179a29ed28da28057d338e67330ae12123ccceba6724f35bd68a4,6794,51009265-25fd-4828-8ad8-b7c373bd4c58,Covid_Evidencev1.adjudicated,fb85fd41-224b-4359-a24e-f4f30b5923fb,Adjudicator Nick Adams QUIZ source task 2224 article number 100059 project 196,TRUE,edb1510f-1923-4d6f-a678-95f53d752bea,96320f6f-453b-4771-8179-730460498de1,Covid_Evidence2020_03_21,01.02.01,0,5a1fb1f4-d8b7-45c0-bce5-7d4c3b91c55f,"{""answer_text"": ""Correlation""}",2,1679,1937,"Of 2,760 quarantined people, 34 percent, or 938 individuals, reported high levels of psychological distress, which can indicate mental health problems such as anxiety and depression, during the outbreak compared with 12 percent of non-quarantined individuals"
4,CovidArticles/Covid_article_for_PE_S&S&S.txt,100059,Covid_article_for_PE_S&S&S.txt,4b537e0ed21179a29ed28da28057d338e67330ae12123ccceba6724f35bd68a4,6794,51009265-25fd-4828-8ad8-b7c373bd4c58,Covid_Evidencev1.adjudicated,fb85fd41-224b-4359-a24e-f4f30b5923fb,Adjudicator Nick Adams QUIZ source task 2224 article number 100059 project 196,TRUE,edb1510f-1923-4d6f-a678-95f53d752bea,eeb234da-6032-482f-bab3-12c135cfe6db,Covid_Evidence2020_03_21,01.02.02,0,ba2d1638-2509-4ce8-9130-39ea26d1d424,"{""answer_text"": ""Cause precedes effect""}",2,1679,1937,"Of 2,760 quarantined people, 34 percent, or 938 individuals, reported high levels of psychological distress, which can indicate mental health problems such as anxiety and depression, during the outbreak compared with 12 percent of non-quarantined individuals"
10,CovidArticles/Covid_article_for_PE_S&S&S.txt,100059,Covid_article_for_PE_S&S&S.txt,4b537e0ed21179a29ed28da28057d338e67330ae12123ccceba6724f35bd68a4,6794,51009265-25fd-4828-8ad8-b7c373bd4c58,Covid_Evidencev1.adjudicated,fb85fd41-224b-4359-a24e-f4f30b5923fb,Adjudicator Nick Adams QUIZ source task 2224 article number 100059 project 196,TRUE,edb1510f-1923-4d6f-a678-95f53d752bea,b7d8e271-b090-4121-a521-fe150dc78034,Covid_Evidence2020_03_21,01.02.05,0,780989ca-2765-4989-9cc3-08f3874489e0,"{""answer_text"": ""An experimental study was conducted (natural experiments OK)""}",4,1679,1937,"Of 2,760 quarantined people, 34 percent, or 938 individuals, reported high levels of psychological distress, which can indicate mental health problems such as anxiety and depression, during the outbreak compared with 12 percent of non-quarantined individuals"
15,CovidArticles/Covid_article_for_PE_S&S&S.txt,100059,Covid_article_for_PE_S&S&S.txt,4b537e0ed21179a29ed28da28057d338e67330ae12123ccceba6724f35bd68a4,6794,51009265-25fd-4828-8ad8-b7c373bd4c58,Covid_Evidencev1.adjudicated,fb85fd41-224b-4359-a24e-f4f30b5923fb,Adjudicator Nick Adams QUIZ source task 2224 article number 100059 project 196,TRUE,edb1510f-1923-4d6f-a678-95f53d752bea,9f0b83f7-44c8-40c9-958a-9ef965dce1eb,Covid_Evidence2020_03_21,01.09.01,0,2226abe4-b7a9-4ea8-acfd-13387300f3fb,"{""answer_text"": ""Yes""}",1,1679,1937,"Of 2,760 quarantined people, 34 percent, or 938 individuals, reported high levels of psychological distress, which can indicate mental health problems such as anxiety and depression, during the outbreak compared with 12 percent of non-quarantined individuals"
5,CovidArticles/Covid_article_for_PE_S&S&S.txt,100059,Covid_article_for_PE_S&S&S.txt,4b537e0ed21179a29ed28da28057d338e67330ae12123ccceba6724f35bd68a4,6794,51009265-25fd-4828-8ad8-b7c373bd4c58,Covid_Evidencev1.adjudicated,f903010c-a61d-4425-aefe-2a3117fc7e18,Adjudicator Nick Adams QUIZ source task 2226 article number 100059 project 196,TRUE,f7562d2d-e884-41f7-8d1c-5163848cb3bf,c796b24c-762e-4a30-a7eb-89fb16d42000,Covid_Evidence2020_03_21,01.09.01,1,2226abe4-b7a9-4ea8-acfd-13387300f3fb,"{""answer_text"": ""Yes""}",1,1401,1937,"Many\xa0quarantined individuals experienced both short- and long-term mental health problems, including stress, insomnia, emotional exhaustion and substance abuse. For instance, one study compared quarantined versus non-quarantined individuals during an equine influenza outbreak. Of 2,760 quarantined people, 34 percent, or 938 individuals, reported high levels of psychological distress, which can indicate mental health problems such as anxiety and depression, during the outbreak compared with 12 percent of non-quarantined individuals"
2,CovidArticles/Covid_article_for_PE_S&S&S.txt,100059,Covid_article_for_PE_S&S&S.txt,4b537e0ed21179a29ed28da28057d338e67330ae12123ccceba6724f35bd68a4,6794,51009265-25fd-4828-8ad8-b7c373bd4c58,Covid_Evidencev1.adjudicated,3e8fc666-262f-4ca6-85ea-b32b801ceb1d,Adjudicator Nick Adams QUIZ source task 2225 article number 100059 project 196,TRUE,24657063-8eb5-4cf4-83d1-f39945922c3f,fc07d6ee-cbbf-4b40-9b11-f5dd1e4ed86d,Covid_Evidence2020_03_21,01.02.02,1,ba2d1638-2509-4ce8-9130-39ea26d1d424,"{""answer_text"": ""Cause precedes effect""}",1,2163,2180,three years later
1,CovidArticles/Covid_article_for_PE_S&S&S.txt,100059,Covid_article_for_PE_S&S&S.txt,4b537e0ed21179a29ed28da28057d338e67330ae12123ccceba6724f35bd68a4,6794,51009265-25fd-4828-8ad8-b7c373bd4c58,Covid_Evidencev1.adjudicated,3e8fc666-262f-4ca6-85ea-b32b801ceb1d,Adjudicator Nick Adams QUIZ source task 2225 article number 100059 project 196,TRUE,24657063-8eb5-4cf4-83d1-f39945922c3f,05800630-d1cd-4324-97fa-5fc2320b8e15,Covid_Evidence2020_03_21,01.02.01,0,5a1fb1f4-d8b7-45c0-bce5-7d4c3b91c55f,"{""answer_text"": ""Correlation""}",1,1939,2236,Another study looked at the effects of the 2003 SARS outbreak on 549 hospital workers in Beijing. Those who were quarantined or worked in high-risk settings \u2014 almost half the sample \u2014 reported higher levels of alcohol abuse three years later than workers with less-intense exposure to the outbreak
0,CovidArticles/Covid_article_for_PE_S&S&S.txt,100059,Covid_article_for_PE_S&S&S.txt,4b537e0ed21179a29ed28da28057d338e67330ae12123ccceba6724f35bd68a4,6794,496f1cfe-cc73-45fe-bc74-d23a8668713f,Covid_Probabilityv1.IAA,6a27d520-5beb-4dc7-8500-0f68ff73d8fd,tua_csv/2020/06/Adj_S_IAA_Covid_Probabilityv1-Task-2231-DataHunt.csv.gz,TRUE,615235b3-4ead-45c6-9666-2d9b5df2ae79,353d55e2-b82f-416b-8345-6c08e615b86a,Covid_Probability,3adf818c,0,3adf818c-86cd-457b-8a4e-3d737aa3a659,"{""answer_text_list"": [""Yes, explicitly"", ""Yes, explicitly"", ""Yes, explicitly""]}",3,2238,2272,Certain factors increased the risk
7,CovidArticles/Covid_article_for_PE_S&S&S.txt,100059,Covid_article_for_PE_S&S&S.txt,4b537e0ed21179a29ed28da28057d338e67330ae12123ccceba6724f35bd68a4,6794,51009265-25fd-4828-8ad8-b7c373bd4c58,Covid_Evidencev1.adjudicated,3e8fc666-262f-4ca6-85ea-b32b801ceb1d,Adjudicator Nick Adams QUIZ source task 2225 article number 100059 project 196,TRUE,24657063-8eb5-4cf4-83d1-f39945922c3f,dda3f1a4-b101-4801-8007-bb75ea1b1273,Covid_Evidence2020_03_21,01.09.01,0,2226abe4-b7a9-4ea8-acfd-13387300f3fb,"{""answer_text"": ""Yes""}",1,1953,2403,"looked at the effects of the 2003 SARS outbreak on 549 hospital workers in Beijing. Those who were quarantined or worked in high-risk settings \u2014 almost half the sample \u2014 reported higher levels of alcohol abuse three years later than workers with less-intense exposure to the outbreak.\nCertain factors increased the risk of psychological problems, such as quarantines lasting longer than 10 days (which was associated mostly with post-traumatic stress"
0,CovidArticles/Covid_article_for_PE_S&S&S.txt,100059,Covid_article_for_PE_S&S&S.txt,4b537e0ed21179a29ed28da28057d338e67330ae12123ccceba6724f35bd68a4,6794,51009265-25fd-4828-8ad8-b7c373bd4c58,Covid_Evidencev1.adjudicated,3e8fc666-262f-4ca6-85ea-b32b801ceb1d,Adjudicator Nick Adams QUIZ source task 2225 article number 100059 project 196,TRUE,24657063-8eb5-4cf4-83d1-f39945922c3f,b5af558c-f7b7-4a70-9681-a05aaecc55b2,Covid_Evidence2020_03_21,01.01.01,0,73d7a14a-9ec6-404c-b2b7-a55508af3b76,"{""answer_text"": ""General Causation (In general, X causes Y.)""}",1,1939,2534,"Another study looked at the effects of the 2003 SARS outbreak on 549 hospital workers in Beijing. Those who were quarantined or worked in high-risk settings \u2014 almost half the sample \u2014 reported higher levels of alcohol abuse three years later than workers with less-intense exposure to the outbreak.\nCertain factors increased the risk of psychological problems, such as quarantines lasting longer than 10 days (which was associated mostly with post-traumatic stress), poor information about the rationale for the quarantine, and lack of access to necessary supplies and telecommunication services"
3,CovidArticles/Covid_article_for_PE_S&S&S.txt,100059,Covid_article_for_PE_S&S&S.txt,4b537e0ed21179a29ed28da28057d338e67330ae12123ccceba6724f35bd68a4,6794,51009265-25fd-4828-8ad8-b7c373bd4c58,Covid_Evidencev1.adjudicated,3e8fc666-262f-4ca6-85ea-b32b801ceb1d,Adjudicator Nick Adams QUIZ source task 2225 article number 100059 project 196,TRUE,24657063-8eb5-4cf4-83d1-f39945922c3f,d144104e-4249-4256-984e-8e144473365b,Covid_Evidence2020_03_21,01.02.04,0,0546a258-029e-46ed-a84f-9ea36d69a770,"{""answer_text"": ""A plausible mechanism is proposed""}",1,2238,2534,"Certain factors increased the risk of psychological problems, such as quarantines lasting longer than 10 days (which was associated mostly with post-traumatic stress), poor information about the rationale for the quarantine, and lack of access to necessary supplies and telecommunication services"
10,CovidArticles/Covid_article_for_PE_S&S&S.txt,100059,Covid_article_for_PE_S&S&S.txt,4b537e0ed21179a29ed28da28057d338e67330ae12123ccceba6724f35bd68a4,6794,51009265-25fd-4828-8ad8-b7c373bd4c58,Covid_Evidencev1.adjudicated,3e8fc666-262f-4ca6-85ea-b32b801ceb1d,Adjudicator Nick Adams QUIZ source task 2225 article number 100059 project 196,TRUE,24657063-8eb5-4cf4-83d1-f39945922c3f,32c2c4e1-8a0b-4ae4-81c8-e1bcb00c0597,Covid_Evidence2020_03_21,01.12.02,1,a0972088-cb65-4764-a4ee-3be2b2bd100a,"{""answer_text"": ""Yes, implicitly""}",3,2559,2584,can reduce the likelihood
1,CovidArticles/Covid_article_for_PE_S&S&S.txt,100059,Covid_article_for_PE_S&S&S.txt,4b537e0ed21179a29ed28da28057d338e67330ae12123ccceba6724f35bd68a4,6794,496f1cfe-cc73-45fe-bc74-d23a8668713f,Covid_Probabilityv1.IAA,6a27d520-5beb-4dc7-8500-0f68ff73d8fd,tua_csv/2020/06/Adj_S_IAA_Covid_Probabilityv1-Task-2231-DataHunt.csv.gz,TRUE,615235b3-4ead-45c6-9666-2d9b5df2ae79,353d55e2-b82f-416b-8345-6c08e615b86a,Covid_Probability,3adf818c,0,3adf818c-86cd-457b-8a4e-3d737aa3a659,"{""answer_text_list"": [""Yes, explicitly"", ""Yes, explicitly"", ""Yes, explicitly""]}",3,2536,2584,Mitigating those risks can reduce the likelihood
17,CovidArticles/Covid_article_for_PE_S&S&S.txt,100059,Covid_article_for_PE_S&S&S.txt,4b537e0ed21179a29ed28da28057d338e67330ae12123ccceba6724f35bd68a4,6794,2b262877-737c-4b08-957b-409e1a32dbd8,Covid_Holisiticv1.2.adjudicated,1831414c-0114-4c6c-b676-19d3fdd194ab,Adjudicator Nick Adams QUIZ source task 2237 article number 100059 project 200,TRUE,a0398b30-583f-4809-9f4c-1dd499e79205,e2b8ee66-a4f4-4531-99a2-829d4f2f95b3,Covid_Holisticv1.2,01.15.04,1,712346c8-03b3-46e8-98a8-3792a8b33954,"{""answer_text"": ""Other""}",1,2674,2681,College
2,CovidArticles/Covid_article_for_PE_S&S&S.txt,100059,Covid_article_for_PE_S&S&S.txt,4b537e0ed21179a29ed28da28057d338e67330ae12123ccceba6724f35bd68a4,6794,496f1cfe-cc73-45fe-bc74-d23a8668713f,Covid_Probabilityv1.IAA,6a27d520-5beb-4dc7-8500-0f68ff73d8fd,tua_csv/2020/06/Adj_S_IAA_Covid_Probabilityv1-Task-2231-DataHunt.csv.gz,TRUE,615235b3-4ead-45c6-9666-2d9b5df2ae79,353d55e2-b82f-416b-8345-6c08e615b86a,Covid_Probability,3adf818c,0,3adf818c-86cd-457b-8a4e-3d737aa3a659,"{""answer_text_list"": [""Yes, explicitly"", ""Yes, explicitly"", ""Yes, explicitly""]}",3,2740,2792,it need not cause serious mental health difficulties
11,CovidArticles/Covid_article_for_PE_S&S&S.txt,100059,Covid_article_for_PE_S&S&S.txt,4b537e0ed21179a29ed28da28057d338e67330ae12123ccceba6724f35bd68a4,6794,51009265-25fd-4828-8ad8-b7c373bd4c58,Covid_Evidencev1.adjudicated,3e8fc666-262f-4ca6-85ea-b32b801ceb1d,Adjudicator Nick Adams QUIZ source task 2225 article number 100059 project 196,TRUE,24657063-8eb5-4cf4-83d1-f39945922c3f,32c2c4e1-8a0b-4ae4-81c8-e1bcb00c0597,Covid_Evidence2020_03_21,01.12.02,1,a0972088-cb65-4764-a4ee-3be2b2bd100a,"{""answer_text"": ""Yes, implicitly""}",3,2894,2902,suggests
0,CovidArticles/Covid_article_for_PE_S&S&S.txt,100059,Covid_article_for_PE_S&S&S.txt,4b537e0ed21179a29ed28da28057d338e67330ae12123ccceba6724f35bd68a4,6794,496f1cfe-cc73-45fe-bc74-d23a8668713f,Covid_Probabilityv1.IAA,8954ee31-f0f6-427b-b97e-c5e2f2bd9d28,tua_csv/2020/06/Adj_S_IAA_Covid_Probabilityv1-Task-2232-DataHunt.csv.gz,TRUE,57375874-1ecd-46b5-9ef9-8e4500a49438,b0959e44-db80-4b2e-aa35-5866c241bb62,Covid_Probability,197d9ebe,0,197d9ebe-9a23-43a6-ab46-ff4f0aae75cf,"{""answer_text_list"": [""Yes, implicitly"", ""Yes, implicitly"", ""Yes, implicitly"", ""Yes, implicitly""]}",4,2875,2902,research elsewhere suggests
12,CovidArticles/Covid_article_for_PE_S&S&S.txt,100059,Covid_article_for_PE_S&S&S.txt,4b537e0ed21179a29ed28da28057d338e67330ae12123ccceba6724f35bd68a4,6794,51009265-25fd-4828-8ad8-b7c373bd4c58,Covid_Evidencev1.adjudicated,3e8fc666-262f-4ca6-85ea-b32b801ceb1d,Adjudicator Nick Adams QUIZ source task 2225 article number 100059 project 196,TRUE,24657063-8eb5-4cf4-83d1-f39945922c3f,32c2c4e1-8a0b-4ae4-81c8-e1bcb00c0597,Covid_Evidence2020_03_21,01.12.02,1,a0972088-cb65-4764-a4ee-3be2b2bd100a,"{""answer_text"": ""Yes, implicitly""}",3,3030,3035,might
1,CovidArticles/Covid_article_for_PE_S&S&S.txt,100059,Covid_article_for_PE_S&S&S.txt,4b537e0ed21179a29ed28da28057d338e67330ae12123ccceba6724f35bd68a4,6794,496f1cfe-cc73-45fe-bc74-d23a8668713f,Covid_Probabilityv1.IAA,8954ee31-f0f6-427b-b97e-c5e2f2bd9d28,tua_csv/2020/06/Adj_S_IAA_Covid_Probabilityv1-Task-2232-DataHunt.csv.gz,TRUE,57375874-1ecd-46b5-9ef9-8e4500a49438,b0959e44-db80-4b2e-aa35-5866c241bb62,Covid_Probability,197d9ebe,0,197d9ebe-9a23-43a6-ab46-ff4f0aae75cf,"{""answer_text_list"": [""Yes, implicitly"", ""Yes, implicitly"", ""Yes, implicitly"", ""Yes, implicitly""]}",4,3246,3253,tend to
1,CovidArticles/Covid_article_for_PE_S&S&S.txt,100059,Covid_article_for_PE_S&S&S.txt,4b537e0ed21179a29ed28da28057d338e67330ae12123ccceba6724f35bd68a4,6794,51009265-25fd-4828-8ad8-b7c373bd4c58,Covid_Evidencev1.adjudicated,f903010c-a61d-4425-aefe-2a3117fc7e18,Adjudicator Nick Adams QUIZ source task 2226 article number 100059 project 196,TRUE,f7562d2d-e884-41f7-8d1c-5163848cb3bf,a570ea41-9fe3-4228-885b-fd46e089499d,Covid_Evidence2020_03_21,01.02.07,0,c51b597d-2d96-4337-affe-b92836a08869,"{""answer_text"": ""Experts are cited""}",2,3129,3316,"psychiatrist Damir Huremovic of Northwell Health in Manhasset, N.Y. Health problems associated with social isolation tend to crop up when the situation goes on beyond a few weeks, he says"
2,CovidArticles/Covid_article_for_PE_S&S&S.txt,100059,Covid_article_for_PE_S&S&S.txt,4b537e0ed21179a29ed28da28057d338e67330ae12123ccceba6724f35bd68a4,6794,496f1cfe-cc73-45fe-bc74-d23a8668713f,Covid_Probabilityv1.IAA,8954ee31-f0f6-427b-b97e-c5e2f2bd9d28,tua_csv/2020/06/Adj_S_IAA_Covid_Probabilityv1-Task-2232-DataHunt.csv.gz,TRUE,57375874-1ecd-46b5-9ef9-8e4500a49438,b0959e44-db80-4b2e-aa35-5866c241bb62,Covid_Probability,197d9ebe,0,197d9ebe-9a23-43a6-ab46-ff4f0aae75cf,"{""answer_text_list"": [""Yes, implicitly"", ""Yes, implicitly"", ""Yes, implicitly"", ""Yes, implicitly""]}",4,3461,3474,could trigger
0,CovidArticles/Covid_article_for_PE_S&S&S.txt,100059,Covid_article_for_PE_S&S&S.txt,4b537e0ed21179a29ed28da28057d338e67330ae12123ccceba6724f35bd68a4,6794,51009265-25fd-4828-8ad8-b7c373bd4c58,Covid_Evidencev1.adjudicated,f903010c-a61d-4425-aefe-2a3117fc7e18,Adjudicator Nick Adams QUIZ source task 2226 article number 100059 project 196,TRUE,f7562d2d-e884-41f7-8d1c-5163848cb3bf,206916db-53cb-4e09-9d11-ca146193c16c,Covid_Evidence2020_03_21,01.01.01,0,73d7a14a-9ec6-404c-b2b7-a55508af3b76,"{""answer_text"": ""General Causation (In general, X causes Y.)""}",1,3197,3528,"Health problems associated with social isolation tend to crop up when the situation goes on beyond a few weeks, he says. Walling people off from one another for months means the secondary effects of the pandemic, such as recession, social unrest and unemployment, could trigger unpredictable and widespread mental health challenges"
6,CovidArticles/Covid_article_for_PE_S&S&S.txt,100059,Covid_article_for_PE_S&S&S.txt,4b537e0ed21179a29ed28da28057d338e67330ae12123ccceba6724f35bd68a4,6794,496f1cfe-cc73-45fe-bc74-d23a8668713f,Covid_Probabilityv1.IAA,8954ee31-f0f6-427b-b97e-c5e2f2bd9d28,tua_csv/2020/06/Adj_S_IAA_Covid_Probabilityv1-Task-2232-DataHunt.csv.gz,TRUE,57375874-1ecd-46b5-9ef9-8e4500a49438,6686f388-e7fa-475d-8476-7002c016225f,Covid_Probability,5606d8e9,0,5606d8e9-7ace-405f-a87e-5ef9f7c2e8eb,"{""answer_text_list"": [""No, not at all"", ""No, not at all""]}",2,3461,3528,could trigger unpredictable and widespread mental health challenges
7,CovidArticles/Covid_article_for_PE_S&S&S.txt,100059,Covid_article_for_PE_S&S&S.txt,4b537e0ed21179a29ed28da28057d338e67330ae12123ccceba6724f35bd68a4,6794,496f1cfe-cc73-45fe-bc74-d23a8668713f,Covid_Probabilityv1.IAA,8954ee31-f0f6-427b-b97e-c5e2f2bd9d28,tua_csv/2020/06/Adj_S_IAA_Covid_Probabilityv1-Task-2232-DataHunt.csv.gz,TRUE,57375874-1ecd-46b5-9ef9-8e4500a49438,6686f388-e7fa-475d-8476-7002c016225f,Covid_Probability,5606d8e9,0,5606d8e9-7ace-405f-a87e-5ef9f7c2e8eb,"{""answer_text_list"": [""No, not at all"", ""No, not at all""]}",2,3531,3547,I sincerely hope
2,CovidArticles/Covid_article_for_PE_S&S&S.txt,100059,Covid_article_for_PE_S&S&S.txt,4b537e0ed21179a29ed28da28057d338e67330ae12123ccceba6724f35bd68a4,6794,51009265-25fd-4828-8ad8-b7c373bd4c58,Covid_Evidencev1.adjudicated,f903010c-a61d-4425-aefe-2a3117fc7e18,Adjudicator Nick Adams QUIZ source task 2226 article number 100059 project 196,TRUE,f7562d2d-e884-41f7-8d1c-5163848cb3bf,a570ea41-9fe3-4228-885b-fd46e089499d,Covid_Evidence2020_03_21,01.02.07,0,c51b597d-2d96-4337-affe-b92836a08869,"{""answer_text"": ""Experts are cited""}",2,3583,3702,"Huremovic, who cowrote and edited the 2019 book\xa0Psychiatry of Pandemics: A Mental Health Response to Infection Outbreak"
3,CovidArticles/Covid_article_for_PE_S&S&S.txt,100059,Covid_article_for_PE_S&S&S.txt,4b537e0ed21179a29ed28da28057d338e67330ae12123ccceba6724f35bd68a4,6794,496f1cfe-cc73-45fe-bc74-d23a8668713f,Covid_Probabilityv1.IAA,8954ee31-f0f6-427b-b97e-c5e2f2bd9d28,tua_csv/2020/06/Adj_S_IAA_Covid_Probabilityv1-Task-2232-DataHunt.csv.gz,TRUE,57375874-1ecd-46b5-9ef9-8e4500a49438,b0959e44-db80-4b2e-aa35-5866c241bb62,Covid_Probability,197d9ebe,0,197d9ebe-9a23-43a6-ab46-ff4f0aae75cf,"{""answer_text_list"": [""Yes, implicitly"", ""Yes, implicitly"", ""Yes, implicitly"", ""Yes, implicitly""]}",4,4531,4549,isolation may harm
3,CovidArticles/Covid_article_for_PE_S&S&S.txt,100059,Covid_article_for_PE_S&S&S.txt,4b537e0ed21179a29ed28da28057d338e67330ae12123ccceba6724f35bd68a4,6794,496f1cfe-cc73-45fe-bc74-d23a8668713f,Covid_Probabilityv1.IAA,7df01b5b-3fc2-4887-959d-ddc25516b58a,tua_csv/2020/06/Adj_S_IAA_Covid_Probabilityv1-Task-2233-DataHunt.csv.gz,TRUE,02eab525-39de-42ac-a27f-ded7ef4fe780,c343da3b-2364-44df-9060-7cb59c0f24bd,Covid_Probability,56db74b2,0,56db74b2-9f44-4134-880a-49deafce69e9,"{""answer_text_list"": [""Number given, but no baseline comparison number given"", ""Number given, but no baseline comparison number given"", ""Number given, but no baseline comparison number given""]}",3,4819,4829,26 percent
9,CovidArticles/Covid_article_for_PE_S&S&S.txt,100059,Covid_article_for_PE_S&S&S.txt,4b537e0ed21179a29ed28da28057d338e67330ae12123ccceba6724f35bd68a4,6794,496f1cfe-cc73-45fe-bc74-d23a8668713f,Covid_Probabilityv1.IAA,7df01b5b-3fc2-4887-959d-ddc25516b58a,tua_csv/2020/06/Adj_S_IAA_Covid_Probabilityv1-Task-2233-DataHunt.csv.gz,TRUE,02eab525-39de-42ac-a27f-ded7ef4fe780,4fd18f6d-4109-4f8b-88e7-b75af81f9e41,Covid_Probability,99e392bc,0,99e392bc-20d5-4381-9e7c-10682ee30a45,"{""answer_text_list"": [""Yes, multiple numbers"", ""Yes, multiple numbers"", ""Yes, multiple numbers""]}",3,4819,4829,26 percent
4,CovidArticles/Covid_article_for_PE_S&S&S.txt,100059,Covid_article_for_PE_S&S&S.txt,4b537e0ed21179a29ed28da28057d338e67330ae12123ccceba6724f35bd68a4,6794,496f1cfe-cc73-45fe-bc74-d23a8668713f,Covid_Probabilityv1.IAA,7df01b5b-3fc2-4887-959d-ddc25516b58a,tua_csv/2020/06/Adj_S_IAA_Covid_Probabilityv1-Task-2233-DataHunt.csv.gz,TRUE,02eab525-39de-42ac-a27f-ded7ef4fe780,c343da3b-2364-44df-9060-7cb59c0f24bd,Covid_Probability,56db74b2,0,56db74b2-9f44-4134-880a-49deafce69e9,"{""answer_text_list"": [""Number given, but no baseline comparison number given"", ""Number given, but no baseline comparison number given"", ""Number given, but no baseline comparison number given""]}",3,4881,4891,29 percent
10,CovidArticles/Covid_article_for_PE_S&S&S.txt,100059,Covid_article_for_PE_S&S&S.txt,4b537e0ed21179a29ed28da28057d338e67330ae12123ccceba6724f35bd68a4,6794,496f1cfe-cc73-45fe-bc74-d23a8668713f,Covid_Probabilityv1.IAA,7df01b5b-3fc2-4887-959d-ddc25516b58a,tua_csv/2020/06/Adj_S_IAA_Covid_Probabilityv1-Task-2233-DataHunt.csv.gz,TRUE,02eab525-39de-42ac-a27f-ded7ef4fe780,4fd18f6d-4109-4f8b-88e7-b75af81f9e41,Covid_Probability,99e392bc,0,99e392bc-20d5-4381-9e7c-10682ee30a45,"{""answer_text_list"": [""Yes, multiple numbers"", ""Yes, multiple numbers"", ""Yes, multiple numbers""]}",3,4881,4891,29 percent
5,CovidArticles/Covid_article_for_PE_S&S&S.txt,100059,Covid_article_for_PE_S&S&S.txt,4b537e0ed21179a29ed28da28057d338e67330ae12123ccceba6724f35bd68a4,6794,496f1cfe-cc73-45fe-bc74-d23a8668713f,Covid_Probabilityv1.IAA,7df01b5b-3fc2-4887-959d-ddc25516b58a,tua_csv/2020/06/Adj_S_IAA_Covid_Probabilityv1-Task-2233-DataHunt.csv.gz,TRUE,02eab525-39de-42ac-a27f-ded7ef4fe780,c343da3b-2364-44df-9060-7cb59c0f24bd,Covid_Probability,56db74b2,0,56db74b2-9f44-4134-880a-49deafce69e9,"{""answer_text_list"": [""Number given, but no baseline comparison number given"", ""Number given, but no baseline comparison number given"", ""Number given, but no baseline comparison number given""]}",3,4962,4972,32 percent
11,CovidArticles/Covid_article_for_PE_S&S&S.txt,100059,Covid_article_for_PE_S&S&S.txt,4b537e0ed21179a29ed28da28057d338e67330ae12123ccceba6724f35bd68a4,6794,496f1cfe-cc73-45fe-bc74-d23a8668713f,Covid_Probabilityv1.IAA,7df01b5b-3fc2-4887-959d-ddc25516b58a,tua_csv/2020/06/Adj_S_IAA_Covid_Probabilityv1-Task-2233-DataHunt.csv.gz,TRUE,02eab525-39de-42ac-a27f-ded7ef4fe780,4fd18f6d-4109-4f8b-88e7-b75af81f9e41,Covid_Probability,99e392bc,0,99e392bc-20d5-4381-9e7c-10682ee30a45,"{""answer_text_list"": [""Yes, multiple numbers"", ""Yes, multiple numbers"", ""Yes, multiple numbers""]}",3,4962,4972,32 percent
7,CovidArticles/Covid_article_for_PE_S&S&S.txt,100059,Covid_article_for_PE_S&S&S.txt,4b537e0ed21179a29ed28da28057d338e67330ae12123ccceba6724f35bd68a4,6794,496f1cfe-cc73-45fe-bc74-d23a8668713f,Covid_Probabilityv1.IAA,7df01b5b-3fc2-4887-959d-ddc25516b58a,tua_csv/2020/06/Adj_S_IAA_Covid_Probabilityv1-Task-2233-DataHunt.csv.gz,TRUE,02eab525-39de-42ac-a27f-ded7ef4fe780,398fef9e-f721-4a95-8baf-4558cb68bf12,Covid_Probability,93f9e87c,0,93f9e87c-fc74-48b2-9f74-523a705c0f2d,"{""answer_text_list"": [""No""]}",1,4758,5011,"The likelihood of dying during the study period\xa0increased by 26 percent for those who reported loneliness (feeling alone), 29 percent for those who were socially isolated (having few social contacts) and 32 percent for those living alone, the team found"
0,CovidArticles/Covid_article_for_PE_S&S&S.txt,100059,Covid_article_for_PE_S&S&S.txt,4b537e0ed21179a29ed28da28057d338e67330ae12123ccceba6724f35bd68a4,6794,496f1cfe-cc73-45fe-bc74-d23a8668713f,Covid_Probabilityv1.IAA,c666ba14-24aa-465e-aeca-38e4480312cf,tua_csv/2020/06/Adj_S_IAA_Covid_Probabilityv1-Task-2234-DataHunt.csv.gz,TRUE,8ec4416b-e485-41d9-a460-9358ec26e63d,44dcf8fa-d50c-4d1e-a347-8b91df946459,Covid_Probability,197d9ebe,0,197d9ebe-9a23-43a6-ab46-ff4f0aae75cf,"{""answer_text_list"": [""Yes, implicitly"", ""Yes, implicitly"", ""Yes, implicitly"", ""Yes, implicitly""]}",4,5401,5406,could
6,CovidArticles/Covid_article_for_PE_S&S&S.txt,100059,Covid_article_for_PE_S&S&S.txt,4b537e0ed21179a29ed28da28057d338e67330ae12123ccceba6724f35bd68a4,6794,496f1cfe-cc73-45fe-bc74-d23a8668713f,Covid_Probabilityv1.IAA,c666ba14-24aa-465e-aeca-38e4480312cf,tua_csv/2020/06/Adj_S_IAA_Covid_Probabilityv1-Task-2234-DataHunt.csv.gz,TRUE,8ec4416b-e485-41d9-a460-9358ec26e63d,e2498f3e-1510-4287-9d67-cb0804b686ca,Covid_Probability,5606d8e9,0,5606d8e9-7ace-405f-a87e-5ef9f7c2e8eb,"{""answer_text_list"": [""No, not at all"", ""No, not at all"", ""No, not at all"", ""No, not at all""]}",4,5401,5416,could even help
1,CovidArticles/Covid_article_for_PE_S&S&S.txt,100059,Covid_article_for_PE_S&S&S.txt,4b537e0ed21179a29ed28da28057d338e67330ae12123ccceba6724f35bd68a4,6794,496f1cfe-cc73-45fe-bc74-d23a8668713f,Covid_Probabilityv1.IAA,c666ba14-24aa-465e-aeca-38e4480312cf,tua_csv/2020/06/Adj_S_IAA_Covid_Probabilityv1-Task-2234-DataHunt.csv.gz,TRUE,8ec4416b-e485-41d9-a460-9358ec26e63d,44dcf8fa-d50c-4d1e-a347-8b91df946459,Covid_Probability,197d9ebe,0,197d9ebe-9a23-43a6-ab46-ff4f0aae75cf,"{""answer_text_list"": [""Yes, implicitly"", ""Yes, implicitly"", ""Yes, implicitly"", ""Yes, implicitly""]}",4,5467,5492,Limited research suggests
7,CovidArticles/Covid_article_for_PE_S&S&S.txt,100059,Covid_article_for_PE_S&S&S.txt,4b537e0ed21179a29ed28da28057d338e67330ae12123ccceba6724f35bd68a4,6794,496f1cfe-cc73-45fe-bc74-d23a8668713f,Covid_Probabilityv1.IAA,c666ba14-24aa-465e-aeca-38e4480312cf,tua_csv/2020/06/Adj_S_IAA_Covid_Probabilityv1-Task-2234-DataHunt.csv.gz,TRUE,8ec4416b-e485-41d9-a460-9358ec26e63d,e2498f3e-1510-4287-9d67-cb0804b686ca,Covid_Probability,5606d8e9,0,5606d8e9-7ace-405f-a87e-5ef9f7c2e8eb,"{""answer_text_list"": [""No, not at all"", ""No, not at all"", ""No, not at all"", ""No, not at all""]}",4,5467,5492,Limited research suggests
2,CovidArticles/Covid_article_for_PE_S&S&S.txt,100059,Covid_article_for_PE_S&S&S.txt,4b537e0ed21179a29ed28da28057d338e67330ae12123ccceba6724f35bd68a4,6794,496f1cfe-cc73-45fe-bc74-d23a8668713f,Covid_Probabilityv1.IAA,c666ba14-24aa-465e-aeca-38e4480312cf,tua_csv/2020/06/Adj_S_IAA_Covid_Probabilityv1-Task-2234-DataHunt.csv.gz,TRUE,8ec4416b-e485-41d9-a460-9358ec26e63d,44dcf8fa-d50c-4d1e-a347-8b91df946459,Covid_Probability,197d9ebe,0,197d9ebe-9a23-43a6-ab46-ff4f0aae75cf,"{""answer_text_list"": [""Yes, implicitly"", ""Yes, implicitly"", ""Yes, implicitly"", ""Yes, implicitly""]}",4,5606,5639,gerontologist Verena Menec doubts
8,CovidArticles/Covid_article_for_PE_S&S&S.txt,100059,Covid_article_for_PE_S&S&S.txt,4b537e0ed21179a29ed28da28057d338e67330ae12123ccceba6724f35bd68a4,6794,496f1cfe-cc73-45fe-bc74-d23a8668713f,Covid_Probabilityv1.IAA,c666ba14-24aa-465e-aeca-38e4480312cf,tua_csv/2020/06/Adj_S_IAA_Covid_Probabilityv1-Task-2234-DataHunt.csv.gz,TRUE,8ec4416b-e485-41d9-a460-9358ec26e63d,e2498f3e-1510-4287-9d67-cb0804b686ca,Covid_Probability,5606d8e9,0,5606d8e9-7ace-405f-a87e-5ef9f7c2e8eb,"{""answer_text_list"": [""No, not at all"", ""No, not at all"", ""No, not at all"", ""No, not at all""]}",4,5606,5639,gerontologist Verena Menec doubts
3,CovidArticles/Covid_article_for_PE_S&S&S.txt,100059,Covid_article_for_PE_S&S&S.txt,4b537e0ed21179a29ed28da28057d338e67330ae12123ccceba6724f35bd68a4,6794,496f1cfe-cc73-45fe-bc74-d23a8668713f,Covid_Probabilityv1.IAA,c666ba14-24aa-465e-aeca-38e4480312cf,tua_csv/2020/06/Adj_S_IAA_Covid_Probabilityv1-Task-2234-DataHunt.csv.gz,TRUE,8ec4416b-e485-41d9-a460-9358ec26e63d,44dcf8fa-d50c-4d1e-a347-8b91df946459,Covid_Probability,197d9ebe,0,197d9ebe-9a23-43a6-ab46-ff4f0aae75cf,"{""answer_text_list"": [""Yes, implicitly"", ""Yes, implicitly"", ""Yes, implicitly"", ""Yes, implicitly""]}",4,5755,5789,I don\u2019t think that would be enough
9,CovidArticles/Covid_article_for_PE_S&S&S.txt,100059,Covid_article_for_PE_S&S&S.txt,4b537e0ed21179a29ed28da28057d338e67330ae12123ccceba6724f35bd68a4,6794,496f1cfe-cc73-45fe-bc74-d23a8668713f,Covid_Probabilityv1.IAA,c666ba14-24aa-465e-aeca-38e4480312cf,tua_csv/2020/06/Adj_S_IAA_Covid_Probabilityv1-Task-2234-DataHunt.csv.gz,TRUE,8ec4416b-e485-41d9-a460-9358ec26e63d,e2498f3e-1510-4287-9d67-cb0804b686ca,Covid_Probability,5606d8e9,0,5606d8e9-7ace-405f-a87e-5ef9f7c2e8eb,"{""answer_text_list"": [""No, not at all"", ""No, not at all"", ""No, not at all"", ""No, not at all""]}",4,5755,5789,I don\u2019t think that would be enough
0,CovidArticles/Covid_article_for_PE_S&S&S.txt,100059,Covid_article_for_PE_S&S&S.txt,4b537e0ed21179a29ed28da28057d338e67330ae12123ccceba6724f35bd68a4,6794,496f1cfe-cc73-45fe-bc74-d23a8668713f,Covid_Probabilityv1.IAA,194b511c-af07-4763-8809-68290b45ddc6,tua_csv/2020/06/Adj_S_IAA_Covid_Probabilityv1-Task-2235-DataHunt.csv.gz,TRUE,0834fc96-8c79-403c-80a0-4956d15b406f,a9334b17-6e62-48d4-8705-5ab2a2ec7fcd,Covid_Probability,197d9ebe,0,197d9ebe-9a23-43a6-ab46-ff4f0aae75cf,"{""answer_text_list"": [""Yes, implicitly"", ""Yes, implicitly""]}",2,5960,5975,studies suggest
3,CovidArticles/Covid_article_for_PE_S&S&S.txt,100059,Covid_article_for_PE_S&S&S.txt,4b537e0ed21179a29ed28da28057d338e67330ae12123ccceba6724f35bd68a4,6794,496f1cfe-cc73-45fe-bc74-d23a8668713f,Covid_Probabilityv1.IAA,194b511c-af07-4763-8809-68290b45ddc6,tua_csv/2020/06/Adj_S_IAA_Covid_Probabilityv1-Task-2235-DataHunt.csv.gz,TRUE,0834fc96-8c79-403c-80a0-4956d15b406f,4f0647aa-1445-497d-9ac4-7041bbf950d6,Covid_Probability,5606d8e9,0,5606d8e9-7ace-405f-a87e-5ef9f7c2e8eb,"{""answer_text_list"": [""No, not at all"", ""No, not at all""]}",2,5960,5975,studies suggest
1,CovidArticles/Covid_article_for_PE_S&S&S.txt,100059,Covid_article_for_PE_S&S&S.txt,4b537e0ed21179a29ed28da28057d338e67330ae12123ccceba6724f35bd68a4,6794,496f1cfe-cc73-45fe-bc74-d23a8668713f,Covid_Probabilityv1.IAA,194b511c-af07-4763-8809-68290b45ddc6,tua_csv/2020/06/Adj_S_IAA_Covid_Probabilityv1-Task-2235-DataHunt.csv.gz,TRUE,0834fc96-8c79-403c-80a0-4956d15b406f,a9334b17-6e62-48d4-8705-5ab2a2ec7fcd,Covid_Probability,197d9ebe,0,197d9ebe-9a23-43a6-ab46-ff4f0aae75cf,"{""answer_text_list"": [""Yes, implicitly"", ""Yes, implicitly""]}",2,5995,6037,including possibly\xa0lowering blood pressure
4,CovidArticles/Covid_article_for_PE_S&S&S.txt,100059,Covid_article_for_PE_S&S&S.txt,4b537e0ed21179a29ed28da28057d338e67330ae12123ccceba6724f35bd68a4,6794,496f1cfe-cc73-45fe-bc74-d23a8668713f,Covid_Probabilityv1.IAA,194b511c-af07-4763-8809-68290b45ddc6,tua_csv/2020/06/Adj_S_IAA_Covid_Probabilityv1-Task-2235-DataHunt.csv.gz,TRUE,0834fc96-8c79-403c-80a0-4956d15b406f,4f0647aa-1445-497d-9ac4-7041bbf950d6,Covid_Probability,5606d8e9,0,5606d8e9-7ace-405f-a87e-5ef9f7c2e8eb,"{""answer_text_list"": [""No, not at all"", ""No, not at all""]}",2,5995,6037,including possibly\xa0lowering blood pressure
2,CovidArticles/Covid_article_for_PE_S&S&S.txt,100059,Covid_article_for_PE_S&S&S.txt,4b537e0ed21179a29ed28da28057d338e67330ae12123ccceba6724f35bd68a4,6794,496f1cfe-cc73-45fe-bc74-d23a8668713f,Covid_Probabilityv1.IAA,a5ffc8dc-2dd1-4fd9-a29a-c4cd4bf62da9,tua_csv/2020/06/Adj_S_IAA_Covid_Probabilityv1-Task-2230-DataHunt.csv.gz,TRUE,d9e04b73-3735-4ca0-8b96-069964a226e5,07cc0f28-f8bb-4802-b238-ecfeab6bbd22,Covid_Probability,197d9ebe,0,197d9ebe-9a23-43a6-ab46-ff4f0aae75cf,"{""answer_text_list"": [""Yes, implicitly"", ""Yes, implicitly"", ""Yes, implicitly""]}",3,6478,6486,suggests
2,CovidArticles/Covid_article_for_PE_S&S&S.txt,100059,Covid_article_for_PE_S&S&S.txt,4b537e0ed21179a29ed28da28057d338e67330ae12123ccceba6724f35bd68a4,6794,777e3dd4-5d42-45ad-9529-86a7020cd924,Covid_Languagev1.1.IAA,fa81a5ae-1a67-477f-8a1f-505281164cff,tua_csv/2020/06/Adj_S_IAA_Covid_Languagev1.1-Task-2229-DataHunt.csv.gz,TRUE,8986cc06-74a4-4160-ad7e-b4296a9b293b,c86f577f-a20d-4825-a80c-5cce661309e7,Covid_Languagev1.1,0f6965ff,0,0f6965ff-df09-42c7-85d5-91a729e37e1f,"{""answer_text_list"": [""Slang"", ""Slang""]}",2,6678,6698,banging on this drum
6,CovidArticles/Covid_article_for_PE_S&S&S.txt,100059,Covid_article_for_PE_S&S&S.txt,4b537e0ed21179a29ed28da28057d338e67330ae12123ccceba6724f35bd68a4,6794,777e3dd4-5d42-45ad-9529-86a7020cd924,Covid_Languagev1.1.IAA,fa81a5ae-1a67-477f-8a1f-505281164cff,tua_csv/2020/06/Adj_S_IAA_Covid_Languagev1.1-Task-2229-DataHunt.csv.gz,TRUE,8986cc06-74a4-4160-ad7e-b4296a9b293b,9d007240-c932-4e4b-9183-640e27134f52,Covid_Languagev1.1,492f4aa4,0,492f4aa4-d54c-46b2-8bc7-1e9676b607e9,"{""answer_text_list"": [""Metaphorical Language""]}",1,6668,6714,I\u2019ve been banging on this drum for a long time
