Article ID,Credibility Indicator ID,Credibility Indicator Category,Credibility Indicator Name,Points,Indices of Label in Article,Start,End,target_text
4b537e0ed21179a29ed28da28057d338e67330ae12123ccceba6724f35bd68a4,E0,Evidence,Sample representativeness,-1.6,"range(1939, 2236)",1939,2236,nan
4b537e0ed21179a29ed28da28057d338e67330ae12123ccceba6724f35bd68a4,E1,Evidence,Alternative explanation,-0.8,N,-1,-1,nan
4b537e0ed21179a29ed28da28057d338e67330ae12123ccceba6724f35bd68a4,E2,Evidence,Statistical uncertainty,-0.4,"range(1953, 2403)",1953,2403,nan
4b537e0ed21179a29ed28da28057d338e67330ae12123ccceba6724f35bd68a4,E3,Evidence,Systematic uncertainty,-0.7567068133466861,"range(1953, 2403)",1953,2403,nan
4b537e0ed21179a29ed28da28057d338e67330ae12123ccceba6724f35bd68a4,E4,Evidence,Open to evidence,0.8,"range(2559, 2584)",2559,2584,can reduce the likelihood
4b537e0ed21179a29ed28da28057d338e67330ae12123ccceba6724f35bd68a4,E5,Evidence,Sample representativeness,-0.4,"range(1187, 1197)",1187,1197,nan
4b537e0ed21179a29ed28da28057d338e67330ae12123ccceba6724f35bd68a4,E5,Evidence,Sample representativeness,0,"range(1213, 1245)",1213,1245,nan
4b537e0ed21179a29ed28da28057d338e67330ae12123ccceba6724f35bd68a4,E5,Evidence,Sample representativeness,0,"range(1401, 1560)",1401,1560,nan
4b537e0ed21179a29ed28da28057d338e67330ae12123ccceba6724f35bd68a4,E5,Evidence,Sample representativeness,0,"range(1562, 1677)",1562,1677,nan
4b537e0ed21179a29ed28da28057d338e67330ae12123ccceba6724f35bd68a4,E5,Evidence,Sample representativeness,0,"range(1679, 1937)",1679,1937,nan
4b537e0ed21179a29ed28da28057d338e67330ae12123ccceba6724f35bd68a4,E6,Evidence,Control condition,-2.4000000000000004,"range(1187, 1197)",1187,1197,nan
4b537e0ed21179a29ed28da28057d338e67330ae12123ccceba6724f35bd68a4,E6,Evidence,Control condition,0,"range(1213, 1245)",1213,1245,nan
4b537e0ed21179a29ed28da28057d338e67330ae12123ccceba6724f35bd68a4,E6,Evidence,Control condition,0,"range(1562, 1677)",1562,1677,nan
4b537e0ed21179a29ed28da28057d338e67330ae12123ccceba6724f35bd68a4,E6,Evidence,Control condition,0,"range(1679, 1937)",1679,1937,nan
4b537e0ed21179a29ed28da28057d338e67330ae12123ccceba6724f35bd68a4,E7,Evidence,Alternative explanation,-0.8,N,-1,-1,nan
4b537e0ed21179a29ed28da28057d338e67330ae12123ccceba6724f35bd68a4,E8,Evidence,Statistical uncertainty,-0.4,"range(1679, 1937)",1679,1937,nan
4b537e0ed21179a29ed28da28057d338e67330ae12123ccceba6724f35bd68a4,E9,Evidence,Systematic uncertainty,-0.4,"range(1679, 1937)",1679,1937,nan
4b537e0ed21179a29ed28da28057d338e67330ae12123ccceba6724f35bd68a4,E10,Evidence,Open to evidence,0.8,"range(1023, 1106)",1023,1106,Research on the psychological toll of social distancing during epidemics is limited
4b537e0ed21179a29ed28da28057d338e67330ae12123ccceba6724f35bd68a4,E11,Evidence,Alternative explanation,-0.8,N,-1,-1,nan
4b537e0ed21179a29ed28da28057d338e67330ae12123ccceba6724f35bd68a4,E12,Evidence,Statistical uncertainty,-0.4,"range(1401, 1937)",1401,1937,nan
4b537e0ed21179a29ed28da28057d338e67330ae12123ccceba6724f35bd68a4,E13,Evidence,Systematic uncertainty,-0.4,"range(1401, 1937)",1401,1937,nan
4b537e0ed21179a29ed28da28057d338e67330ae12123ccceba6724f35bd68a4,E14,Evidence,Sample representativeness,-0.6390732894724714,"range(1939, 2235)",1939,2235,nan
4b537e0ed21179a29ed28da28057d338e67330ae12123ccceba6724f35bd68a4,E15,Evidence,Alternative explanation,-1.4178649698281405,[],-1,-1,nan
4b537e0ed21179a29ed28da28057d338e67330ae12123ccceba6724f35bd68a4,E16,Evidence,Statistical uncertainty,-0.7966412823139589,"range(2004, 2034)",2004,2034,nan
4b537e0ed21179a29ed28da28057d338e67330ae12123ccceba6724f35bd68a4,E16,Evidence,Statistical uncertainty,0,"range(2037, 2402)",2037,2402,nan
4b537e0ed21179a29ed28da28057d338e67330ae12123ccceba6724f35bd68a4,E17,Evidence,Sample representativeness,-1.1699250014423124,"range(4043, 4344)",4043,4344,nan
4b537e0ed21179a29ed28da28057d338e67330ae12123ccceba6724f35bd68a4,E17,Evidence,Sample representativeness,0,"range(4511, 5010)",4511,5010,nan
4b537e0ed21179a29ed28da28057d338e67330ae12123ccceba6724f35bd68a4,E18,Evidence,Control condition,-1.6959938131099002,"range(4043, 4344)",4043,4344,nan
4b537e0ed21179a29ed28da28057d338e67330ae12123ccceba6724f35bd68a4,E18,Evidence,Control condition,0,"range(4511, 5010)",4511,5010,nan
4b537e0ed21179a29ed28da28057d338e67330ae12123ccceba6724f35bd68a4,E19,Evidence,Alternative explanation,-1.0,[],-1,-1,nan
4b537e0ed21179a29ed28da28057d338e67330ae12123ccceba6724f35bd68a4,E20,Evidence,Statistical uncertainty,-0.43241296257179085,"range(3764, 3907)",3764,3907,nan
4b537e0ed21179a29ed28da28057d338e67330ae12123ccceba6724f35bd68a4,E20,Evidence,Statistical uncertainty,0,"range(4144, 4344)",4144,4344,nan
4b537e0ed21179a29ed28da28057d338e67330ae12123ccceba6724f35bd68a4,E20,Evidence,Statistical uncertainty,0,"range(4598, 5010)",4598,5010,nan
4b537e0ed21179a29ed28da28057d338e67330ae12123ccceba6724f35bd68a4,E21,Evidence,Systematic uncertainty,-0.43241296257179085,"range(3764, 3907)",3764,3907,nan
4b537e0ed21179a29ed28da28057d338e67330ae12123ccceba6724f35bd68a4,E21,Evidence,Systematic uncertainty,0,"range(4144, 4344)",4144,4344,nan
4b537e0ed21179a29ed28da28057d338e67330ae12123ccceba6724f35bd68a4,E21,Evidence,Systematic uncertainty,0,"range(4598, 5010)",4598,5010,nan
4b537e0ed21179a29ed28da28057d338e67330ae12123ccceba6724f35bd68a4,E22,Evidence,Sample representativeness,-2.0,"range(5954, 5974)",5954,5974,nan
4b537e0ed21179a29ed28da28057d338e67330ae12123ccceba6724f35bd68a4,E23,Evidence,Control condition,-3.0,"range(5954, 5974)",5954,5974,nan
4b537e0ed21179a29ed28da28057d338e67330ae12123ccceba6724f35bd68a4,E24,Evidence,Alternative explanation,-0.7853812700750918,[],-1,-1,nan
4b537e0ed21179a29ed28da28057d338e67330ae12123ccceba6724f35bd68a4,E25,Evidence,Sample representativeness,-0.9701209649713642,"range(1187, 1196)",1187,1196,nan
4b537e0ed21179a29ed28da28057d338e67330ae12123ccceba6724f35bd68a4,E25,Evidence,Sample representativeness,0,"range(1213, 1244)",1213,1244,nan
4b537e0ed21179a29ed28da28057d338e67330ae12123ccceba6724f35bd68a4,E25,Evidence,Sample representativeness,0,"range(1401, 1559)",1401,1559,nan
4b537e0ed21179a29ed28da28057d338e67330ae12123ccceba6724f35bd68a4,E25,Evidence,Sample representativeness,0,"range(1562, 1676)",1562,1676,nan
4b537e0ed21179a29ed28da28057d338e67330ae12123ccceba6724f35bd68a4,E25,Evidence,Sample representativeness,0,"range(1679, 1936)",1679,1936,nan
4b537e0ed21179a29ed28da28057d338e67330ae12123ccceba6724f35bd68a4,E26,Evidence,Control condition,-0.304141708717795,"range(1187, 1196)",1187,1196,versus non-quarantined individual//break//12 percent of non-quarantined individual//break//
4b537e0ed21179a29ed28da28057d338e67330ae12123ccceba6724f35bd68a4,E26,Evidence,Control condition,0,"range(1213, 1244)",1213,1244,versus non-quarantined individual//break//12 percent of non-quarantined individual//break//
4b537e0ed21179a29ed28da28057d338e67330ae12123ccceba6724f35bd68a4,E26,Evidence,Control condition,0,"range(1562, 1676)",1562,1676,versus non-quarantined individual//break//12 percent of non-quarantined individual//break//
4b537e0ed21179a29ed28da28057d338e67330ae12123ccceba6724f35bd68a4,E26,Evidence,Control condition,0,"range(1679, 1936)",1679,1936,versus non-quarantined individual//break//12 percent of non-quarantined individual//break//
4b537e0ed21179a29ed28da28057d338e67330ae12123ccceba6724f35bd68a4,E27,Evidence,Randomized Assignment,-0.5882352941176471,"range(1607, 1640)",1607,1640,nan
4b537e0ed21179a29ed28da28057d338e67330ae12123ccceba6724f35bd68a4,E27,Evidence,Randomized Assignment,0,"range(1896, 1936)",1896,1936,nan
4b537e0ed21179a29ed28da28057d338e67330ae12123ccceba6724f35bd68a4,E28,Evidence,Alternative explanation,-1.4952156567679435,[],-1,-1,nan
4b537e0ed21179a29ed28da28057d338e67330ae12123ccceba6724f35bd68a4,E29,Evidence,Statistical uncertainty,-0.6762216719487011,"range(1679, 1936)",1679,1936,nan
4b537e0ed21179a29ed28da28057d338e67330ae12123ccceba6724f35bd68a4,E30,Evidence,Systematic uncertainty,-0.7040806623348013,"range(1679, 1936)",1679,1936,nan
4b537e0ed21179a29ed28da28057d338e67330ae12123ccceba6724f35bd68a4,E31,Evidence,Alternative explanation,-1.090710320140071,[],-1,-1,nan
4b537e0ed21179a29ed28da28057d338e67330ae12123ccceba6724f35bd68a4,H0,Holistic,Minor Bias,-0.8,N,-1,-1,nan
4b537e0ed21179a29ed28da28057d338e67330ae12123ccceba6724f35bd68a4,L0,Language,Denigration,-0.25,"range(380, 387)",380,387,nan
4b537e0ed21179a29ed28da28057d338e67330ae12123ccceba6724f35bd68a4,L0,Language,Denigration,0,"range(6678, 6698)",6678,6698,nan
4b537e0ed21179a29ed28da28057d338e67330ae12123ccceba6724f35bd68a4,L1,Language,Metaphor unhelpful,-0.713213089364642,"range(6668, 6713)",6668,6713,nan
4b537e0ed21179a29ed28da28057d338e67330ae12123ccceba6724f35bd68a4,L2,Language,Well-balanced,0.5424812503605779,[],-1,-1,nan
4b537e0ed21179a29ed28da28057d338e67330ae12123ccceba6724f35bd68a4,P0,Probability,Doesn’t acknowledge uncertainty,-1.2298643266317522,N,-1,-1,nan
4b537e0ed21179a29ed28da28057d338e67330ae12123ccceba6724f35bd68a4,P1,Probability,Numeric context,-1.0,"range(4819, 4829)",4819,4829,26 percent
4b537e0ed21179a29ed28da28057d338e67330ae12123ccceba6724f35bd68a4,P1,Probability,Numeric context,0,"range(4881, 4891)",4881,4891,26 percent
4b537e0ed21179a29ed28da28057d338e67330ae12123ccceba6724f35bd68a4,P1,Probability,Numeric context,0,"range(4962, 4972)",4962,4972,26 percent
4b537e0ed21179a29ed28da28057d338e67330ae12123ccceba6724f35bd68a4,P2,Probability,Acknowledges uncertainty,0.353759374819711,"range(5960, 5975)",5960,5975,studies suggest
4b537e0ed21179a29ed28da28057d338e67330ae12123ccceba6724f35bd68a4,P3,Probability,Acknowledges uncertainty,0.353759374819711,"range(2875, 2902)",2875,2902,research elsewhere suggests
4b537e0ed21179a29ed28da28057d338e67330ae12123ccceba6724f35bd68a4,P4,Probability,Acknowledges uncertainty,0.8,"range(2238, 2272)",2238,2272,Certain factors increased the risk
4b537e0ed21179a29ed28da28057d338e67330ae12123ccceba6724f35bd68a4,P5,Probability,Acknowledges uncertainty,0.353759374819711,"range(5401, 5406)",5401,5406,could
4b537e0ed21179a29ed28da28057d338e67330ae12123ccceba6724f35bd68a4,P6,Probability,Acknowledges uncertainty,0.353759374819711,"range(343, 348)",343,348,could
4b537e0ed21179a29ed28da28057d338e67330ae12123ccceba6724f35bd68a4,P7,Probability,Acknowledges uncertainty,0.20751874963942196,"range(2238, 2271)",2238,2271,Certain factors increased the ris//break//Mitigating those risks can reduce the likelihoo//break//it need not cause serious mental health difficultie//break//
4b537e0ed21179a29ed28da28057d338e67330ae12123ccceba6724f35bd68a4,P7,Probability,Acknowledges uncertainty,0,"range(2536, 2583)",2536,2583,Certain factors increased the ris//break//Mitigating those risks can reduce the likelihoo//break//it need not cause serious mental health difficultie//break//
4b537e0ed21179a29ed28da28057d338e67330ae12123ccceba6724f35bd68a4,P7,Probability,Acknowledges uncertainty,0,"range(2740, 2791)",2740,2791,Certain factors increased the ris//break//Mitigating those risks can reduce the likelihoo//break//it need not cause serious mental health difficultie//break//
,,,,,,,,
